"","gene_id","GeneName","logFC","logCPM","F","PValue","FDR"
"1","unassigned_transcript_1064","trnav-cac",-3.81105836507699,1.15768266921901,32.636119385836,9.16082470291585e-05,0.000580764531932831
"21","unassigned_transcript_151","LOC128607266",-3.42032701475536,3.31397666536132,98.0534128627849,2.18062605757697e-06,5.15833724189727e-05
"23","unassigned_transcript_22","trnar-ccg",-2.98570642303351,1.16156338315077,16.9503960692062,0.00182844681912138,0.00547519369366202
"62","XM_053610136.1","tacr1a",-2.53350286935345,2.7834583066184,40.0965946256076,9.66300832490107e-05,0.00060372357685642
"64","XM_053610140.1","notch1b",-1.593119570691,8.90694585396143,28.5890151277806,0.00035127719117455,0.00153398305118252
"78","XM_053610169.1","LOC128598938",-2.92463927043883,4.3104430185559,66.1876593710296,1.17523241102342e-05,0.000145646128562389
"120","XM_053610337.1","LOC128599018",-3.79093004621174,1.39052534660584,20.8692198552206,0.000718640606024894,0.00264334336067507
"141","XM_053610408.1","LOC128599050",-3.98400879268159,2.9646442687902,78.9934961047804,5.41614230760755e-06,8.94663374194172e-05
"146","XM_053610417.1","LOC128599058",-2.61047386924214,4.36353568451509,38.2612518292883,0.000114192011345175,0.000682874133600184
"152","XM_053610439.1","nsmfb",-2.93069392240639,3.24137778922708,40.6339287368927,9.12737190649899e-05,0.000579654360229132
"164","XM_053610465.1","LOC128599082",-2.12963160312483,2.34470180081498,18.6321989503047,0.00162598680586074,0.00498890720494194
"166","XM_053610470.1","ntn1b",-1.89209534870284,2.91562552726567,23.1999849296447,0.000756620941361102,0.00274628794865212
"178","XM_053610503.1","ch25hl3",-2.55580687494935,5.23099062770924,73.9516372496339,7.24159334981398e-06,0.000106958862360209
"180","XM_053610505.1","LOC128599110",-2.34628794988438,1.75733491430764,23.745377633969,0.000701962126679578,0.00259378290497352
"181","XM_053610507.1","npffr2a",-1.93007636242065,4.49460282144851,27.0114590613509,0.000434082408443342,0.00179487254862856
"198","XM_053610569.1","cacna1ba",-3.84772483928379,2.65566447006811,60.334335790197,1.66484295540908e-05,0.000185481608824241
"199","XM_053610570.1","LOC128599145",-2.80301178793624,2.46362569182173,27.7954778917614,0.000399892121836493,0.00168931463159946
"223","XM_053610648.1","npdc1b",-2.12192014030135,3.8419223066671,39.9716441115973,9.59481243909416e-05,0.000600389732369757
"240","XM_053610687.1","prlrb",-2.53968678231581,2.17687222052979,33.4336898296405,0.000199044610788353,0.00101372531684383
"241","XM_053610692.1","LOC128599208",-1.81317833298921,2.80479814283053,31.082056826165,0.000257855018382555,0.0012237034756336
"265","XM_053610751.1","nfil3-2",-1.74202263037117,7.38349966556965,29.7743439800198,0.000301511486651757,0.00137566740302104
"279","XM_053610775.1","lrp13",-1.72756120571826,3.53070415103735,18.4469632257622,0.00166038909750382,0.00507522256616159
"288","XM_053610797.1","LOC128599283",-2.71741928436657,0.781722544977155,24.4860760716801,0.000438108508208502,0.00180598434705353
"290","XM_053610804.1","LOC128599288",-2.71147945521637,1.96928803881214,17.8752821955525,0.00185152492370223,0.00552895876496803
"302","XM_053610824.1","whrnb",-2.04384348117105,2.38964508416297,23.5699105186822,0.000722141461382113,0.00265380839429141
"303","XM_053610826.1","LOC128599312",-1.93622838101867,1.78600518898078,19.0399824915532,0.00151916792644247,0.00473226078970147
"312","XM_053610844.1","ak5l",-2.20068285033346,2.88047069837086,23.2508309126847,0.000753055734383165,0.00273758505012232
"319","XM_053610857.1","sema4c",-1.65228615292136,3.74965516758338,22.1869290515476,0.000882621006213454,0.00309328184641338
"331","XM_053610890.1","scarf2",-1.91084452851641,6.69825148504307,77.0231677275156,6.05659437332348e-06,9.59178893700186e-05
"342","XM_053610917.1","gli3",-2.10912479168452,6.4077898294036,75.9891209193785,6.42637959041249e-06,9.99449066202815e-05
"344","XM_053610927.1","LOC128599390",-2.25383137478567,3.98310748297613,75.5841458539282,6.59747229366051e-06,0.000101232115156186
"346","XM_053610929.1","LOC128599393",-2.72671316890219,2.50866262402911,58.1374938339319,2.12542034634889e-05,0.000218037418039898
"354","XM_053610941.1","LOC128599404",-2.3732313053144,2.6221724226115,23.2099701663917,0.000763034896061402,0.00276461247081966
"367","XM_053610959.1","LOC128599422",-1.6419967149089,2.87978948601404,25.4870695414482,0.000539014537809279,0.0021096632828957
"371","XM_053610966.1","elovl2",-1.90701808047814,1.50535766463212,15.8848940259208,0.00272854318538961,0.00756848133740353
"389","XM_053611000.1","ccr9b",-2.49616945940847,4.33170712830723,60.434720629121,1.73253643322456e-05,0.000190791154973055
"396","XM_053611029.1","LOC128599463",-2.18935640377487,2.46657414967356,26.2746942352133,0.000488417384115666,0.00195608624791301
"410","XM_053611097.1","si:ch211-269k10.4",-1.75055185042516,3.92986192128617,26.0778454994523,0.000494239578605185,0.00197455467477978
"411","XM_053611098.1","si:ch211-269k10.4",-2.70352086894341,2.10995784461422,29.368974576084,0.000323659297655774,0.00144654795981548
"415","XM_053611108.1","pcyt1ba",-2.35360285316149,3.91032965207599,57.5862670761236,2.12938723744119e-05,0.000218041905138566
"422","XM_053611138.1","ncoa2",-2.45471090034353,0.916548900528155,21.2576966959504,0.000871801268742266,0.00306664905223811
"433","XM_053611162.1","sv2a",-1.94435591571082,3.13691308492268,28.115237515605,0.000375423310164686,0.00161117511796022
"434","XM_053611167.1","paqr6",-1.76285597564457,1.77143845267679,14.8497294490276,0.00337892296379234,0.00903203516147133
"437","XM_053611171.1","nr2f5",-1.84110737617962,3.72100365622541,39.7325238684402,9.82596096479303e-05,0.00061143345853839
"451","XM_053611241.1","ldlra",-1.879731795431,3.92150444545201,29.190275766842,0.0003252833298806,0.00144892353883187
"458","XM_053611267.1","cebpd",-1.79847477452326,8.13289568287609,23.8971828305188,0.000677520956526632,0.00252305250615439
"462","XM_053611280.1","tnfsf10",-1.78161010024904,5.48156755603451,27.6969580322331,0.000395435578781683,0.00167503877511405
"466","XM_053611294.1","LOC128599567",-1.96445856923538,3.89442417128263,35.0805148542012,0.000160753896881676,0.000868586142430096
"468","XM_053611306.1","vill",-2.07631096688738,3.04555539943851,31.14689673347,0.000255676506263828,0.00121803745832809
"470","XM_053611309.1","abcb4",-1.83012785756009,6.55234542348127,111.111694765112,1.18276988726824e-06,3.4436472904853e-05
"472","XM_053611318.1","LOC128599577",-2.36370879758639,1.11159954123437,14.5372175837529,0.00336539083964965,0.00900180880902983
"488","XM_053611356.1","steap4",-2.23285803149215,5.60899580606278,109.824535761446,1.24723577236477e-06,3.54214959351595e-05
"499","XM_053611387.1","LOC128599611",-3.17312635884619,1.85996739558077,47.8391661632349,4.14434170408783e-05,0.000340378505863895
"514","XM_053611426.1","LOC128599629",-2.9346243761706,2.05939726808673,42.6355049266217,7.38116462883755e-05,0.000500151917168783
"517","XM_053611435.1","syngap1b",-2.75480051590639,4.5155151070152,75.2113999112051,6.73852736486401e-06,0.000102327471562202
"520","XM_053611447.1","pigm",-2.35779333247048,0.979995415816092,16.4640812688524,0.00219890922323948,0.00635868926505908
"521","XM_053611456.1","ofcc1",-2.20214424839153,1.21791258222921,18.9632147601148,0.0014673402690783,0.00460807680140237
"522","XM_053611462.1","myripb",-1.82797744229828,3.94078270966589,43.984557271673,6.51551850498923e-05,0.000459979125855934
"526","XM_053611484.1","zdhhc23b",-1.98054084479663,1.69123425595777,18.0822603171682,0.00180111574706936,0.00541337944923112
"544","XM_053611562.1","map3k22",-2.00160202683665,2.05165409939652,22.4030601922688,0.000868969232804383,0.00305868100470479
"546","XM_053611579.1","myom3",-1.8942401298455,4.30779405140401,44.0673428581846,6.46242093825341e-05,0.00045718585595167
"571","XM_053611645.1","xkr9",-1.93858480210954,3.37359705241729,22.4731507330404,0.000844737319529278,0.0029857222114716
"605","XM_053611745.1","zbtb47b",-1.91842022966949,6.41293311832995,80.1548380880572,5.08422248996948e-06,8.56631947957689e-05
"610","XM_053611762.1","fam110d",-1.99711215780375,3.85911570344587,37.2713536678044,0.00012670441518751,0.000734105609540234
"622","XM_053611790.1","crispld1a",-3.49630971758359,2.43956604872222,21.9739546606635,0.000903709454562127,0.00315172548825349
"639","XM_053611824.1","LOC128599833",-5.01398745582711,2.18037976736316,52.9256642197081,8.95764472507083e-06,0.000122368230218942
"671","XM_053611921.1","LOC128599890",-3.60056212595443,2.62512403289782,64.0185917411748,1.35022045276154e-05,0.000160362206084401
"672","XM_053611924.1","si:ch211-225p5.8",-3.25474137431858,2.41792657763557,59.3780107479935,1.8899687959015e-05,0.000202883387719188
"681","XM_053611970.1","phf1",-2.3575828068451,4.13600175917801,40.4305826852465,9.16279104618514e-05,0.000580764531932831
"682","XM_053611977.1","slc51a",-2.6948825307079,2.99256853502423,48.3008189737057,4.53008601430861e-05,0.000360713391045882
"685","XM_053611982.1","LOC128599921",-2.45323834811262,1.30036877942129,18.742662248305,0.00149868220306226,0.00468388619571705
"687","XM_053611985.1","LOC128599925",-4.02095670344862,3.16483644777646,64.8987077096631,1.30594404483557e-05,0.000156718189389056
"700","XM_053612015.1","ptchd1",-3.51189302357693,2.72179665361666,47.5673406409828,4.82004179769436e-05,0.000375813739079457
"701","XM_053612017.1","iglon5",-2.03803782992667,2.2281694926961,16.9773422600434,0.00220747958705443,0.00637208979230335
"708","XM_053612032.1","foxd7",-2.19929052006842,1.57419440915668,26.8420901610876,0.000448005049013784,0.00183975284967913
"709","XM_053612041.1","chrnd",-2.53340850476484,4.14190700279534,71.2872456746103,8.51737700458824e-06,0.000117956336828244
"710","XM_053612042.1","camk2n2",-2.71749559158005,3.12101504250719,30.7467705719707,0.000270495769596034,0.00126635599286838
"712","XM_053612045.1","mcm5",-1.68896755678839,6.04343910996674,37.0057470849337,0.000130119736025154,0.000749600813799003
"713","XM_053612049.1","drd3",-2.55616264812618,1.76342816321411,28.2200899944178,0.000368896789554631,0.001589716450952
"715","XM_053612059.1","LOC128599977",-3.13449417801205,2.46280837962325,45.8896280202263,5.61670812187009e-05,0.000415174753775494
"717","XM_053612064.1","arxa",-1.99882839475914,2.5467824614479,18.2648714263449,0.0017288837102291,0.00523810022481541
"723","XM_053612079.1","LOC128599995",-3.14960484514885,4.15822304308919,119.069254036523,8.72368032243686e-07,2.81277843711984e-05
"731","XM_053612106.1","LOC128600003",-2.22517420592302,4.46683212579946,79.0012498768271,5.42722654718728e-06,8.94663374194172e-05
"751","XM_053612150.1","tnk2a",-3.00183221131684,3.13193508388946,53.9411353511084,2.87641026423039e-05,0.000266378873227934
"756","XM_053612160.1","map3k15",-2.22214781436135,5.22692936927415,69.1163897533597,9.71455489592639e-06,0.000128165619115938
"762","XM_053612207.1","LOC128600055",-4.34779489415302,1.27162808413103,31.1078081704233,8.892371564296e-05,0.000569646659607533
"767","XM_053612234.1","tmprss7",-4.8088633755614,0.548115520797308,32.0707776912458,0.000162775338236384,0.000876874268010179
"771","XM_053612255.1","foxk1",-1.6897963321415,7.27360812315998,68.5268113894818,1.0075895377561e-05,0.000131311356428867
"772","XM_053612257.1","arhgap44a",-2.97770577832842,4.69392988418645,77.0542930036008,6.06152710807568e-06,9.59178893700186e-05
"774","XM_053612268.1","notch3",-2.12946360280086,7.42712372908349,57.204561130309,2.1832489895441e-05,0.000222279463161886
"776","XM_053612283.1","LOC128600099",-4.14146256278369,3.19112751359499,111.078671354259,1.20631320846838e-06,3.47867859653875e-05
"777","XM_053612285.1","cpne4b",-2.52451040954033,2.60837547599453,33.8510429779773,0.000188848297567116,0.00097576643505154
"794","XM_053612323.1","lfng",-1.9415218881382,5.16044942679918,50.4773679593095,3.69226468636057e-05,0.000318435699215796
"803","XM_053612342.1","rbm24a",-1.92281209697211,1.87504740650042,14.3578247212408,0.00374628110009524,0.00985594844354457
"833","XM_053612459.1","cdk6",-2.58756196297686,7.18805831645914,67.7405538230285,1.05925120462015e-05,0.000135659384130337
"834","XM_053612468.1","LOC128600187",-3.56612126858815,1.22129206762657,30.0434555743351,0.000163587326509433,0.000879492408347628
"851","XM_053612527.1","ahdc1",-3.16585567218067,1.85827294229636,30.4302536555977,0.000257421738888211,0.00122239457586458
"853","XM_053612534.1","LOC128600216",-2.99432615762987,1.16325083097562,25.1439134318644,0.000434549453647531,0.00179588627920506
"854","XM_053612535.1","LOC128600217",-2.83387485231666,1.33933773532613,37.7599042872152,9.95857427400496e-05,0.000616951398192087
"855","XM_053612545.1","rcvrna",-1.90353304887208,2.64650294821621,27.7777264384641,0.000394757738087502,0.00167373972345743
"865","XM_053612573.1","LOC128600242",-2.38073107840355,5.09390127108969,50.4428769977696,3.70376511794443e-05,0.000318778220301058
"866","XM_053612574.1","hs3st4",-2.08723813901355,5.2414779886772,15.5462107172607,0.00288745503845583,0.00794393646541858
"867","XM_053612575.1","unkl",-1.94524677221661,2.65947878935084,15.4917071345676,0.00293567181383992,0.00805332237289283
"870","XM_053612586.1","hpca",-3.2886691912936,0.99528326496825,20.60544226919,0.000755588505922944,0.0027443272905274
"874","XM_053612596.1","tshz1",-2.08780799600891,6.39720978239572,78.4707087905659,5.58195979889916e-06,9.1089481073165e-05
"897","XM_053612642.1","zc3h7a",-1.62826172950299,7.66305586923108,89.8976496849551,3.06024294560039e-06,6.29848845389987e-05
"926","XM_053612707.1","LOC128600327",-2.47503204503661,0.783957985083623,25.2050479959409,0.000431988296705144,0.00178804053875297
"930","XM_053612714.1","p3h4",-1.88442446380896,4.49892303464925,45.9673906005975,5.43731715929063e-05,0.000407308145185547
"931","XM_053612716.1","si:ch211-264f5.2",-3.34909307305536,1.88790700685085,33.4294858803291,0.000171833129779744,0.000909923030708045
"940","XM_053612751.1","col1a2",-2.09833174474259,9.44058923388338,18.0540794861616,0.0017812794049517,0.0053667133830929
"944","XM_053612758.1","LOC128600355",-2.67105135443409,3.35472966880556,49.8844874329893,3.92276187321603e-05,0.000331113230445435
"952","XM_053612796.1","nptx2a",-3.09356015640205,0.615989062650465,23.7902823294143,0.00036507362972012,0.00157889711939869
"955","XM_053612813.1","myo15aa",-2.72024743445425,0.787769687147813,14.4051651977773,0.00297354184557191,0.00813240334450382
"956","XM_053612814.1","elfn1a",-2.63082718193578,2.12498494567912,36.5238337968621,0.000140692064942083,0.000792181964272154
"957","XM_053612815.1","pkhd1l1.1",-1.77429091457943,1.82830902444703,19.6820039510585,0.00135813680251571,0.00433636108868789
"960","XM_053612835.1","LOC128600387",-2.30026323746588,7.00538305126268,127.695910497592,6.28297648242237e-07,2.30110459948989e-05
"971","XM_053612864.1","LOC128600403",-2.10795466525906,1.5056236407341,17.2709150071643,0.00207325798638256,0.00606467298221195
"975","XM_053612877.1","pvalb4",-2.71609379996,0.785657299011134,16.5074511789066,0.00187953867051102,0.00560119248540705
"977","XM_053612890.1","LOC128600414",-2.44476487092422,2.34156344005427,34.6798817123908,0.000172716947841151,0.000912850104216887
"982","XM_053612906.1","ldlrad4a",-1.67094384672254,6.67866257808149,67.0714451835258,1.10565343881649e-05,0.000139830608340323
"987","XM_053612919.1","slc27a1a",-1.69549134697273,3.90212152213744,46.5370293459123,5.17272039686454e-05,0.000393080706462199
"993","XM_053612951.1","micall2a",-1.79041552649583,3.44552890421054,36.6898319634089,0.000134924818883012,0.000768459633232511
"1012","XM_053612993.1","pde1ca",-3.22299687179288,1.66160802963128,14.4055873894428,0.00338219361443315,0.00903928516269503
"1022","XM_053613031.1","pitpnc1a",-4.63216197409093,5.3733886242779,91.3918956147807,2.87423232530528e-06,6.06200113890607e-05
"1030","XM_053613045.1","angpt2b",-3.3864183350846,2.82822577164049,37.3460618833784,0.000129152653781591,0.000745090220747111
"1031","XM_053613046.1","edn1",-3.55765771139072,1.6090205390045,39.6533384245335,6.75844988916578e-05,0.000470360218425691
"1036","XM_053613058.1","gabbr2",-2.17084605440766,2.23023817718095,25.2079993818114,0.000570440033668076,0.00220493869747345
"1056","XM_053613101.1","baiap3",-3.49843036166841,2.34816586923376,50.7069588576512,3.47837089468642e-05,0.000305821639012219
"1058","XM_053613109.1","tubb4bl",-2.04337178116989,3.92775010679636,31.0307122183803,0.000258123698260878,0.00122429136461972
"1063","XM_053613120.1","shisa9b",-2.52955213000394,3.50465101048014,72.5776379646159,7.92475340643377e-06,0.000113394744079893
"1077","XM_053613169.1","nr1d1",-1.69054502146874,5.82760264290549,91.5526972450104,2.82221220799916e-06,6.00341277570175e-05
"1085","XM_053613192.1","si:ch211-191i18.2",-1.73084236713582,6.06479807655639,32.9188865041068,0.000205504675750879,0.00103658869143634
"1086","XM_053613193.1","si:ch211-191i18.2",-1.82770250123866,4.85614833785956,27.1262882311864,0.000427231896717779,0.00177561744391975
"1094","XM_053613218.1","LOC128600614",-2.84951278444983,4.866946855652,80.0539056493362,5.12161310523739e-06,8.57380278672005e-05
"1096","XM_053613220.1","tril",-2.8323752382748,2.29196248083748,33.9607924061832,0.000186720276447912,0.000967240907244417
"1101","XM_053613231.1","stmn2b",-2.74444574418398,4.36032926870125,60.5600534992624,1.71828363696827e-05,0.0001896965651783
"1137","XM_053613334.1","mturn",-2.545043787188,4.46317470100013,67.7241829120759,1.06247195254337e-05,0.000135748192326536
"1141","XM_053613341.1","tmem170b",-2.07619916537052,3.7974052361906,43.6301799581206,6.73880664586439e-05,0.000469583766235087
"1142","XM_053613342.1","hs3st2",-3.1774653146981,1.30627580005979,25.5204827808192,0.000409835381722125,0.001721628450057
"1143","XM_053613343.1","plekho1a",-2.11034880239389,3.14747784206746,37.5575009336734,0.00012347689621258,0.000720304142662788
"1150","XM_053613360.1","hoxb4a",-2.46558131348593,3.02746608592553,28.6766335221554,0.000350921363165431,0.00153340978042793
"1151","XM_053613364.1","LOC128600703",-2.90100127329778,0.913266270124638,33.8756644075843,0.000115990621367966,0.000688795370031044
"1161","XM_053613387.1","LOC128600721",-2.24494830771016,3.00116571109597,44.43046165028,6.3134111398822e-05,0.000449434914390559
"1175","XM_053613426.1","si:ch211-57n23.4",-2.46795662567438,2.12055112222848,14.7029086413549,0.00348216779102242,0.00926517623291765
"1180","XM_053613435.1","LOC128600750",-3.08513734127854,0.845932547829207,18.3600579089227,0.00116921341933452,0.00383530432263165
"1181","XM_053613436.1","sall3b",-3.38995756849282,2.89394466701178,51.997259397113,3.3884175727817e-05,0.000300833892735333
"1187","XM_053613457.1","lrrc3b",-3.12690675450945,1.92835218433149,39.2953097779861,9.66079094790757e-05,0.00060372357685642
"1188","XM_053613462.1","dclk3",-2.8154877162852,2.79184531156399,55.1018248319264,2.64844426120008e-05,0.000253686483433769
"1192","XM_053613470.1","LOC128600771",-2.49901089514028,1.09113622276343,24.7431943825003,0.000524403716030311,0.00206495922040834
"1194","XM_053613472.1","LOC128600772",-3.18062771801081,1.12655932895729,19.2174019502179,0.00109323027985436,0.00364578146982668
"1195","XM_053613473.1","LOC128600773",-2.74119955436772,1.61821482118633,21.1527965936285,0.00100545029810793,0.00342851783034634
"1197","XM_053613475.1","LOC128600775",-3.18839625599592,1.31245365941512,31.9314353366154,0.000167828768970349,0.000895298286580005
"1198","XM_053613476.1","LOC128600776",-3.2120444498531,1.15048686439034,23.9796775558775,0.000474622959591984,0.00191505395560195
"1199","XM_053613479.1","LOC128600782",-2.89072787382465,1.38757624875282,19.1909417604739,0.00130872006791231,0.00420260346270104
"1200","XM_053613480.1","LOC128600783",-4.54374678203684,1.43068006029139,29.4552453935891,0.000114881633880675,0.000684264361096059
"1203","XM_053613485.1","LOC128600787",-3.64778946077944,2.48133767450513,41.8141050698122,7.71475207388958e-05,0.000515207947904804
"1205","XM_053613487.1","LOC128600789",-2.47118677146552,1.07179097648443,15.1604556837768,0.00287820141789016,0.007926053130001
"1210","XM_053613498.1","lmx1al",-2.3344879424872,5.46553429239397,69.4178734013415,9.53191236938799e-06,0.000126843939656706
"1213","XM_053613509.1","elmo1",-1.70222640238062,2.91039733551941,14.6275210165829,0.00349903711820792,0.00930088881273395
"1221","XM_053613518.1","samd12",-2.2146188732197,4.35247550968557,67.7957772697863,1.0572443836017e-05,0.000135659384130337
"1222","XM_053613520.1","fam83ga",-2.90847044374981,2.55004315411587,31.6909211430281,0.000244406706701838,0.00117611645900397
"1227","XM_053613529.1","LOC128600826",-2.53809925939775,4.20973154445323,84.3191193048219,4.07903847139215e-06,7.43597688906488e-05
"1228","XM_053613530.1","LOC128600827",-3.4141841282117,3.6032374242184,78.7431962459071,5.66452646100046e-06,9.20720527885391e-05
"1232","XM_053613536.1","znf516",-3.4203410786044,5.35291945546284,81.5177495108281,4.72882979054342e-06,8.17458821567116e-05
"1238","XM_053613557.1","stx1b",-2.24319845511105,3.27592833186075,42.1690809465552,7.76924953306874e-05,0.000517779380161864
"1255","XM_053613608.1","snx17",-1.74102695041764,7.05851401258999,91.5604585017128,2.82076020898691e-06,6.00341277570175e-05
"1257","XM_053613623.1","fzd3a",-1.84613168492643,4.39082937452247,35.723460679114,0.00014959517661021,0.000827065136258908
"1264","XM_053613652.1","LOC128600893",-2.72255330449407,1.89868522364012,26.3814438372401,0.000473553545660192,0.00191169196936339
"1287","XM_053613728.1","vrtn",-3.65096263939969,4.53612722021937,161.094977061948,2.18387871633042e-07,1.24832157201874e-05
"1289","XM_053613730.1","gpr176",-2.88790789265777,2.40356596666554,42.8063060631986,7.50203713028795e-05,0.000505241011031629
"1302","XM_053613757.1","fut8b",-3.35119884827094,3.04017471289115,60.8695449839018,1.74968853909375e-05,0.000192026834378642
"1313","XM_053613783.1","nupr1b",-2.24876150441737,5.68452333499624,24.4102640000441,0.000627843165681254,0.00237640109685301
"1318","XM_053613791.1","henmt1",-1.98410777049225,4.56123689293577,80.3741444277364,5.02890361875275e-06,8.51724313757461e-05
"1323","XM_053613805.1","nfatc2ip",-2.01861077443642,3.52135764680557,33.7538357597455,0.000187004272725489,0.000968189271357178
"1332","XM_053613836.1","ptgs2b",-4.09907870886409,1.65158177396117,34.5968188113866,8.83986193409481e-05,0.000567327552587132
"1333","XM_053613837.1","pdcb",-1.9435071639822,1.21904068658739,17.0369001679402,0.00214219931238978,0.00623367292269742
"1352","XM_053613894.1","serpina10a",-1.77208305275982,4.46787524744422,37.9313546926078,0.000118063339396907,0.000697267179189028
"1356","XM_053613902.1","LOC128601030",-2.97758219395006,2.2659065298176,20.3177431780208,0.0012097846413173,0.00394044140314777
"1358","XM_053613904.1","meis2b",-4.05209329366165,1.03187439453799,35.0469454215925,5.03792039928235e-05,0.000387797695784986
"1365","XM_053613924.1","klf11a",-3.24799063533985,8.68301817213517,47.6174720539863,4.69936620557974e-05,0.000369646939435981
"1366","XM_053613929.1","dab1a",-2.46037674238859,5.415096829048,55.3312951381688,2.51400169155628e-05,0.000243984768482692
"1367","XM_053613931.1","asphd1",-3.22459977009521,2.22050697536299,39.2024451700465,0.000102045723718927,0.000629301400214091
"1369","XM_053613936.1","kif26aa",-4.40803957765429,5.72818192010078,223.260892440426,4.73326096395638e-08,6.57565059922325e-06
"1402","XM_053614016.1","si:dkeyp-51f12.2",-1.89093108471904,4.47731126671449,49.4792324234742,4.01367872791057e-05,0.000334397484546661
"1433","XM_053614139.1","tmem121ab",-3.96546410531931,1.2851282100057,34.0458472397908,7.55003453551493e-05,0.000506716248179584
"1443","XM_053614163.1","sox11b",-1.87222667775231,1.34179589596743,17.0027871933348,0.0021823884938186,0.00632220918717528
"1453","XM_053614181.1","ptger2b",-2.79342849990946,3.47682694090235,74.6711511161727,7.03855151152726e-06,0.000105207822593355
"1455","XM_053614195.1","LOC128601194",-2.09590862338178,3.12524294083821,42.650369694469,7.4240121026901e-05,0.000501585592313637
"1456","XM_053614196.1","kcnk10a",-2.63905071013928,1.54738003537827,23.107035917399,0.000735958277846627,0.00268856037547844
"1463","XM_053614212.1","kcnn3",-1.82686120147805,5.81621018658075,52.7253277032368,3.07775755825718e-05,0.000280945151194521
"1485","XM_053614256.1","foxq1b",-2.97058876878262,1.14651105541759,21.6620094061364,0.000763089435595887,0.00276461247081966
"1515","XM_053614352.1","LOC128601282",-2.67136836464304,2.28347665587359,39.5407959034794,0.00010322207779503,0.000633804880009904
"1519","XM_053614375.1","pdgfra",-2.16593790117991,1.46715363417285,17.7568266507291,0.00188303286834041,0.00560856229488399
"1538","XM_053614449.1","clvs2",-2.10257785500743,2.98382569512277,17.2495495375625,0.00207774204558958,0.00607559397290537
"1548","XM_053614475.1","fermt1",-2.8476620300347,4.60522635900701,124.158470591851,7.1656301715599e-07,2.46278601310428e-05
"1578","XM_053614575.1","syngr1a",-1.79757685578517,2.24206449200098,15.3138207318595,0.00305494769410865,0.00831290860182063
"1580","XM_053614588.1","cracd",-2.36293142847218,3.24312063230319,31.8376636617767,0.000235199039716613,0.00114251504960247
"1585","XM_053614595.1","LOC128601405",-1.68630165211765,3.44292692337153,17.6161079631099,0.00193377086773398,0.0057322620045555
"1594","XM_053614615.1","cnih3",-3.38025879269939,1.77205829025689,31.7887747940966,0.000199161262339381,0.00101372531684383
"1603","XM_053614639.1","LOC128601433",-2.45650224040596,1.59768259411952,20.738747985018,0.00110665759896485,0.00367327726308038
"1617","XM_053614675.1","hey2",-1.98858697150901,6.54569437960637,73.6578440230005,7.36322519749221e-06,0.000108078976261055
"1638","XM_053614724.1","LOC128601483",-1.85998020338174,3.27409435661304,26.6002337701638,0.000460340531715799,0.00187424359341433
"1642","XM_053614769.1","LOC128601505",-2.70789508832411,1.48831994772597,37.1015839233605,0.000118014549793278,0.000697233405858972
"1647","XM_053614785.1","kcnh5a",-2.90887435462685,3.87490506642221,61.8208984988082,1.58115270647636e-05,0.000179539821669957
"1648","XM_053614786.1","cdh2",-2.44330908876331,6.81307510714069,190.232082192819,9.9581768905098e-08,8.91435783832918e-06
"1658","XM_053614845.1","vgll2a",-3.69970739008164,0.756067259035238,29.7729431923196,0.000109586226375978,0.000662085544751532
"1665","XM_053614860.1","lmx1a",-2.86934918424227,1.73588262676529,21.0863606434736,0.00101773054765876,0.00346097390214117
"1668","XM_053614865.1","fndc1",-2.10726740802547,5.03704908809392,34.7267824343614,0.000167052692322115,0.000893156118968264
"1670","XM_053614870.1","LOC128601572",-3.13239503142199,2.79679054537971,29.2621764130639,0.0003302122359669,0.00146560719082113
"1674","XM_053614879.1","pak5",-2.6018755791446,1.52034121789091,29.2087090409058,0.000309710425789251,0.00140122760555517
"1679","XM_053614888.1","snapc1a",-2.4325312689758,3.42148284307036,51.3566154601598,3.46040365644372e-05,0.000304937476268432
"1680","XM_053614890.1","rp1l1b",-2.77867055853509,1.94177151567916,39.2305626489472,0.000103239313342692,0.000633804880009904
"1682","XM_053614894.1","si:ch211-191a24.3",-1.92224029000618,5.95865464189219,36.7633904079362,0.000133542324838721,0.000764026181385593
"1683","XM_053614901.1","niban1a",-1.87472079342507,4.54302120853278,49.8535237983446,3.8898080959469e-05,0.000329141206919513
"1685","XM_053614904.1","kif26bb",-3.58292060777915,4.11989495236033,93.6302035008603,2.59935989582454e-06,5.7094217087663e-05
"1687","XM_053614907.1","cnksr3",-1.92666961997193,4.35930694910815,45.4155648660264,5.71415162433642e-05,0.000419885095300762
"1690","XM_053614911.1","tdrd15",-2.47541470958915,7.1833477508117,86.5459283207465,3.62304686663261e-06,6.89187810541113e-05
"1693","XM_053614916.1","znf106b",-2.109076362514,5.60640663796024,58.6108838406279,1.97017170275886e-05,0.000207261342454952
"1703","XM_053614938.1","prima1",-3.41601720606639,2.79465997897391,14.3596209191597,0.00373717650007025,0.00983857752205841
"1715","XM_053614986.1","igf2bp2b",-2.29397154340108,3.19083303654163,28.6069129866726,0.0003525901251397,0.00153700144584228
"1721","XM_053615007.1","gjc1",-1.82753645000201,1.70510006725682,14.3578047953497,0.00374742788917821,0.00985594844354457
"1729","XM_053615034.1","mylz3",-4.02740183077698,1.5975530575573,39.9821224700809,4.63000510760681e-05,0.000365435265998174
"1756","XM_053615138.1","rasa3",-1.71463366838457,6.72571371503229,54.3326681764179,2.71319726089025e-05,0.000257753739784573
"1766","XM_053615155.1","slc6a16a",-2.77544351937646,4.07778237947038,99.6725126084445,1.94084630138202e-06,4.7756802836728e-05
"1769","XM_053615163.1","LOC128601789",-3.08212425845061,1.04624635913963,16.2007987373603,0.00199864762841716,0.00588387085030425
"1770","XM_053615167.1","slc17a7a",-2.69948345572721,1.69542158375386,25.3748042489051,0.000533252680175429,0.00209157638333861
"1771","XM_053615169.1","fgb",-3.11144359452323,1.69159090504256,29.6548052859709,0.000274535634695276,0.00127952633952841
"1791","XM_053615216.1","akt3b",-2.72267623117957,2.50921392817621,47.8993513553642,4.7578262496896e-05,0.000372615826463354
"1792","XM_053615222.1","zgc:66455",-2.05624012206058,4.38901188163469,58.547312356525,1.98118509068791e-05,0.000208120858196339
"1793","XM_053615223.1","LOC128601827",-2.94416764907118,1.97843668095791,19.3894492167329,0.00139161007375733,0.00441713409293796
"1795","XM_053615226.1","LOC128601829",-2.7564197808998,1.28459005596106,18.2264518118808,0.0015613455278542,0.00483178386635516
"1798","XM_053615229.1","LOC128601832",-3.14881762099469,3.62499153542011,73.6802233315026,7.49494880116009e-06,0.000109304712786648
"1802","XM_053615235.1","LOC128601836",-1.9358823978661,4.44788175828691,39.232553547257,0.00010324582830406,0.000633804880009904
"1811","XM_053615246.1","LOC128601850",-2.1762098399504,2.37157854425087,34.2500067940508,0.000180323031766638,0.000943766323387757
"1812","XM_053615247.1","LOC128601851",-2.96870483025354,0.968437361700694,26.6751508110994,0.000311857101210374,0.00140975782027186
"1813","XM_053615248.1","LOC128601852",-3.11974297706213,4.78687961323953,47.7482202502672,4.65608011729633e-05,0.000366776763692424
"1814","XM_053615249.1","LOC128601853",-3.1331023713311,4.98276389296436,100.448659657091,1.86826356959886e-06,4.66000780657416e-05
"1826","XM_053615274.1","dachc",-2.04828649933097,2.79088997945035,29.2302113712346,0.000326171539921983,0.00145101166848498
"1827","XM_053615275.1","LOC128601865",-2.92055582831838,3.55619156254257,82.6048264103921,4.52538222223739e-06,7.99747679187542e-05
"1834","XM_053615285.1","neurl1aa",-2.05538021032162,4.76025360305005,46.7475982123316,5.07367467842512e-05,0.000389993569298888
"1855","XM_053615338.1","LOC128601906",-2.16966021368944,2.41754302712505,21.0298969871781,0.0010781524381485,0.00360750964628936
"1858","XM_053615343.1","grtp1a",-1.72949238152433,4.02516497377174,30.2970805513658,0.000282559324867282,0.00130799838460153
"1861","XM_053615352.1","plcl5",-2.19658937575768,4.23456885201977,62.7313797745483,1.47680910861618e-05,0.000171128030424329
"1873","XM_053615389.1","dmd",-2.5453020367084,1.65864945309637,26.6322938358233,0.000452229702807952,0.00185055162759134
"1874","XM_053615393.1","dmd",-1.83083352728472,2.55926659631377,18.6558242269867,0.0016085223380601,0.00494469419075519
"1887","XM_053615413.1","LOC128601948",-1.70088971083443,4.37759655364995,45.2357241874359,5.80650509983509e-05,0.000423103749272788
"1892","XM_053615427.1","klf12a",-2.08194220291742,6.61145438625527,40.0662888653162,9.48451760569152e-05,0.000595329084920257
"1905","XM_053615462.1","ifngr1",-1.98297300088648,2.7083070079254,33.9141713662276,0.000185100945057781,0.000961930689757742
"1922","XM_053615506.1","kcnh4a",-2.90237012038906,4.35429060601397,33.5588716910766,0.000191163933587255,0.000983962402833224
"1923","XM_053615508.1","wbp1lb",-2.12474029643309,6.24569172122183,89.9041082755428,3.05995271925883e-06,6.29848845389987e-05
"1929","XM_053615527.1","zic2b",-2.00918929664446,2.36912512878081,22.3127946071626,0.000876353261435863,0.0030793155190197
"1933","XM_053615537.1","nrp2a",-1.89756473554238,4.58717291274036,49.6136651101549,3.96835793148327e-05,0.000331988517802848
"1946","XM_053615568.1","LOC128602040",-3.76978768106859,2.2406576076014,66.7625116820039,9.26461870735508e-06,0.000124668036271541
"1949","XM_053615571.1","LOC128602044",-3.86243861735354,2.4505623517511,36.9208260522186,0.000120347026471553,0.00070688594503683
"1950","XM_053615572.1","ifi44b",-2.87988281410437,2.38842017687476,34.6734261185435,0.000172654373206291,0.000912850104216887
"1951","XM_053615573.1","LOC128602046",-2.22173205013556,1.73100401991277,16.0698466360522,0.00262924120098147,0.00734083417755917
"1952","XM_053615575.1","LOC128602047",-2.62908462761326,1.05109096325564,20.3992313993185,0.00101146462250598,0.00344489570989412
"1957","XM_053615583.1","si:dkeyp-9d4.3",-2.9275099593479,3.77066205528451,60.2922856926978,1.76251703283678e-05,0.000192781254915958
"1965","XM_053615594.1","dand5",-3.66007768058022,1.29110684423981,46.2260619125396,2.367773761387e-05,0.000235728915432551
"1996","XM_053615676.1","sorcs3a",-1.83149944911422,3.3455395590493,34.3563769279557,0.000174617415362061,0.000920751374554084
"2031","XM_053615805.1","cckbra",-2.86448608515715,6.6378210609869,32.291850196337,0.000221312880122211,0.00109426172981623
"2035","XM_053615826.1","si:dkey-121b10.7",-1.71666769987856,2.44165540031469,20.1739599354935,0.00123594242790003,0.00401231398182557
"2042","XM_053615862.1","LOC128602206",-2.39666738585999,1.45631705538791,20.9780165157876,0.00105169468753409,0.00354167539043102
"2052","XM_053615883.1","kcnq5b",-1.62469897838574,4.1574586220633,43.6721906554176,6.70343548429623e-05,0.000468141560050851
"2058","XM_053615902.1","gdpd3a",-2.79088358981205,1.94427917947783,26.4006582775199,0.000471982684922239,0.00190772926429993
"2079","XM_053615960.1","pdia2",-2.72667365682899,1.50687702372446,32.4862383570501,0.000199860516649383,0.00101580597912722
"2083","XM_053615968.1","LOC128602274",-2.20714142459436,2.19975385195751,15.6491647962546,0.00286674844863777,0.00790039562249715
"2088","XM_053615989.1","otx2a",-2.49317460470041,0.797166542084523,16.4151676366639,0.00204579126860212,0.0059973323173001
"2092","XM_053615999.1","lbx1b",-2.5860073084775,2.22155339799527,34.9345882462093,0.000167965214748176,0.000895298286580005
"2105","XM_053616041.1","golga7ba",-2.17255079620738,2.17367025672142,15.9001893744155,0.00272661477327303,0.00756572505137877
"2109","XM_053616047.1","LOC128602314",-2.33863974596838,4.09176207622864,63.9572169022233,1.36023101363254e-05,0.000160843094584979
"2111","XM_053616054.1","LOC128602319",-2.01721068744608,3.41340311586986,36.9360558525111,0.000131528227521703,0.000755027995433094
"2119","XM_053616088.1","atp1b1b",-1.74710004374613,4.13525428644721,25.0578767095565,0.000571452934760795,0.00220779954842667
"2124","XM_053616099.1","ccsapa",-2.40452875837975,2.93220093457238,30.2787060595972,0.00028628671269493,0.00132060516835241
"2127","XM_053616114.1","cacng3a",-2.49375164973459,0.795598323501543,19.1253693627731,0.001203415634207,0.0039268075562473
"2130","XM_053616119.1","myo15ab",-2.75734127854643,4.79448409565147,31.0658656869298,0.000256890052513969,0.0012213028399695
"2133","XM_053616126.1","LOC128602367",-2.64390772972488,3.02988837375113,57.8933130996495,2.12148638581555e-05,0.000217793779050503
"2139","XM_053616154.1","dlx2b",-2.54493846463612,2.52726522713534,32.945177570319,0.000210118954560837,0.0010530667605049
"2148","XM_053616185.1","LOC128602410",-1.97397979365129,2.6344250363927,21.6437941702445,0.000969786688221525,0.00333522560206715
"2152","XM_053616190.1","mxra5a",-2.94039960644612,2.57810341525461,36.9445133849799,0.000135046134114846,0.000768680316122058
"2154","XM_053616192.1","LOC128602417",-2.4896552318491,2.31885769155122,36.5240079125972,0.000141232380902349,0.000794395337750947
"2155","XM_053616193.1","epha6",-1.98160782920049,4.08815767268809,20.1995940168619,0.00122176767774939,0.00397252060685496
"2157","XM_053616198.1","LOC128602423",-2.44712498962176,5.03582416041954,94.7104281129977,2.42806409119709e-06,5.49727293822356e-05
"2158","XM_053616200.1","tmem98",-1.59308291909818,7.03074850327243,52.4173736478068,3.15372436609416e-05,0.000285380802376855
"2159","XM_053616209.1","LOC128602425",-2.67739496990051,0.752468022528989,25.6031918350561,0.000367882081790915,0.00158722684968852
"2161","XM_053616214.1","kcnj19a",-3.99053170920506,2.14862384899916,59.2606005233844,1.30888925163086e-05,0.000156718189389056
"2178","XM_053616268.1","LOC128602457",-2.71223137161967,5.1154704325959,59.372288110265,1.86624863995505e-05,0.000201137370063863
"2188","XM_053616319.1","LOC128602479",-4.80701583384632,0.546154106645886,32.1944255524957,0.000160225244258021,0.000867002151249268
"2189","XM_053616323.1","LOC128602482",-2.51683291114146,1.1035100984365,20.1811379518806,0.00109834253884136,0.00365112981760581
"2212","XM_053616402.1","ildr1a",-2.23852085191133,3.97501337693499,61.8216159429864,1.57344188575073e-05,0.000179150600716987
"2219","XM_053616431.1","wnt9b",-5.20137034402547,4.9087839489845,36.3234250257439,0.000143848202160628,0.000802693794062822
"2239","XM_053616466.1","nhsb",-3.01651064277869,4.13798863598892,56.8120132963975,2.25963832591003e-05,0.000227115266222705
"2253","XM_053616493.1","si:ch211-246m6.4",-2.19574441015011,2.09769195620093,19.3409373797889,0.00144056144504218,0.00454311487869526
"2266","XM_053616514.1","lrp3",-2.7823620338924,2.81258050009862,53.4168679514047,3.0108791374681e-05,0.000275835379045465
"2277","XM_053616540.1","b4galnt4b",-2.62547286021234,4.03145447428798,85.650628384257,3.81143714738814e-06,7.11742193658771e-05
"2285","XM_053616582.1","coro2ba",-4.63836508374297,0.417499579098173,28.9043695083196,0.000249079898452057,0.00119152050713413
"2294","XM_053616624.1","nptxrb",-2.42257300342419,1.95997947837943,30.5532373696805,0.000279850586639311,0.00129852617940825
"2327","XM_053616721.1","cmtm3",-1.92961426631431,5.41383891556426,38.3802870519788,0.000112624298173601,0.000675495420094202
"2330","XM_053616725.1","LOC128602743",-2.64900679641347,2.07066637122155,25.9007679344198,0.000515099052795389,0.00203823599771493
"2331","XM_053616726.1","s100b",-2.74106584195891,2.28831144013497,18.7976252874653,0.00158302243209417,0.0048820665137627
"2342","XM_053616763.1","slc7a10a",-2.3706632502585,7.51466011052129,104.604448608658,1.55318670891764e-06,4.10918355114111e-05
"2372","XM_053616852.1","galns",-1.87540458285797,1.17703485358993,17.2570690730401,0.00205491539293861,0.0060164533154079
"2377","XM_053616866.1","cdh15",-2.06944216695167,2.33081298619534,29.359878166701,0.000324105184860854,0.0014471334292685
"2383","XM_053616880.1","vegfd",-1.75182116812986,4.85568326851102,26.9912532669757,0.000435174031444123,0.00179709112781058
"2398","XM_053616934.1","nkd1",-1.70361251051221,3.6712907162517,36.3223556016953,0.000140266171389946,0.000790796934480483
"2410","XM_053616975.1","tshz3b",-2.24348565836823,6.53347536316248,110.027161174215,1.23648896427076e-06,3.53297136508819e-05
"2438","XM_053617056.1","ascl1b",-3.17726816487607,1.12877222108415,20.290756627676,0.000895589931016334,0.00313060025983425
"2443","XM_053617068.1","adamtsl5",-2.49327893289984,4.68620077662272,49.2621449812885,4.08889565619053e-05,0.000338141972006003
"2451","XM_053617081.1","tmem276b",-1.92748455273723,2.59630832947563,31.3058982545118,0.000252098214895809,0.00120311494773979
"2455","XM_053617088.1","cdkn1ca",-2.94488188822385,0.504723817360545,29.078602118426,0.000154578255773904,0.000845661643956729
"2458","XM_053617103.1","ptpn5",-2.13838836632765,3.69314053718277,30.3523824650882,0.000280958061882214,0.00130216227266276
"2459","XM_053617104.1","slc6a2",-2.79729009078634,2.26421486393752,34.4908387662744,0.00017587923672518,0.00092506465190115
"2470","XM_053617130.1","tmem163b",-1.63082457335025,3.18288472456127,24.7555214594779,0.00059807931599312,0.00228611758377725
"2473","XM_053617138.1","otog",-2.63932914490445,4.8488900362712,83.7809648459122,4.18935156282171e-06,7.56888650658011e-05
"2476","XM_053617146.1","cntnap5b",-3.81379420453528,1.16668915344361,28.8122707904998,0.00016016176741693,0.000867002151249268
"2510","XM_053617213.1","smad6a",-1.75762607257226,3.27730434288239,17.5992069466775,0.00194072877547265,0.00575078114906669
"2511","XM_053617216.1","si:ch211-79m20.1",-2.19326085187447,3.46641669007308,21.2067148611483,0.00103496350166713,0.00349989328702475
"2513","XM_053617223.1","lrrc4cb",-2.18396537093962,3.25842341410261,29.9686577394169,0.000295590021401624,0.00135224503353875
"2514","XM_053617227.1","LOC128603042",-1.60629165848506,2.40464909907007,15.5384250516935,0.0029084530551202,0.00799262472563844
"2515","XM_053617228.1","ace2",-2.97574477474516,1.69898208574078,27.2413001268455,0.000392602013261099,0.00166765714790624
"2543","XM_053617309.1","ppef1",-2.86935178320955,2.51128106703883,58.9274181034975,2.00855307195909e-05,0.000210449560704684
"2546","XM_053617322.1","LOC128603104",-2.32875512825597,1.81720600497183,20.9383508047343,0.00109480225548018,0.00364593099302543
"2547","XM_053617323.1","abtb2a",-1.68218015886388,4.6709861224701,39.475983355339,0.000100694412822033,0.000622866318212867
"2550","XM_053617331.1","ca7",-1.77752809387555,4.1812134443469,40.8657422506184,8.76969831831503e-05,0.00056536788680559
"2551","XM_053617335.1","tpcn3",-2.22517040237586,4.87503015503873,85.5773742345721,3.81196245306495e-06,7.11742193658771e-05
"2552","XM_053617336.1","chrm4a",-3.38447637848373,1.63064864585642,42.1066893186959,5.8242003574414e-05,0.00042393055479434
"2570","XM_053617372.1","grpr",-3.64203520980248,1.68386707037893,27.7605653662369,0.00029500320440114,0.00135015885576637
"2580","XM_053617403.1","tcf12",-2.07321356485882,2.92308627554078,18.9569226743947,0.00152159999573615,0.00473596601192925
"2616","XM_053617542.1","pafah1b2",-2.29469839035479,3.89291886293959,42.492331723209,7.50308494267381e-05,0.000505241011031629
"2618","XM_053617544.1","cdc42ep2",-1.60539828926675,5.86267478324073,23.9950119316486,0.000667730444553096,0.0024948776119967
"2635","XM_053617584.1","sptbn4a",-2.16638362298277,4.31107895356245,72.9743279955435,7.68174969047043e-06,0.000111127939221926
"2636","XM_053617585.1","scn4bb",-1.59143217616052,2.62253582712382,19.6915960935869,0.00133794591697461,0.00428206178410141
"2642","XM_053617594.1","nanos2",-5.36556155053431,4.57805266428616,65.6766045087352,1.25790862460046e-05,0.000152303850523801
"2645","XM_053617599.1","fkbp15a",-2.46214749784368,4.66410083015989,112.75339636573,1.1088489886322e-06,3.31793852642847e-05
"2648","XM_053617604.1","LOC128603294",-1.81287178082808,3.75450410237072,30.5886346482099,0.000272605985405812,0.00127394506112855
"2649","XM_053617605.1","LOC128603295",-2.32863252924226,1.6727541557938,16.1057302758243,0.00259512824208518,0.00726815501433823
"2657","XM_053617620.1","tmc2a",-2.25806665364466,1.35970002722044,17.6179174647198,0.0019000553519843,0.00564783254460555
"2680","XM_053617699.1","brinp1",-2.42468899057695,1.82680516018937,14.7532917699094,0.00342734572589435,0.00913883587724884
"2701","XM_053617761.1","LOC128603381",-2.6452372182738,3.72391141858399,29.7720028709247,0.000302798066027396,0.00137959332756867
"2710","XM_053617777.1","npr2",-2.28563622789116,5.18915463898377,76.5070485868205,6.24129849555549e-06,9.79962561067432e-05
"2726","XM_053617821.1","surf6",-1.88114269978677,5.06007633827509,48.0646806705195,4.52345080001166e-05,0.000360362310780456
"2734","XM_053617835.1","si:ch211-284e13.4",-1.79944642623061,5.21186508539255,56.7018851888859,2.26703613152993e-05,0.00022765993112411
"2736","XM_053617839.1","LOC128603426",-3.08599497987826,5.92634995100796,86.2278199068649,3.68467583968038e-06,6.96810835943875e-05
"2744","XM_053617868.1","LOC128603437",-3.34894300268211,1.7578624609144,33.5782427337806,0.000160374800253309,0.000867116655477813
"2780","XM_053617964.1","ar",-2.18028251694979,5.48078115828505,61.196083452431,1.63943909005166e-05,0.000184044660123137
"2783","XM_053617972.1","doc2b",-1.79610965645105,5.30385746786619,32.9042768690244,0.000205886707312336,0.00103731528726178
"2791","XM_053617986.1","rarab",-1.82509598789789,6.87703704824904,99.6093191012166,1.9353515008571e-06,4.7756802836728e-05
"2808","XM_053618024.1","LOC128603525",-2.86923852585222,0.450171646667558,18.4743014361062,0.00100467788811726,0.00342682799259214
"2817","XM_053618045.1","tprn",-1.98486592728661,4.35932138287354,59.4474310148661,1.85674377581524e-05,0.00020037978828598
"2826","XM_053618063.1","adamts15a",-1.9724226840171,6.12934245568488,31.5215932140443,0.00024277648350961,0.00117070768991766
"2832","XM_053618077.1","trabd2a",-2.47786282081909,2.96903756548935,37.3799055831126,0.000126855179202094,0.000734716150598745
"2872","XM_053618185.1","zgc:193711",-3.05330259211687,3.12583459868576,64.4971768298785,1.35314247025109e-05,0.000160545154340951
"2874","XM_053618190.1","dab2ipb",-2.37836794604815,1.00166544599327,18.3046441096571,0.00154038676137075,0.00478246660780009
"2876","XM_053618198.1","oafb",-1.90859978222325,4.5996037384875,34.4108705751072,0.000173143173543269,0.000914765565704449
"2892","XM_053618233.1","LOC128603647",-2.63645404265946,2.86473859924349,52.3084798584616,3.26544712104541e-05,0.000293183904578386
"2940","XM_053618340.1","hmbsa",-1.959089807582,0.582510679904123,16.397445762626,0.00216018703778703,0.00627361100963337
"2955","XM_053618387.1","rgs3a",-2.27290383142169,7.88516948686351,60.2942684588295,1.74599454689462e-05,0.000191752545836395
"2975","XM_053618420.1","enc1",-1.59215579150627,5.35093255570321,27.2568587789852,0.000419643771949086,0.00174947035290028
"3000","XM_053618509.1","LOC128603805",-1.98861446950764,4.23737833550414,34.7846438355931,0.000166071351945526,0.000889597301553333
"3010","XM_053618552.1","LOC128603827",-2.57319887005392,1.00316537702773,30.3590679232473,0.000224847495449591,0.00110599402533269
"3028","XM_053618602.1","shank1",-2.93101291158207,5.74763779514278,87.2281281437275,3.50113966327624e-06,6.7599287717394e-05
"3031","XM_053618612.1","nexmifa",-2.15451373523872,5.60479181027448,37.611383259674,0.00012204358656692,0.000715671726630803
"3041","XM_053618635.1","ercc6l",-1.85637538071717,4.93624913418196,36.1411173240816,0.000142869106429878,0.00080081893867274
"3059","XM_053618693.1","LOC128603915",-4.1019939567846,0.649491394570075,32.8033643419951,6.58031807274359e-05,0.000462335889590161
"3064","XM_053618713.1","pcsk5a",-3.48469613134152,2.12142984026273,44.4923928856081,5.60910129826136e-05,0.000414991461683066
"3066","XM_053618715.1","LOC128603932",-3.16284872790761,4.12052144721575,86.0136758717874,3.75567495361585e-06,7.05732106289439e-05
"3074","XM_053618747.1","LOC128603975",-1.86572376290639,3.95547716234335,47.4537895707651,4.77443281730291e-05,0.000373427456424203
"3075","XM_053618748.1","LOC128603976",-2.21828654175773,1.93682202314354,20.7200561210255,0.00114017927400551,0.0037614065799065
"3076","XM_053618749.1","tacr3l",-2.47991123539434,1.31989446214909,20.5824113180296,0.00108660955240591,0.00362830763909794
"3085","XM_053618767.1","slc24a2",-2.55912548430444,1.84927033326963,34.7076618849064,0.000169083869806871,0.000899188464005792
"3087","XM_053618769.1","helt",-4.6443954142025,1.07030443444007,27.8303131165497,0.000142532380085,0.000799762276885958
"3088","XM_053618770.1","LOC128603995",-2.37700392234446,0.711662578462039,20.8776978805703,0.000877473139315322,0.00308186098965175
"3089","XM_053618771.1","chrna6",-2.35013098118537,3.90988511028774,34.2181293793572,0.000177257919077292,0.0009307334395145
"3090","XM_053618772.1","chrnb3a",-1.86051196672626,2.97802186938979,29.6588713119344,0.000307507390281359,0.00139476874022825
"3093","XM_053618775.1","LOC128604003",-1.75937640014323,2.71620403847944,19.8083131909404,0.00131161804281878,0.00420861702223
"3094","XM_053618776.1","LOC128604004",-1.93604768826507,2.53891107760146,15.1834457306002,0.00312977193690692,0.00848371535744295
"3095","XM_053618779.1","LOC128604008",-3.16555511057602,3.27816470403475,27.6150299436168,0.000406603386866387,0.00171230375301589
"3096","XM_053618780.1","LOC128604009",-1.97240071352428,3.03687482474166,26.5745924949679,0.00046292980867195,0.00188194569130626
"3098","XM_053618784.1","limch1a",-1.65416674108219,5.37495424929079,73.2992793877734,7.52374753709556e-06,0.000109625945211974
"3101","XM_053618791.1","LOC128604019",-1.63343529164659,2.85801466915714,15.3731033924927,0.00299813401148177,0.00818859344995223
"3123","XM_053618849.1","fbxo41",-2.1002806699711,3.67670328023288,30.8866090256192,0.000262932473858207,0.00123989333370974
"3124","XM_053618850.1","rnf24",-3.10861465996811,3.4623133398361,53.7890446646356,2.88641906063619e-05,0.000266849524577834
"3128","XM_053618862.1","LOC128604078",-2.95328749413172,1.99718668506118,30.6635184916418,0.000266703544366589,0.00125331740271973
"3130","XM_053618877.1","cplx2a",-1.9757008991839,2.42415392629241,26.1627661537853,0.000494829966676468,0.00197590219550041
"3140","XM_053618911.1","LOC128604098",-1.83802176216884,2.7451209433845,21.1602467161456,0.00104612700048288,0.00352868143096119
"3141","XM_053618917.1","LOC128604101",-2.10199712555233,0.930772976352991,16.8201805313269,0.00210819630400633,0.00615020395913759
"3142","XM_053618920.1","klhl5",-1.64317767070645,1.51551162947888,16.0126733875615,0.00267020447753477,0.00743340844064193
"3154","XM_053618967.1","LOC128604121",-2.08906416245443,4.26505565110564,27.4245512484304,0.000410501066361434,0.00172333798295096
"3210","XM_053619104.1","slc25a4",-1.85950226804185,3.04592640818746,23.0035145197356,0.000778904448401222,0.00280732165818963
"3218","XM_053619141.1","gucy1a1",-3.51266456590476,2.1515018497648,44.1787930489161,5.78575865147403e-05,0.000422271690938059
"3224","XM_053619170.1","ctnna2",-1.94493098184002,3.08734193916251,36.4456734841948,0.000138922575779633,0.000785768249330511
"3230","XM_053619182.1","LOC128604233",-1.66685669760665,3.30879901976034,18.723652459259,0.00158051045532377,0.00487524833284702
"3244","XM_053619230.1","gria2a",-2.88850771372415,0.70634792072687,15.5426582159897,0.00212282827556406,0.00618620056252582
"3245","XM_053619234.1","LOC128604250",-1.81542023152871,3.51187593707849,46.5582665908041,5.1696482538987e-05,0.000393080706462199
"3252","XM_053619263.1","prom1b",-3.31187378471939,2.68849900939638,76.784514393752,6.40506083403139e-06,9.9793190357363e-05
"3254","XM_053619269.1","spock3",-1.80056321838122,5.50916598743123,54.8517645342416,2.60739458097008e-05,0.000251091632818225
"3258","XM_053619281.1","tspan4b",-1.96751292740246,0.956032862665942,14.7460099648645,0.00328366704922169,0.00882696814892075
"3265","XM_053619303.1","LOC128604284",-1.96004600280167,1.9673219204249,23.0360950973236,0.00078839734927986,0.00283360930065328
"3269","XM_053619323.1","LOC128604294",-1.89493627260619,1.42420896963354,14.7698789750717,0.00341725581114035,0.00911493443248311
"3271","XM_053619326.1","lrata",-2.57906142109075,3.77218943008122,79.0152240923891,5.44924703141777e-06,8.94932247751572e-05
"3272","XM_053619327.1","fgg",-2.14973648139176,0.55721976499216,15.6577316812565,0.00240019357976878,0.00681057557744033
"3287","XM_053619371.1","prrg2",-5.05942077703909,1.41815921034962,61.1691499751403,2.58668678624831e-06,5.7094217087663e-05
"3302","XM_053619439.1","mtnr1aa",-2.72124172611394,0.959903290288378,29.8535768650002,0.000220927607011918,0.00109283830423362
"3303","XM_053619440.1","LOC128604351",-1.71912899094197,4.84061690985899,33.110791731563,0.000200998951130681,0.0010206927288104
"3307","XM_053619444.1","LOC128604354",-2.42295142327761,3.92913637681489,75.8343052104626,6.50911088609108e-06,0.000100654067174831
"3311","XM_053619465.1","LOC128604366",-2.7038700017633,1.69621807650071,35.4329946965498,0.00014972476628859,0.000827254464174115
"3313","XM_053619470.1","wfs1a",-7.06931761763601,0.738388246337703,46.5266902733802,0.000155482952435557,0.00084860351787822
"3316","XM_053619488.1","LOC128604384",-3.1907151345823,3.94348605532375,90.0702693504594,3.07369621641278e-06,6.31148313341713e-05
"3317","XM_053619493.1","LOC128604390",-2.43741043560132,2.15769732783423,23.5205276760026,0.000732701713136645,0.0026822605098017
"3318","XM_053619501.1","tacr3a",-2.97096141349224,2.773699884513,34.066449486159,0.000185014359248532,0.000961789482182158
"3322","XM_053619526.1","LOC128604409",-3.74261519347533,3.90454152869293,136.989359439444,4.73846154988197e-07,1.89223815919881e-05
"3325","XM_053619530.1","adra1d",-2.02056045130499,2.33524963995543,30.5665497557183,0.000278199957049633,0.00129336614150473
"3339","XM_053619566.1","fgfbp2b",-2.28835729533011,0.806378240766043,15.2257104089341,0.00274926446204336,0.00762204026572322
"3341","XM_053619569.1","dlc1",-3.22037042145862,1.89836844213154,16.6584943833034,0.00221533419734959,0.00639052379818267
"3353","XM_053619590.1","ppp2r2ca",-4.11450204851577,3.41032984736858,72.0997384479925,8.42077994181903e-06,0.000117224813627049
"3355","XM_053619594.1","LOC128604459",-3.47734071764264,1.85730960597787,47.0769088322682,3.94605788613197e-05,0.000331500605299811
"3378","XM_053619659.1","LOC128604488",-4.58870307332838,2.30943455113418,52.6011885634882,1.63405707737263e-05,0.00018356777216175
"3381","XM_053619670.1","clrn2",-1.86993596722846,2.26835804408825,19.8561589677767,0.00131048730463741,0.00420665645200682
"3391","XM_053619686.1","LOC128604515",-2.38661355790595,1.13365041278214,25.8189956636781,0.000465638106096987,0.00188832664878075
"3393","XM_053619688.1","LOC128604518",-3.42153471544034,1.10720343319182,27.3774991985884,0.000242742010773349,0.00117070768991766
"3403","XM_053619723.1","LOC128604580",-2.38506419906436,3.67686594466889,43.4907599563448,6.8383810863081e-05,0.00047449512655446
"3405","XM_053619725.1","LOC128604582",-2.15967462390406,8.07624332532486,52.574548616646,3.11431892297944e-05,0.000282910183643048
"3416","XM_053619749.1","LOC128604622",-2.99199193844676,2.93965616730571,78.7695294912556,5.73318593641732e-06,9.27160978408827e-05
"3454","XM_053619854.1","LOC128604734",-3.41913957615137,1.6588615708607,22.6447610949657,0.000690325556936837,0.00256130875904046
"3459","XM_053619867.1","LOC128604760",-2.30129460684682,3.7690772572443,22.1420183126399,0.000889653773813391,0.00311321126037423
"3485","XM_053619973.1","LOC128604866",-1.7064880389016,3.84914070068752,22.2622940983711,0.000872093652848528,0.00306701109109537
"3508","XM_053620067.1","LOC128604959",-2.17051502388171,4.17368751598481,25.8948563342885,0.000507174403970408,0.00201278236123387
"3531","XM_053620110.1","nkx3.3",-1.86687299862883,7.6917476384188,33.5427119899398,0.000191095418833747,0.000983922595445516
"3536","XM_053620123.1","LOC128605014",-1.66958386731596,2.30465806053562,18.2356076372279,0.00173825648387002,0.00526157366508748
"3539","XM_053620128.1","rgra",-1.75948906339504,1.40824047288457,14.6993642276129,0.00347671155487072,0.00925522227433765
"3545","XM_053620148.1","dok1a",-2.84328208259107,6.81997179173071,31.9066635738668,0.000231745899376447,0.00112963041827941
"3548","XM_053620155.1","LOC128605044",-2.2737341185843,4.66031170089116,72.7038897932226,7.80320341153706e-06,0.000112183176577231
"3550","XM_053620162.1","dld",-1.60577682635496,3.42535315957285,21.2981337044692,0.00101853716764273,0.00346097390214117
"3555","XM_053620168.1","rab11fip5a",-1.62246564628841,6.28809256844953,69.0831437818018,9.73019095994195e-06,0.00012822855890346
"3556","XM_053620170.1","LOC128605059",-1.92626109875785,2.08949147120113,17.5846983354717,0.00197079434839043,0.00582069310559101
"3557","XM_053620171.1","LOC128605060",-2.38560738075735,3.47039914631801,34.8281090453447,0.000165889289763346,0.000889210537314255
"3565","XM_053620191.1","rtn1a",-2.44366146485462,3.05193466193085,18.5116931520356,0.00165010443259735,0.00505237196044749
"3569","XM_053620206.1","prkcha",-1.98209902983577,2.90523401349419,28.7697181529995,0.000345353418335387,0.00151753016721315
"3575","XM_053620218.1","sertad4",-3.00227029719593,0.9946449888134,19.2376195901742,0.00108974000819738,0.00363726005210294
"3616","XM_053620314.1","sbk1",-2.47307543610393,2.65427280251785,29.342956809888,0.000324684248523795,0.0014471334292685
"3625","XM_053620362.1","emx2",-1.89844674498088,4.00427106736206,53.0012366112925,3.01584450487474e-05,0.000276133997991585
"3657","XM_053620461.1","arhgap29a",-1.84927006224567,4.24104948274099,36.3060159813939,0.000140407462125113,0.000791129828361059
"3663","XM_053620483.1","LOC128605243",-1.74761110090643,4.6654827868498,62.2543072195844,1.52416148172079e-05,0.000175230125134325
"3668","XM_053620502.1","tbxtb",-1.66262898872368,1.84382135552482,15.4726968432749,0.00297015324191686,0.00812588147374516
"3669","XM_053620503.1","rps6ka2",-2.3685093459922,4.9082809704764,63.3419483125862,1.41552855640814e-05,0.000166307597932469
"3670","XM_053620504.1","myom2b",-2.45426614208787,1.59964608068186,19.9995857949652,0.00125351948987695,0.00405869761777305
"3702","XM_053620579.1","plpp4",-2.25247405981357,3.46825893894467,55.7980919783504,2.4390595473765e-05,0.000238479787439433
"3707","XM_053620599.1","tmem63ba",-1.80843628234235,1.99956128898709,20.8381204899742,0.00111579457575729,0.00370132840007357
"3718","XM_053620624.1","rab11fip3",-2.35043063416126,0.983894071668771,22.3296045289639,0.000765080302171119,0.00277010063331382
"3720","XM_053620637.1","itga9",-2.09660054395402,6.86834923258647,93.2784147286639,2.59642113854104e-06,5.7094217087663e-05
"3741","XM_053620726.1","meis1b",-1.80242511593793,5.5995747556929,32.7430394533467,0.000209812086742599,0.00105185446274054
"3765","XM_053620801.1","LOC128605402",-2.86018159589242,4.46746442495381,65.4072096545541,1.23554577220655e-05,0.000150496726564933
"3771","XM_053620815.1","prop1",-2.44997394771971,0.917943657358959,24.1737377615256,0.000543348817367207,0.00212229228285096
"3786","XM_053620872.1","LOC128605438",-1.95295864342389,0.432778981938931,15.4080825750545,0.00253751195624474,0.00713146589369616
"3803","XM_053620910.1","gabrb1",-2.21938124730843,3.70395105435807,35.7557957699445,0.000149351907669093,0.0008260022826605
"3820","XM_053620971.1","sfxn5a",-2.74430682164591,4.20728820894977,75.3510453248408,6.692797243685e-06,0.000102114045033716
"3852","XM_053621087.1","znf503",-1.78889550127575,4.63355805695538,24.0000642165904,0.000667428492105465,0.0024946507573778
"3855","XM_053621118.1","zgc:110045",-3.00831873695289,1.61636357363628,18.2469389229461,0.00160439289054707,0.00493293677344272
"3865","XM_053621173.1","ninl",-1.83441577470771,3.22692099947162,20.4453759041064,0.00117394699406165,0.00384771288517311
"3869","XM_053621193.1","col13a1",-1.65767178539435,5.60722773020636,60.0101900208057,1.78183637492328e-05,0.000194369051464003
"3874","XM_053621203.1","pcdh15a",-2.01001904640621,6.77041353481129,143.737867766364,3.65166924432985e-07,1.66276703903245e-05
"3877","XM_053621211.1","LOC128605598",-2.70951499460325,3.04233614391013,68.9761051429228,1.00549544674141e-05,0.000131265808805242
"3896","XM_053621260.1","antxr1d",-2.17765418177787,3.59058130268086,44.6558733494009,6.13795673634718e-05,0.000440431044538954
"3900","XM_053621270.1","vstm4a",-2.67452538068601,1.6715224756272,21.1601414056774,0.00101955099741874,0.00346296507474078
"3942","XM_053621377.1","fgf8a",-2.93510234219539,1.12040532102078,28.21913720763,0.000276731404118104,0.00128801839271531
"3944","XM_053621387.1","b3gat2",-2.32275667777129,1.40802882967416,18.4705857339332,0.0016244456603043,0.00498606870477929
"3946","XM_053621395.1","LOC128605700",-2.27576414927703,5.58443700742495,61.4647940107326,1.60904241374957e-05,0.000181893705263813
"3957","XM_053621418.1","ccdc85a",-2.52805084199664,2.04022553202317,36.2543255185505,0.000144831861411229,0.000807347855552678
"3961","XM_053621424.1","LOC128605714",-2.45595940408516,2.29649579268432,29.6233528640479,0.000315371129417637,0.00141890712701854
"3970","XM_053621441.1","LOC128605728",-1.62729225619624,4.31056625008069,42.4794887651118,7.49927628166964e-05,0.000505241011031629
"3972","XM_053621444.1","LOC128605732",-2.89751718057199,3.67971663355401,64.128903509051,1.35572786004497e-05,0.000160545154340951
"3975","XM_053621462.1","zgc:152968",-2.68139102756108,3.55336469854717,70.1082480613726,9.22253330689714e-06,0.000124515737424563
"3982","XM_053621473.1","LOC128605759",-2.8879941882341,2.80724179179035,21.4009866586203,0.00101786370645307,0.00346097390214117
"3983","XM_053621474.1","LOC128605760",-3.13020954761057,1.08057575826856,14.5283163897114,0.00288455428352164,0.00793730490254092
"3984","XM_053621477.1","LOC128605764",-3.10306418468813,1.90973640801454,22.7603981875519,0.000776172136835932,0.00279836849690425
"3987","XM_053621481.1","LOC128605767",-1.92600599201411,3.73578469326424,19.1738338355892,0.00145872067625643,0.00458608862055528
"3988","XM_053621482.1","LOC128605768",-4.048093955274,1.34894093487963,27.3400041064917,0.000201204423280615,0.00102090611917032
"3989","XM_053621483.1","bcl11aa",-3.25594105788547,2.9583739149173,30.851525909089,0.000270512665143245,0.00126635599286838
"3992","XM_053621504.1","ret",-2.09404350354239,3.5035394394372,36.7908514346517,0.000133562768039097,0.000764026181385593
"4005","XM_053621559.1","zgc:153981",-2.33549874756187,3.19197592440074,45.5233158503916,5.70507777388594e-05,0.000419408714821369
"4033","XM_053621652.1","ptk7b",-1.77055820131966,6.93140725771207,53.793924246334,2.82917866416709e-05,0.000263362531429194
"4039","XM_053621666.1","valopa",-3.63416877757806,0.70872515866763,16.1629872870178,0.00145378590800637,0.00457501677270744
"4041","XM_053621670.1","LOC128605861",-2.43492195460114,3.54973920676036,58.6608746817841,1.97522074271734e-05,0.000207629047942261
"4044","XM_053621686.1","tgif1",-1.80273841375063,6.39563806560473,81.9152937892245,4.62021347216957e-06,8.05934304928819e-05
"4054","XM_053621725.1","LOC128605890",-4.37061435126572,2.4826873332953,22.0028388279202,0.000766364674203779,0.00277385529025566
"4055","XM_053621726.1","LOC128605891",-3.51185272075575,3.11940619770279,59.5550444285561,1.92014172057004e-05,0.000204226374327121
"4059","XM_053621732.1","opn3",-2.71455349321402,2.18485504678044,21.6361738798868,0.000979299834458547,0.00336080256947529
"4061","XM_053621737.1","si:ch211-51a6.2",-1.59963224300928,2.38938012625647,19.1448104746753,0.00147521156560313,0.004625358284715
"4071","XM_053621795.1","cavin4b",-1.90451341867399,2.32380929616963,18.5348645321088,0.00165049954508547,0.00505262606577981
"4081","XM_053621818.1","si:dkey-103j14.5",-1.61451524265425,3.36643896108678,33.932401845213,0.000183133085652185,0.0009547692079026
"4082","XM_053621819.1","khdrbs2",-1.91973321873764,4.01671457689903,34.6864315816395,0.000167954010816727,0.000895298286580005
"4084","XM_053621828.1","oprm1",-1.8947794703884,2.88117630699869,18.1278764752818,0.00176456377108583,0.00532130371205987
"4106","XM_053621901.1","LOC128605974",-2.19393271486059,1.11141433466595,16.7928140469586,0.0021643192057791,0.00628223046497259
"4108","XM_053621903.1","LOC128605976",-1.88571496505392,2.19903543524681,24.1251158706271,0.000665728222652752,0.00249002044092023
"4117","XM_053621919.1","si:dkey-9i23.16",-2.00561550738041,5.6721222011735,77.8648618329276,5.77626430674587e-06,9.32264871361935e-05
"4124","XM_053621932.1","adra2c",-2.28318219529765,2.15566354918722,18.9481443398819,0.00154306490668839,0.00478802658797615
"4130","XM_053621951.1","ntng1a",-2.82244915456426,3.54599815005407,45.9842550939433,5.47911985201136e-05,0.000409492115255586
"4131","XM_053621952.1","LOC128606010",-2.81692620730337,2.13061380337524,38.3307754178172,0.0001152429370782,0.000685612886961375
"4140","XM_053621973.1","sgms2a",-3.41674544415632,1.94357025881562,31.2203170932791,0.000224915513429406,0.00110599402533269
"4148","XM_053622020.1","gprin3b",-2.59006413840366,2.29115729705686,32.489853636482,0.000222290835532088,0.00109745244718904
"4163","XM_053622060.1","LOC128606066",-2.57891671250326,1.27651428124192,24.541486980314,0.000562034810235355,0.00217921425343471
"4173","XM_053622088.1","nr3c2",-2.62256667772515,2.25790025722077,22.4955387385824,0.000857062391756739,0.00302400305094989
"4196","XM_053622133.1","glra3",-2.71137644150696,2.43429221174653,25.0367881243689,0.000585854519481701,0.00225054887550303
"4205","XM_053622155.1","LOC128606122",-1.97433612916165,1.93283608060835,15.5417498013777,0.00293204647023715,0.0080461041295472
"4209","XM_053622169.1","LOC128606133",-2.17335412895185,3.11818243203815,28.116937596402,0.000375968519423552,0.00161180571833381
"4228","XM_053622213.1","LOC128606160",-4.34871784109166,1.86680081523581,48.3884370955049,1.90538191510834e-05,0.000203311220983568
"4235","XM_053622232.1","LOC128606172",-4.1940597751422,1.4642262277692,27.2976390605871,0.000202132610192383,0.00102478004816608
"4236","XM_053622234.1","cxxc4",-1.79067725343372,3.59899897076137,28.4405193951171,0.000358779620977721,0.00155917436359392
"4243","XM_053622249.1","si:ch73-167i17.6",-3.3076037924923,1.97937908544008,31.3242144259848,0.000230415457677494,0.00112533797416166
"4247","XM_053622266.1","cbln1",-3.39558935589733,2.45354403223874,24.9900020629586,0.000576487355477474,0.00222036100653565
"4249","XM_053622268.1","LOC128606231",-1.94906520179148,3.79055147295317,55.104095834984,2.56292239752331e-05,0.000247397661127653
"4250","XM_053622273.1","LOC128606236",-1.90263241668165,0.6750063259544,15.7656393323697,0.00254340554360113,0.00714430833590406
"4253","XM_053622277.1","LOC128606240",-1.74944494670578,4.90947437341945,68.3853806253643,1.0172354725966e-05,0.000131855605106502
"4256","XM_053622282.1","LOC128606243",-2.74935816740628,4.5434101639047,41.141663117915,8.54105344804197e-05,0.00055455685544107
"4257","XM_053622283.1","LOC128606244",-2.69525405369246,3.77718392084399,30.2875509190943,0.000283743660388044,0.00131160547526032
"4259","XM_053622285.1","LOC128606246",-2.0415030643266,2.93523885233938,27.9546396163556,0.000384514147700978,0.0016419190247912
"4260","XM_053622286.1","bend7",-3.8527921424944,6.68672828035982,125.379647786225,6.8347972010647e-07,2.41470501387912e-05
"4261","XM_053622287.1","LOC128606248",-2.4672002558562,2.88219113517741,33.0498039125172,0.000205392019145557,0.00103643578738413
"4262","XM_053622289.1","mapk8ip2",-2.63464478995402,4.55959817290629,71.8264940400146,8.23325096082617e-06,0.000115822968918781
"4265","XM_053622299.1","LOC128606259",-3.92405153178525,1.25234292342904,46.251984067349,1.75665846123292e-05,0.000192270366263952
"4266","XM_053622300.1","LOC128606260",-4.08607142632636,0.634500756165791,33.6418146699334,5.82256480749697e-05,0.00042393055479434
"4268","XM_053622322.1","klhl38b",-2.11460896549519,2.31732583917898,22.456574100171,0.000858938452492834,0.00302864205379089
"4269","XM_053622326.1","LOC128606289",-5.1394942045824,0.805277657626749,35.1858444165467,0.000110262779495889,0.000664532343439855
"4281","XM_053622359.1","LOC128606323",-3.75655547298599,0.392243062952029,29.0361426221896,0.00011784761689256,0.00069675574224133
"4288","XM_053622388.1","bmp16",-4.36518293636636,1.28940636473423,28.1711989206768,0.000141001647481123,0.000793373190623712
"4293","XM_053622399.1","si:dkey-30c15.2",-2.87312595905659,3.25733163635694,31.8892232058859,0.000235364613355066,0.00114251504960247
"4298","XM_053622430.1","cd9a",-2.64961914316385,0.736937679752791,14.7898743427978,0.0027282371691287,0.00756848133740353
"4310","XM_053622463.1","b4galnt3b",-1.62080671248335,4.67614745912454,29.698675270932,0.000304539915232011,0.00138463511079805
"4345","XM_053622564.1","iqsec3b",-2.8966750845952,3.16121551822487,49.4870564152976,4.09837118712344e-05,0.000338492003965073
"4355","XM_053622596.1","hcn4",-2.50131748696239,2.59293152334397,24.3409807065401,0.000645687974446441,0.00243305328918505
"4367","XM_053622614.1","chrnb4",-2.22328368966303,1.73797609839827,21.4406551349717,0.00100889776074159,0.00343759986337295
"4374","XM_053622632.1","abcc8b",-2.28328261806317,3.35241273608501,49.3173575368546,4.09204424981319e-05,0.000338141972006003
"4388","XM_053622670.1","znf296",-2.37789449802165,4.3736030617429,59.6072258279345,1.83666250865122e-05,0.00019847725427267
"4389","XM_053622671.1","capn12",-2.24462825115598,1.44248061560558,14.4880720256304,0.00357594439498309,0.00947730646135991
"4396","XM_053622696.1","map3k10",-2.1777540759643,3.09067756387131,43.6921327756065,6.74149167735571e-05,0.000469583766235087
"4397","XM_053622704.1","six5",-2.01553504458828,5.84087019850384,82.7985841016695,4.40727017398668e-06,7.83149172080092e-05
"4398","XM_053622707.1","large2",-2.71151377724006,1.37765547164647,22.6376355022028,0.000753873648294065,0.00273994311149177
"4428","XM_053622804.1","bicd1a",-1.83881632046506,3.26195120032067,30.8451143012492,0.000264515561744548,0.0012447144668654
"4446","XM_053622850.1","cdh13",-1.59758026626665,2.10771221363902,18.7948478161905,0.00157594045401586,0.00486393213910558
"4447","XM_053622853.1","fpr1",-2.22059065415691,1.23625513780856,22.3773591447365,0.000826064740504031,0.00293639350445307
"4448","XM_053622854.1","si:dkey-238o13.4",-2.4340755553858,1.97330836057168,21.7283246452107,0.000965383711403813,0.00332432068074982
"4454","XM_053622871.1","panx2",-3.55868695434217,2.18704532831461,41.0130743452409,7.85463712824982e-05,0.000522394682958538
"4455","XM_053622875.1","btbd11b",-2.80889485175353,5.19905944617578,99.6404434996554,1.93496501618822e-06,4.7756802836728e-05
"4489","XM_053622981.1","b3gnt9",-2.37841613896838,1.44619197503687,19.5638706436332,0.00133726015550169,0.00428071334729312
"4495","XM_053622997.1","cpne2",-1.73233398596511,3.31712419356204,36.6292251649448,0.000135854409547721,0.000771653046231053
"4514","XM_053623042.1","megf11",-1.62366711629427,4.28825519115403,48.6319392600842,4.31137859243787e-05,0.00034940298879084
"4547","XM_053623129.1","si:dkey-12e7.4",-1.77223857744711,2.10601097783384,17.0496683301598,0.00217501406340296,0.0063053595376732
"4555","XM_053623151.1","necab2",-2.30830500086304,4.07248517158571,60.6603008653063,1.70580150020784e-05,0.000188616903588556
"4561","XM_053623158.1","nrn1la",-3.31098328483874,4.46653817655196,70.3571989124567,9.03650727435294e-06,0.000122932304154
"4573","XM_053623192.1","mctp2a",-2.00634263386478,3.63315348626603,52.4036171749348,3.16687673206727e-05,0.000286238975648827
"4574","XM_053623203.1","nr2f2",-2.31099578510251,3.06276541464716,31.0806209995664,0.000258330584232978,0.00122455505053103
"4576","XM_053623214.1","LOC128606792",-2.11480918528991,1.24728403776294,15.7936489479171,0.00270784873749272,0.00752526272318149
"4582","XM_053623241.1","reln",-2.00519783820369,3.4911313713808,46.6294076314868,5.14112366644071e-05,0.000393080706462199
"4623","XM_053623378.1","fam189b",-2.76279501010669,2.21903276118347,20.4572223795185,0.00118781684542692,0.00388557014836856
"4643","XM_053623461.1","kctd14",-1.68772287797142,3.47526232592082,28.8293317832673,0.000341047278894883,0.00150268735730821
"4651","XM_053623488.1","plcg2",-1.70550242391313,5.53280934668468,81.1305081803267,4.82132973691708e-06,8.2590143683824e-05
"4658","XM_053623501.1","LOC128606937",-1.59822690772058,5.12384694292272,59.7747851754668,1.81227190963375e-05,0.000196365847879192
"4659","XM_053623502.1","LOC128606939",-2.46730248675284,5.02929857181226,55.7145279980925,2.44273278987421e-05,0.000238479787439433
"4665","XM_053623519.1","frmd4a",-1.60939552643818,7.2183882138769,48.2077252668755,4.46638759518465e-05,0.000357399319776812
"4671","XM_053623530.1","LOC128606954",-1.73439668106945,2.93108318253916,17.8911371302736,0.00184085243762051,0.00550419639087567
"4674","XM_053623533.1","LOC128606957",-2.77286685353711,4.19190144641892,68.3022888574967,1.02600015782415e-05,0.000132552997245469
"4675","XM_053623534.1","LOC128606958",-3.15505600503082,3.73798433320886,61.9774660137014,1.57481656054036e-05,0.000179150600716987
"4681","XM_053623549.1","fzd9b",-2.29497161162242,1.63779979399355,20.295492128794,0.00120889185195015,0.00393864658184675
"4683","XM_053623551.1","trpc6b",-3.6230702562076,2.88848052861735,56.1480934407526,2.43432048080314e-05,0.0002383305679489
"4704","XM_053623603.1","wtip",-1.65924906617064,5.29449586555287,54.6967402925132,2.63873288507248e-05,0.000252905908487587
"4715","XM_053623631.1","LOC128607017",-4.22528275400275,3.0924604737644,90.5049171263415,2.89688589451429e-06,6.08233318552494e-05
"4716","XM_053623632.1","LOC128607018",-1.92074826579266,1.99793374680157,18.4277972335283,0.00169151498701684,0.00515381980233929
"4726","XM_053623655.1","LOC128607036",-4.09585585095079,0.643707759994951,21.9370909049929,0.000411288666600123,0.00172567854547881
"4727","XM_053623657.1","LOC128607038",-4.46769215966972,0.929366897332182,27.4172236330658,0.00015269842402753,0.000838591202928569
"4728","XM_053623661.1","efna1b",-2.22913260557852,3.7308282128022,59.9102389221782,1.80089790910387e-05,0.000195657284245459
"4729","XM_053623671.1","LOC128607053",-5.22025093688738,0.868963503450772,42.6033348813098,4.86934145075947e-05,0.0003784266071396
"4732","XM_053623689.1","plch1",-2.26777945011624,3.2264418720734,18.0510568177527,0.00178876156165415,0.00538624854167734
"4744","XM_053623705.1","veph1",-2.97572207485092,1.92145418796407,26.5283424367524,0.000452739582371459,0.00185214767738923
"4745","XM_053623707.1","veph1",-1.75557627845852,3.01248219677493,28.8529136868221,0.000340762329190768,0.00150236741231928
"4746","XM_053623708.1","veph1",-2.86432284355661,1.71794649625586,31.76117779216,0.000224337917195778,0.00110420941233037
"4776","XM_053623809.1","slc27a2a",-2.46062245849534,2.84064798557822,39.0060163447351,0.000107486257825342,0.000653148476605344
"4783","XM_053623829.1","bnc1",-2.62728531838657,3.40657588354952,41.1147898715915,8.62466538020386e-05,0.000558911461868455
"4790","XM_053623844.1","slc12a1",-3.23459077472524,3.42509150867827,38.0795086270029,0.000118442677143769,0.000698747721156084
"4794","XM_053623864.1","LOC128607174",-3.70444698742044,4.60737149191536,127.05830837848,6.4962421789992e-07,2.34471752828638e-05
"4796","XM_053623868.1","spon1a",-2.46097117977127,3.88213177659815,65.2924820628672,1.24651260077813e-05,0.000151376939095247
"4799","XM_053623871.1","LOC128607180",-2.07202050910546,4.2870231348093,73.1099601713894,7.61903057442187e-06,0.000110554581579457
"4804","XM_053623877.1","LOC128607185",-1.70567965336828,3.34942832351605,25.9210023762581,0.000505803697663525,0.00200881998473434
"4813","XM_053623898.1","si:ch211-218o21.4",-1.88534292076797,2.96316249374155,27.8693471804346,0.000388305269744018,0.00165374525299031
"4818","XM_053623924.1","paox1",-2.15593163586997,3.27904290948128,34.7227748620226,0.000167886366741122,0.000895298286580005
"4822","XM_053623939.1","ggt5a",-3.04949376339631,5.13538597358247,90.9856048581335,2.90590981621165e-06,6.09337669751739e-05
"4825","XM_053623944.1","LOC128607270",-1.8097993837823,2.50942464693866,22.6649791490801,0.000825199727312387,0.00293460746611005
"4831","XM_053623961.1","cabp1a",-1.83503183601165,3.76225099376045,28.1544715849864,0.000372479459616768,0.00160151327816102
"4837","XM_053623993.1","LOC128607290",-2.68306253210691,2.09904814058416,31.6151042236527,0.000245002419632902,0.00117723335381936
"4841","XM_053623998.1","LOC128607296",-1.92416277427751,1.37039373131804,20.3919670860121,0.00119060817660528,0.00389143854244995
"4843","XM_053624037.1","chrnb2",-3.89336678918623,1.22469320621375,27.7064910259219,0.000189590128292986,0.000978974480640146
"4851","XM_053624050.1","she",-1.58585454325229,6.12031466401517,20.519368378241,0.00115686442978021,0.0038032740433148
"4855","XM_053624059.1","LOC128607325",-2.23310095911813,3.07055969797386,27.8376982296796,0.000390599908471935,0.00166089606470809
"4856","XM_053624061.1","slc7a4",-2.03172610912099,4.0440387550544,33.2755292379073,0.000197362589245964,0.00100881136555531
"4865","XM_053624081.1","atp8b2",-1.90239431218961,4.43897805110179,48.1422793619482,4.49570184800148e-05,0.000358983411754389
"4867","XM_053624090.1","olfml2a",-2.13440728633983,3.49899269684104,48.7880891757353,4.26866116702439e-05,0.000347590980743415
"4878","XM_053624134.1","fzd10",-1.8011962924546,5.04638705956344,42.9026378398424,7.20097515299682e-05,0.00049309366443015
"4898","XM_053624171.1","LOC128607361",-1.70216991447192,2.43213828695052,15.8824556725747,0.00271541810176485,0.00754241390380393
"4919","XM_053624249.1","nr6a1a",-2.24343082698676,3.75583610968607,54.6166491069731,2.66336828416814e-05,0.000254513611476469
"4929","XM_053624280.1","disp3",-2.89866985137946,2.2754329210353,29.9853773685114,0.00029932712452878,0.00136685683832775
"4940","XM_053624303.1","LOC128607442",-1.88512615983253,4.15721401056686,42.6299334380433,7.39562586567424e-05,0.000500822440679691
"4946","XM_053624316.1","lgi3",-2.78685529183077,0.630521469134955,23.7824892578342,0.000432593769459864,0.00178963146946493
"4947","XM_053624317.1","LOC128607454",-2.54799398858977,4.43478718357151,38.7207871293595,0.000108868989447262,0.000659076739406238
"4948","XM_053624318.1","LOC128607454",-3.1059273394535,1.92273102614436,22.6918227402272,0.000784890725159072,0.00282414115556236
"4959","XM_053624343.1","sypb",-3.11779397347106,4.89662629826052,140.568441081401,4.05869694352987e-07,1.74739856707079e-05
"4963","XM_053624356.1","rasef",-1.65897581205718,5.84894968093447,75.1417866323255,6.74969799813543e-06,0.000102327471562202
"4964","XM_053624357.1","frmd3",-1.88422802408181,4.08400086569044,38.8252996092968,0.0001076766272546,0.000654059753094735
"4965","XM_053624358.1","LOC128607482",-2.15885153446365,0.853752013372062,14.9923952382032,0.00298632157344961,0.00815770732889004
"4983","XM_053624413.1","pdlim2",-1.93361690056068,0.9251689447779,16.5192984062613,0.00228461314380526,0.00654687866382007
"4987","XM_053624417.1","foxb2",-3.29147937340576,1.55619153063663,28.0862624174852,0.000304552873800161,0.00138463511079805
"4995","XM_053624447.1","npy8br",-2.98124224531788,3.54253593989844,57.6359644039076,2.14632548013514e-05,0.000219347960053205
"5008","XM_053624507.1","LOC128607556",-1.78386047145004,6.63340835067273,89.2666876596474,3.15794172721548e-06,6.39009508502053e-05
"5031","XM_053624571.1","LOC128607593",-1.92628076741565,5.26155646760571,49.8959539841925,3.8742411761012e-05,0.000328799026390208
"5049","XM_053624625.1","zgc:171572",-1.81535036863444,5.47425310479658,54.0033493009001,2.78402767562154e-05,0.000261649186563821
"5050","XM_053624626.1","zgc:171572",-2.05862135163543,8.16394137319863,77.369774757686,5.93795259307394e-06,9.49837713208309e-05
"5057","XM_053624703.1","bsna",-1.71458571737086,3.77192508496026,23.3395332848085,0.000737909699103004,0.00269341199753764
"5059","XM_053624706.1","LOC128607645",-1.86771270243757,6.13810405035076,33.4319958315066,0.00019358027836189,0.000993241694492007
"5070","XM_053624751.1","LOC128607671",-2.33783823286714,6.0912797864393,88.9935092945148,3.20172627364911e-06,6.43403760876019e-05
"5075","XM_053624760.1","kif5aa",-2.4246073124511,3.68803858776147,73.5557054655524,7.45020246572227e-06,0.000108773077427444
"5077","XM_053624762.1","map3k12",-2.14150386966174,3.66708387307658,50.522363219156,3.68950828401466e-05,0.000318367591160071
"5081","XM_053624776.1","lmx1bb",-2.03407116554994,0.763789887488873,14.4916774108549,0.00332761024389222,0.00892582512479325
"5093","XM_053624812.1","atp1a3b",-1.76826074421705,5.46436721079029,49.6319777666163,3.96024021471925e-05,0.000331823854015917
"5101","XM_053624835.1","lhx2b",-2.39860329766504,1.13685840319571,15.1592911296462,0.00294862803542728,0.00807928074432919
"5103","XM_053624849.1","LOC128607721",-4.33812045157306,6.14298839350886,19.1632127147786,0.00146086533533467,0.00459015684169208
"5126","XM_053624895.1","cldn5a",-1.97984826547656,4.87370966440292,36.0567507372542,0.000144199457067198,0.000804376571676015
"5136","XM_053624913.1","loxhd1b",-3.22006643063283,0.951005625413619,33.7738731321527,9.89095283044166e-05,0.000613231499116008
"5137","XM_053624915.1","ptger4a",-2.48059261652422,1.52775216722486,15.029107538432,0.00316658714807233,0.0085634334702631
"5141","XM_053624928.1","lzts3b",-3.01769045577777,1.94929937703391,42.0428318201941,7.54685424973986e-05,0.000506716248179584
"5159","XM_053624993.1","prdm6",-2.68436795358962,2.17069113698403,43.5167269664581,7.00244427538063e-05,0.000482389722897762
"5160","XM_053624994.1","prr16",-1.95893205644266,1.96353879263814,20.3363062369235,0.00121518092532709,0.00395324534147808
"5162","XM_053624997.1","znf608",-2.59305583684554,3.87021096544052,90.1796286580961,3.03614934699819e-06,6.28080654803095e-05
"5175","XM_053625025.1","grid2",-3.4009564633716,1.30284801833722,28.3719434652784,0.000242246773714626,0.00116894779971123
"5186","XM_053625043.1","ptch1",-1.82328469063608,6.9971531974015,39.102240253577,0.000104546187446108,0.000639846382751453
"5199","XM_053625073.1","cacna1fb",-2.57325926605174,4.84939992638712,69.2091379918221,9.66588930647882e-06,0.000127731768239412
"5201","XM_053625078.1","si:dkey-70p6.1",-2.64978316929591,1.44261842826361,35.0106335054256,0.000148759431587127,0.000823288095224757
"5208","XM_053625098.1","mapre1a",-1.88673178290496,4.62965708836571,32.6971558944848,0.000211028692232012,0.00105631801788862
"5221","XM_053625129.1","elapor1",-1.81096872066012,3.27400731123212,30.7337590833525,0.000268135315443119,0.00125886731043886
"5224","XM_053625135.1","LOC128607889",-2.87835646038468,1.07446704991216,29.4029314140051,0.00023456584234966,0.00114097111056379
"5226","XM_053625137.1","LOC128607889",-2.93700111312322,0.500506319732037,16.6169135491303,0.00149597139495492,0.00467866787896642
"5228","XM_053625142.1","LOC128607891",-5.99008869006391,5.10865905815334,180.558443807075,1.34257339910114e-07,9.83419827359691e-06
"5233","XM_053625156.1","LOC128607897",-1.87972595885652,4.66919672559581,31.0555230610674,0.000257088092005493,0.00122188550598501
"5237","XM_053625168.1","slc6a17",-2.0415249204674,4.89038349980649,39.6701229062485,9.8741651974173e-05,0.000612795124470023
"5241","XM_053625186.1","amigo1",-3.07017363561049,4.10778030808177,88.3760166315028,3.32759093622952e-06,6.56915147264432e-05
"5242","XM_053625188.1","olfm3a",-3.09949777128096,2.20080996321061,52.7010590435357,3.08266905278759e-05,0.000281035175010111
"5248","XM_053625206.1","kcnq2a",-4.42950465913729,0.907532105381232,32.6906482865274,6.67059234097435e-05,0.000467056872040193
"5261","XM_053625249.1","alas2",-1.8676555755439,1.07397494809366,14.3831745724091,0.00363173930356411,0.00960708025158416
"5279","XM_053625303.1","elavl4",-2.6976691489172,2.65476720605964,35.1809264418415,0.000162995557874025,0.000877476584923418
"5288","XM_053625328.1","abl2",-2.65351382793171,1.44578424456651,28.6451162691418,0.00032467839181272,0.0014471334292685
"5295","XM_053625352.1","wnt2bb",-2.23889834637858,1.02865223318583,17.3172674887795,0.00191430612471251,0.00568601606364148
"5296","XM_053625353.1","cttnbp2nlb",-3.29717142375782,2.27099609006253,48.6472321850189,4.22661715704537e-05,0.000345732584831988
"5318","XM_053625419.1","sema3b",-2.80114036413217,1.18292140365574,20.5509622451709,0.000984163029328427,0.00337534557601029
"5328","XM_053625439.1","celsr3",-1.7711486168065,5.16927689734177,53.8451394640635,2.81871439981347e-05,0.000262862507184175
"5367","XM_053625550.1","LOC128608109",-2.47395342994177,2.85504973466032,23.5422896770799,0.00072328016868796,0.00265563843671404
"5370","XM_053625553.1","LOC128608109",-3.06769722738337,1.99479153826957,21.599284263021,0.000949542751222757,0.00327865031681338
"5379","XM_053625580.1","traf1",-1.72706521314324,2.44878499016308,26.289337145731,0.000484214779513443,0.00194358265578071
"5396","XM_053625644.1","kcnd1",-1.85753189699433,3.66350253057203,30.187143893554,0.00028669355326862,0.00132184427237608
"5398","XM_053625649.1","ptpn18",-2.17937329193241,4.38153160998195,59.3639881323777,1.86826433007771e-05,0.000201198276459211
"5415","XM_053625693.1","ccdc120a",-1.95718820755916,5.80361337917971,74.9503866819457,6.82552381123126e-06,0.000103070503224078
"5419","XM_053625712.1","fgd1",-2.67777849237315,5.2916799663135,97.2892130792995,2.15292735792216e-06,5.12184726672491e-05
"5428","XM_053625750.1","si:dkey-222n6.2",-1.63324322207333,1.83770322619509,15.5336468365853,0.00293356073941676,0.00804889512706415
"5437","XM_053625775.1","nfic",-2.00566150081111,2.99379369364955,15.5456623666663,0.00289694779442842,0.00796463839949173
"5444","XM_053625794.1","acer1",-2.03434767925914,3.56014205959424,42.3989860677019,7.57427208329007e-05,0.000508096483755868
"5453","XM_053625842.1","slc2a3b",-2.6472171432349,1.20436004753702,19.0617234390446,0.00134048792549778,0.00428679492354255
"5461","XM_053625903.1","atoh1a",-3.40520794558253,1.93078647841417,29.5504758722944,0.000277967630813256,0.00129265728457483
"5463","XM_053625905.1","prdm2a",-1.68649183072289,6.67969850775141,38.8443964030143,0.000107341408994092,0.000652758350411854
"5470","XM_053625915.1","ntng2a",-3.91247690376736,1.90638631106125,39.3218864320421,6.99575213735655e-05,0.000482389722897762
"5471","XM_053625916.1","grm6a",-2.76621191679862,2.4381763707965,30.2189036728679,0.000292683593963916,0.00134219887226285
"5472","XM_053625918.1","zgc:101100",-1.70813254507139,2.81056251005349,24.8093743435911,0.000594897503603759,0.00227668987587374
"5474","XM_053625920.1","trabd2b",-2.66376951368435,3.61161682356099,79.1531154548087,5.42513031694409e-06,8.94663374194172e-05
"5485","XM_053625951.1","qsox1",-3.0841216493097,5.01579916429477,71.1896207855181,8.55636228350487e-06,0.000118384950978955
"5487","XM_053625953.1","xpr1a",-1.60720321028944,5.27674987635295,39.5063965816288,0.000100360428926561,0.000621037700100599
"5496","XM_053625980.1","stap2b",-2.31041802369534,2.71969997233593,50.5256469460566,3.75665542324891e-05,0.000321420391075863
"5507","XM_053626024.1","zgc:92140",-2.02128515824396,5.0461705511459,58.2660357344948,2.02060551455057e-05,0.000211302080552613
"5517","XM_053626054.1","trpm2",-1.8394433522865,2.06873131017265,23.640843280009,0.000717064119357019,0.00263874379726107
"5527","XM_053626075.1","LOC128608414",-1.79661375333392,2.20004497846635,15.8126423484592,0.00276393053765268,0.00765614434351841
"5529","XM_053626078.1","prkcg",-1.73007621624189,5.00132838910296,44.4490106479483,6.23533315381619e-05,0.000446034348625614
"5533","XM_053626097.1","znf804a",-2.85352577895788,2.72164722581382,39.9430291512694,9.89893921640142e-05,0.000613491684667328
"5537","XM_053626115.1","wnt6b",-8.41786472152292,1.90390343310114,28.8016178995963,0.00074031769531707,0.00269976635543878
"5538","XM_053626120.1","asic4a",-2.72824911583704,3.64677923240723,71.6130823171728,8.40224444489631e-06,0.000117224813627049
"5571","XM_053626220.1","vwc2l",-2.73374342398382,1.12473285149459,29.5455844331184,0.00025027021797614,0.00119580114775612
"5583","XM_053626271.1","znf385b",-2.43882689156606,1.83285313458073,23.8337986449792,0.000692745325356853,0.0025679325227563
"5584","XM_053626279.1","itga4",-1.59727936636132,6.64862540511906,38.5936446725865,0.000110146217840826,0.00066407708544033
"5587","XM_053626290.1","frzb",-2.99744271668044,3.04024998935354,63.4136590314419,1.45705072926278e-05,0.000169444951187542
"5633","XM_053626466.1","kif5c",-3.67997554080836,2.6944401165067,89.6321254873982,3.0975298684653e-06,6.33916732120307e-05
"5634","XM_053626470.1","lypd6",-1.99467815804023,3.83131253626046,38.5934349227223,0.000110348544845221,0.000664769691455501
"5652","XM_053626517.1","ramp1",-1.68734220961902,3.77192307917851,36.489496624839,0.000137720213981295,0.000780334205085474
"5656","XM_053626528.1","hs6st3b",-3.11380340474295,1.9264548572432,27.953331883004,0.000365555425956271,0.00158055855645836
"5658","XM_053626534.1","dnajc3a",-1.59583503333968,2.51171332824503,21.2315162147005,0.00103478546689921,0.00349989328702475
"5663","XM_053626550.1","si:dkey-219c10.4",-2.51810589034105,2.89072345332313,43.8173208617018,6.73642859683298e-05,0.000469583766235087
"5664","XM_053626551.1","cacnb4a",-1.99027399935437,3.63873006758225,42.3699216341792,7.59186420681536e-05,0.000508890674036965
"5689","XM_053626616.1","LOC128608685",-3.53876140260547,0.949367671288119,32.3464906143312,9.54981959691112e-05,0.000598268110041785
"5693","XM_053626634.1","sytl5",-2.64590727950406,5.64504555790912,143.023766149147,3.73856986594453e-07,1.6687489116959e-05
"5694","XM_053626642.1","LOC128608703",-2.78008538822868,5.34504924186859,79.536595173609,5.26469987916637e-06,8.75898886371482e-05
"5701","XM_053626672.1","stxbp5l",-3.51027606144025,0.920973682641215,23.2906160132974,0.000396975285198688,0.00167959252906213
"5705","XM_053626688.1","LOC128608685",-3.30048802755652,3.55544993347555,90.0721380313855,3.12675185888505e-06,6.37901892614515e-05
"5709","XM_053626695.1","LOC128608685",-3.23694756840757,2.48744565564911,35.7681700448208,0.000151358674106689,0.000833116020550518
"5715","XM_053626726.1","gli2a",-1.77561714731688,5.85438098540443,67.04930832904,1.10735331120505e-05,0.000139936263870316
"5726","XM_053626743.1","ncam2",-2.61002014062109,3.55259214757623,60.8180958459592,1.69722601519013e-05,0.000187796956485973
"5727","XM_053626746.1","itga10",-2.88839619677769,4.52821195901044,79.0393986547583,5.42321375369269e-06,8.94663374194172e-05
"5737","XM_053626769.1","slc25a6",-2.61137567276863,3.38058534982884,38.6199565112568,0.000110784231682848,0.000666539385271405
"5757","XM_053626849.1","crabp2a",-1.59900319652801,3.90948242565582,15.9445611280821,0.00266646582855147,0.00742563608984681
"5762","XM_053626882.1","slain1a",-2.65612385063693,5.6984323002384,124.150154788391,7.14851506211137e-07,2.46213110266934e-05
"5766","XM_053626886.1","rgcc",-2.904970662822,7.47764903093149,174.162442476252,1.5022492299157e-07,1.02178195520485e-05
"5782","XM_053626923.1","kctd12.1",-2.13205669209387,2.04263460266047,21.56284118471,0.000993816974827468,0.00340234873515395
"5788","XM_053626979.1","tnfaip6",-1.96517058988091,2.33388324836812,29.421568107051,0.000320944054730552,0.00143830220472085
"5793","XM_053626984.1","LOC128608853",-3.53392832126477,2.27499364433739,57.554481656855,1.96960194589408e-05,0.000207261342454952
"5794","XM_053626985.1","LOC128608854",-3.79996813947003,3.43977256475837,67.8029597600323,1.10392300252983e-05,0.000139720919194315
"5795","XM_053626986.1","galnt13",-1.77226454856003,2.91526258619276,18.017615159334,0.00179901392770968,0.00540806638101473
"5796","XM_053626987.1","rprma",-2.38893382451823,3.29011291839582,35.0954380459945,0.000161328450053019,0.000870818589349206
"5809","XM_053627021.1","LOC128608874",-1.63296504122434,4.20185615447965,29.5721226084895,0.000309581917261698,0.00140103776254749
"5822","XM_053627053.1","LOC128608889",-3.45349590050917,1.96902453300407,21.0787092843761,0.000971929675698512,0.00334188563938137
"5842","XM_053627161.1","LOC128608935",-2.62528437768932,2.1248419143082,35.0271511300947,0.000165670506432699,0.000888626294941197
"5848","XM_053627172.1","LOC128608942",-2.93830435454373,4.12631645238248,79.4833283320861,5.30670895261358e-06,8.80174226689638e-05
"5849","XM_053627173.1","fign",-2.09933678348278,1.33858550272219,15.5088056390866,0.00289336118552533,0.00795725106444136
"5850","XM_053627174.1","fign",-2.03117600993297,1.85575099567273,16.2315129879036,0.00255692935194407,0.00717855920035909
"5860","XM_053627199.1","LOC128608957",-2.67556376374819,3.70360800168042,69.8240862453205,9.36229753791491e-06,0.000125357214676399
"5865","XM_053627211.1","fzd7a",-1.93177503667003,3.49521913092637,26.3112981209491,0.000478877335540597,0.00192741579008732
"5874","XM_053627238.1","nrp2b",-3.20187203867568,4.21268381389044,58.7992116465487,1.95512761701147e-05,0.000206725054632146
"5875","XM_053627239.1","nrp2b",-2.28823830412405,6.58046540851528,127.842573357013,6.25045920887313e-07,2.29860509431674e-05
"5898","XM_053627317.1","LOC128609023",-1.61259576543037,3.69658326681782,39.183600209364,0.000103843421235751,0.000636507876927049
"5902","XM_053627329.1","nbeal2",-1.95582022321102,1.79487269061406,18.6219850399293,0.0016358000957378,0.00501426471308531
"5905","XM_053627351.1","twist2",-3.29632363153023,1.56090823252524,28.4683056673488,0.000288875617398349,0.00132963278204278
"5907","XM_053627359.1","LOC128609044",-3.27707050478832,2.1618034013976,48.2226994953751,4.28986709549899e-05,0.000348489135055062
"5908","XM_053627362.1","gjc4b",-2.09197642223183,2.82278062340405,40.8621319218933,8.86759361196133e-05,0.000568284265203603
"5913","XM_053627383.1","si:dkey-96n2.3",-2.97334581678516,1.81182767281222,28.8538223844713,0.000324301233202893,0.0014471334292685
"5914","XM_053627393.1","LOC128609060",-2.33528598774816,2.9841455443132,35.3702287245963,0.000157146979031797,0.000855090855988815
"5915","XM_053627394.1","LOC128609062",-2.8275715763981,2.47571872680391,56.7819245527215,2.3482486743882e-05,0.00023421718756005
"5930","XM_053627454.1","LOC128609088",-3.33713719181213,4.74208731825813,136.166308895988,4.70618922618745e-07,1.89137796301905e-05
"5943","XM_053627493.1","pou3f3a",-1.72544984671899,2.19465762067475,16.6923030922369,0.00232455505618429,0.00662848286938724
"5944","XM_053627495.1","slc9a2",-3.88192969276944,3.04925638705499,58.1062874615588,2.09296835235513e-05,0.00021663025375911
"5969","XM_053627565.1","trim45",-1.68824525533836,3.02965650577173,33.1416131712996,0.000201011145258682,0.0010206927288104
"5980","XM_053627604.1","LOC128609168",-1.69773212973632,3.40706654778899,23.5050483883242,0.000720033169201953,0.00264786391254912
"5981","XM_053627605.1","LOC128609169",-2.65332571049097,1.1980582584959,17.9029342957153,0.00166023780526331,0.00507522256616159
"5999","XM_053627682.1","hpxa",-3.75516772581398,1.1140387659396,26.6025322711002,0.000226253913560086,0.00111055135012452
"6004","XM_053627689.1","LOC128609213",-4.15022963814536,0.683413522344562,37.9581219528136,3.20986571631388e-05,0.000288859242171553
"6009","XM_053627703.1","sf3b1",-1.66774793883751,7.28109766870457,33.0206090981253,0.000203051736016575,0.00102750906615702
"6015","XM_053627710.1","LOC128609228",-1.70271696009854,3.66839486761807,18.7577928753983,0.00157001728618638,0.00485212673325412
"6017","XM_053627715.1","itgbl1",-2.57235943127682,1.00837532304352,22.3864159780259,0.000722497523849265,0.00265451427963502
"6018","XM_053627716.1","nalcn",-2.30740726699773,3.35016538213042,53.2513286479996,2.97343797420643e-05,0.000273023334806885
"6024","XM_053627735.1","klf5b",-1.62373114884014,3.7463701646827,30.2175589641442,0.00028547192534887,0.00131846491513481
"6025","XM_053627736.1","klf12b",-1.97224167873504,5.91534410859126,45.5649716599876,5.63305173078682e-05,0.000415761135360474
"6027","XM_053627740.1","tbc1d4",-2.35909268627727,2.27424308511763,19.8790715776069,0.0013124993841931,0.00421061039066941
"6048","XM_053627795.1","dct",-3.23726653286499,3.64196687528126,82.8841203489882,4.48718672704019e-06,7.95603272040817e-05
"6049","XM_053627797.1","gpc6b",-1.90499255216177,1.76405405541926,19.1481057545122,0.0014907087589173,0.00466510707913181
"6052","XM_053627800.1","LOC128609280",-1.85619728471987,3.25780689689744,27.2575851841252,0.000420725489790837,0.00175307702155317
"6053","XM_053627801.1","sox21b",-2.57140440057762,1.2700763582202,14.9800271488259,0.00306295673186171,0.00833050127274487
"6057","XM_053627806.1","LOC128609286",-2.12991926174587,2.50772497939534,28.3293423486696,0.000369249426534178,0.00159015954156299
"6058","XM_053627809.1","nlgn4xb",-2.4516448524853,4.46150591835787,43.4264696205736,6.86203960507823e-05,0.000475321767766394
"6070","XM_053627844.1","LOC128609309",-1.64365487643214,4.24097653248758,41.4926539638013,8.24688585561237e-05,0.000541364915777182
"6078","XM_053627856.1","si:ch1073-416j23.1",-2.18363453443822,4.48004388964766,88.8877764491565,3.2232595379196e-06,6.4483110635756e-05
"6081","XM_053627859.1","thsd7ba",-2.05441871710839,4.3129995983171,49.4550582777777,4.02331465849268e-05,0.00033468354415046
"6093","XM_053627880.1","fkbp7",-2.04136764815701,1.60051034219695,20.0220784485898,0.00127633385166488,0.00411497558071122
"6095","XM_053627884.1","rnf17",-2.46540237237152,8.83816033813264,135.997069415015,4.70858240114083e-07,1.89137796301905e-05
"6096","XM_053627886.1","LOC128609354",-2.52557731124208,2.81993664355941,32.3815954446862,0.000222780503023323,0.00109929425712219
"6097","XM_053627887.1","gpr156",-2.39436657909518,3.88476845183377,52.45076687749,3.15561920097956e-05,0.000285380802376855
"6101","XM_053627891.1","cdk5r2b",-3.94498993198983,1.26344251731179,23.4742685780151,0.000383522005359614,0.00163854690492516
"6103","XM_053627894.1","myo3b",-2.43158144284005,5.27681069365551,112.500241449696,1.11890683713161e-06,3.3317577747132e-05
"6106","XM_053627898.1","pde11a",-2.14857841940045,4.50445195103504,42.4995825873943,7.48635335572048e-05,0.000504954533843347
"6109","XM_053627905.1","wu:fc50b12",-1.94541673852739,1.84352218168926,20.4814362164175,0.00118695310176051,0.00388405029539096
"6117","XM_053627932.1","LOC128609395",-3.28005456910458,3.335109579648,46.3086380099408,5.41190242031903e-05,0.000405779881334528
"6119","XM_053627937.1","kiaa0319",-1.76443616349772,3.56395260695647,24.0282741598564,0.000665330710127996,0.002489151925548
"6120","XM_053627939.1","LOC128609463",-3.10846855635502,2.59050402998121,43.330398062383,7.14190017211585e-05,0.000490093598924168
"6127","XM_053627949.1","nmnat2",-1.61501615383499,3.29086272413649,17.4706837119788,0.00198736628901498,0.00585894836761508
"6134","XM_053627973.1","pde11al",-2.75504541158407,1.92073275481678,43.7994583548206,6.62103301983917e-05,0.000464010419827679
"6137","XM_053627978.1","LOC128609498",-2.70463710354845,3.0405997601123,53.3847516644303,2.98682552749218e-05,0.000273941822317527
"6144","XM_053627996.1","osbpl3b",-2.72733751896117,2.06554706096704,21.4722496550852,0.00100011858501395,0.00341847965671575
"6152","XM_053628021.1","b4galt2",-2.22811175111444,2.45260163478995,30.7903303675384,0.000270867314133033,0.00126728326045825
"6153","XM_053628024.1","zgc:113531",-2.57341781315859,2.08094129040681,39.0710741714435,0.000107849150579557,0.000654861984089225
"6154","XM_053628027.1","si:dkey-22o22.2",-2.79900684488921,4.92060302460897,126.976402511468,6.46027254059723e-07,2.34275671390162e-05
"6181","XM_053628119.1","epdr1",-2.76095579129185,2.64335419535495,54.3648780528725,2.81056222274691e-05,0.000262546717111159
"6185","XM_053628145.1","plxdc2a",-1.6155112843277,4.06078169692359,30.0738266849148,0.00029055243513239,0.00133479661608887
"6190","XM_053628156.1","emilin2a",-2.18095147865517,4.70576321799876,49.7208668715175,3.93336348890045e-05,0.000331459074223428
"6213","XM_053628242.1","plxdc2b",-1.70772030332605,5.26859567588957,39.0755770471947,0.00010485349987395,0.000641242333192103
"6214","XM_053628243.1","malrd1",-2.87167201048469,5.3588054850571,122.627512456749,7.56687354643788e-07,2.56797796582257e-05
"6216","XM_053628250.1","LOC128609615",-1.93428823694475,0.93080949388453,16.5024004302756,0.00229311788043462,0.00656388281826085
"6222","XM_053628278.1","emilin2b",-1.76167844755019,4.96403587033432,29.7274159474829,0.00030340748052855,0.00138198094957686
"6228","XM_053628292.1","rem2",-2.21649848058258,3.22625749740901,32.4587713470431,0.000218156627830464,0.001083970038792
"6233","XM_053628315.1","hs6st1a",-2.55060546849449,5.45647661556728,28.7922828653038,0.000342183648579306,0.00150564525773357
"6234","XM_053628316.1","otomp",-3.20242664796815,2.3762230158207,19.2504986219672,0.00144588620653346,0.00455635700046014
"6236","XM_053628335.1","thbs3a",-2.21324429399893,4.53861298968659,78.342399138041,5.62967123493261e-06,9.16832172546168e-05
"6242","XM_053628351.1","brinp3b",-2.0348096561491,1.52737814184032,14.4787502565023,0.0036320318223187,0.00960708025158416
"6245","XM_053628358.1","nos1apb",-2.99032999350971,1.3199227158627,17.9844228133179,0.00157081608381327,0.00485355185681834
"6261","XM_053628415.1","adam15",-2.76881977384414,2.55033109065651,37.7636906139475,0.000123842730591755,0.000721658071569233
"6263","XM_053628420.1","LOC128609715",-1.9306567395655,4.04067632388642,23.0156219802448,0.00077536565253526,0.00279795345145804
"6287","XM_053628487.1","slc1a7a",-2.41233891758884,1.56619467899974,20.0190350237762,0.00124946948867207,0.00404933174827295
"6293","XM_053628501.1","shha",-3.543950596766,0.947056061734781,21.4343866723173,0.000557879350835606,0.00216522174515574
"6311","XM_053628578.1","acbd5b",-2.13898889094821,3.79310100178396,36.4326334988595,0.000138671742084054,0.000784627109701737
"6318","XM_053628597.1","smad10b",-1.86806329940064,7.27873913484818,37.5537229183007,0.000122761861572115,0.000717684729190828
"6320","XM_053628599.1","pde4bb",-1.63884886872976,3.08051797801948,20.1154271925693,0.00124121038516675,0.00402578916351019
"6325","XM_053628622.1","sgip1b",-2.39970066100682,5.72773001731186,54.6369044071328,2.65088895794961e-05,0.000253770493502592
"6327","XM_053628626.1","chtopb",-2.29266702198893,3.15435245233442,52.3211004892525,3.21014193641354e-05,0.000288859242171553
"6341","XM_053628676.1","LOC128609818",-2.79754145576305,2.7760345227802,46.9031153220959,5.16154489355552e-05,0.000393080706462199
"6364","XM_053628748.1","plag1",-2.17118189168096,4.8274200377566,80.0763929010797,5.1109120569255e-06,8.57380278672005e-05
"6370","XM_053628785.1","arsj",-1.86268793119857,1.66926121683787,18.2344909538972,0.001753531038655,0.00529790228700023
"6415","XM_053628938.1","LOC128609970",-1.84145066899584,4.02304315231623,36.6423346030329,0.000135438129623771,0.000770099207007238
"6429","XM_053628977.1","lgi2a",-3.52289054359822,2.02713470765467,32.5782305932435,0.000189910798836121,0.000980317605726763
"6431","XM_053628982.1","sod3a",-2.24481485647952,1.51997519706924,14.3062783133774,0.00373830098052096,0.00983992264931914
"6456","XM_053629051.1","gal3st4",-2.35429233524227,1.33407556372868,14.5323338968179,0.00347821213343993,0.00925769451103675
"6467","XM_053629077.1","mblac1",-1.63038373032015,3.45087055284526,18.9630082720595,0.00151418372350815,0.00472103353546801
"6474","XM_053629110.1","ppp2r5b",-1.89316794427391,3.6183611526682,30.708448654474,0.000268709089927888,0.00126082978195729
"6485","XM_053629157.1","chd3",-1.64236145284119,7.25676346128742,69.4857649382406,9.48731255723784e-06,0.000126466025514131
"6498","XM_053629192.1","ovol1a",-1.85779424275919,1.395822365265,16.5329214330689,0.00239664044634216,0.00680526496147813
"6507","XM_053629208.1","si:ch211-212k18.5",-1.91128000817273,6.90463291161758,71.1302329262515,8.57217333488263e-06,0.000118502426938582
"6514","XM_053629229.1","cckar",-2.78145507133087,1.55187810574167,21.8594038641441,0.000878799761015857,0.00308456429560379
"6521","XM_053629243.1","LOC128610138",-2.47532930154169,4.77269670443531,90.1910130142172,3.02098051894073e-06,6.26166871198625e-05
"6526","XM_053629262.1","ppp1r14bb",-2.01752552047141,3.66042408246945,48.1768901819867,4.4910472852411e-05,0.000358983411754389
"6551","XM_053629314.1","gc2",-2.40796778242651,0.88912508365084,21.1958493290949,0.000881946853767113,0.00309158849475574
"6552","XM_053629316.1","col4a5",-2.69913442047699,8.06781926158656,149.348090211631,3.06072784494958e-07,1.49689384599871e-05
"6554","XM_053629318.1","col4a6",-2.60104058327625,7.48820101683173,110.672650708734,1.20413413831848e-06,3.47867859653875e-05
"6560","XM_053629350.1","serpinh2",-2.35689754988485,3.66659912277786,49.7123236055751,3.94952341268505e-05,0.000331500605299811
"6561","XM_053629352.1","efnb3b",-2.22685317379329,4.59692733098884,50.9535899698182,3.55319034685043e-05,0.000309908649433269
"6568","XM_053629380.1","chrnb1",-2.07759791695701,3.71451979557551,47.6081384406043,4.71623959109072e-05,0.000370075067865131
"6579","XM_053629408.1","htr2cl1",-2.84062246784025,2.55172671958552,49.4839009791947,4.16349118893565e-05,0.000341604639465232
"6581","XM_053629413.1","si:dkey-172j4.3",-2.71486680549153,3.29046037332506,41.0452799198453,8.71458443571836e-05,0.000562711180077419
"6583","XM_053629417.1","rhbg",-2.72976121357984,4.28762039561748,45.9053377727011,5.47663032499228e-05,0.000409492115255586
"6585","XM_053629421.1","zgc:162171",-2.46640752699463,1.8456144867731,21.8908464157843,0.000935125825243794,0.0032415025394104
"6602","XM_053629488.1","LOC128610268",-2.38300129781031,2.98349173257503,35.2250340309271,0.000159809012657292,0.000865792602709585
"6618","XM_053629533.1","si:ch211-113g11.6",-2.57175442592401,4.41630236274376,59.4404559797689,1.85921633799025e-05,0.000200512951894644
"6630","XM_053629570.1","six7",-2.71639915130759,2.19695346226678,43.7997868251011,6.82093474777695e-05,0.000473690655070842
"6635","XM_053629578.1","actn3b",-2.16676390473231,3.99684039343834,46.5937261971186,5.14963128319374e-05,0.000393080706462199
"6646","XM_053629603.1","LOC128610345",-2.23410016150247,2.42213636631907,20.2408073224086,0.00123017698468811,0.00399640879553103
"6654","XM_053629624.1","LOC128610361",-2.74740068281081,4.04558546911211,19.0314416116502,0.00149678531223283,0.00468030918184761
"6656","XM_053629628.1","LOC128610367",-3.63622263640529,2.25290574484036,59.3504059614089,1.65179158307114e-05,0.00018479061607986
"6675","XM_053629681.1","LOC128610393",-3.44863802036016,1.52989995523703,25.9100624866358,0.000386401777164782,0.00164867474136624
"6678","XM_053629688.1","LOC128610397",-1.69942777623584,6.85983133393556,31.9176050997531,0.000231426774133993,0.00112866321437731
"6691","XM_053629744.1","irf4a",-1.76653514525722,2.75128499186036,24.5009881617391,0.000622974988864216,0.00236397541484621
"6693","XM_053629751.1","LOC128610435",-1.63359401543171,4.54438524103736,17.4861880177105,0.00197938845012533,0.00583974050598413
"6694","XM_053629759.1","dusp22b",-2.9834149003427,3.98853632352155,110.861600686261,1.20627128647912e-06,3.47867859653875e-05
"6714","XM_053629818.1","LOC128610478",-3.16888716659983,2.93320729710869,21.2309364312546,0.00104775798900242,0.00353209211286365
"6716","XM_053629829.1","LOC128610487",-1.61289319346701,3.97842248546541,20.8223580151143,0.00110060544243012,0.00365583090787042
"6718","XM_053629837.1","LOC128610491",-1.93356716524555,5.14979305680286,40.1277763191719,9.42888969587896e-05,0.000593325659687081
"6721","XM_053629853.1","sema6e",-3.56457252411068,1.93497897651708,54.389995721954,2.1146187043221e-05,0.000217480607278057
"6733","XM_053629883.1","LOC128610517",-1.72255379389423,4.89942849008687,21.08476778057,0.00105351633379358,0.00354497327830389
"6736","XM_053629904.1","LOC128610531",-3.48528405042244,2.32882099211666,27.503150988392,0.000395279813122932,0.00167503877511405
"6737","XM_053629905.1","LOC128610532",-3.17406233730957,1.6056573688084,31.2127638654056,0.000214193146937694,0.00106819428916432
"6738","XM_053629906.1","LOC128610533",-1.64075077786005,3.68770469100204,21.4435220316492,0.000994348397949921,0.00340234873515395
"6740","XM_053629908.1","LOC128610534",-2.29900413784921,2.51288838088724,14.9462140433885,0.00329904225377894,0.00885947179896707
"6741","XM_053629912.1","zgc:111976",-2.02782365000503,4.23560622383898,33.2644302923975,0.000197562071536459,0.0010091936932888
"6742","XM_053629917.1","greb1l",-2.54263850476537,1.46802854553426,32.1549122946747,0.000214030274891072,0.00106771096762301
"6743","XM_053629918.1","greb1l",-2.88187404454979,1.5085711009056,29.6006816181918,0.000276592518595726,0.00128774221772437
"6751","XM_053629946.1","LOC128610555",-1.80072111995824,3.20748303889505,25.6134448158026,0.000528726519199086,0.00207894702278232
"6753","XM_053629948.1","LOC128610556",-1.59037923494993,3.57622694408117,31.3492610388104,0.000248272374407423,0.00118871138624885
"6760","XM_053629962.1","LOC128610568",-3.97655419942294,0.970625408630911,21.6088958449767,0.000454292938378843,0.00185756354798604
"6770","XM_053629993.1","wnt3a",-4.05732419589235,1.35798495594982,69.6527836541054,2.18327331586424e-06,5.15833724189727e-05
"6778","XM_053630010.1","LOC128610598",-3.16995473683832,2.0686089083172,21.7333630661674,0.000928663510408443,0.00322117096775056
"6781","XM_053630023.1","LOC128610605",-2.59086755532576,1.15856717870216,17.6311944463265,0.00174944868453869,0.0052875420659657
"6787","XM_053630039.1","tubb2",-3.57399607389997,2.19558724498105,42.8870254092622,6.53354849022989e-05,0.000460649316027184
"6789","XM_053630046.1","ssx2ipa",-3.52200018764238,3.67058675561786,75.0466109773843,6.99632812580537e-06,0.000105075261983543
"6790","XM_053630049.1","LOC128610623",-2.28356738511311,3.61986714667623,26.5175892393608,0.000465583920662243,0.00188832664878075
"6798","XM_053630062.1","LOC128610641",-3.61576258690262,3.94488600556993,37.9095407497902,0.000119972187726256,0.000705195996700305
"6799","XM_053630063.1","LOC128610642",-3.5706804790619,0.65865288223533,26.3079904498663,0.00019332331701986,0.000992530345345517
"6801","XM_053630068.1","LOC128610649",-3.31547178912145,1.22679512462526,24.2166899843006,0.000455769782489993,0.00186125157390212
"6805","XM_053630075.1","LOC128610658",-3.21934349469113,3.63032634614258,76.8314803045652,6.25684756621072e-06,9.81452019397472e-05
"6808","XM_053630082.1","LOC128610664",-3.07988850445894,3.49830455252538,90.2820134264047,3.0762047147678e-06,6.31148313341713e-05
"6817","XM_053630102.1","asip2b",-2.35939799501351,0.988332543966947,19.8276870967353,0.00116914014930557,0.00383530432263165
"6823","XM_053630112.1","c7h4orf54",-3.66380985672757,3.62837622531569,76.1971920891282,6.59692469445875e-06,0.000101232115156186
"6827","XM_053630119.1","zanl",-3.5053303723819,5.29846636988955,157.530152245415,2.39989335088846e-07,1.31693130726042e-05
"6828","XM_053630120.1","LOC128610701",-1.82310647224778,5.6412910484021,26.5871502968888,0.000459972797740789,0.00187390692990537
"6847","XM_053630152.1","LOC128610735",-2.19390710407826,2.67480405504055,15.3205309802207,0.00304541876560871,0.00829255491634547
"6849","XM_053630159.1","si:ch211-188c16.1",-2.59773035045638,3.77206236359802,18.361430049228,0.00168807603629896,0.00514527864349605
"6857","XM_053630176.1","LOC128610759",-1.93863854774651,3.49737802983795,37.587863746284,0.000122656585183038,0.000717684729190828
"6868","XM_053630217.1","LOC128610921",-2.65200281714558,3.26516915005943,37.2422737629562,0.000128267416341264,0.000740775217885259
"6887","XM_053630293.1","cysltr1",-1.97720203601878,2.07803626139223,21.9944893298011,0.000926102000089721,0.00321443342830355
"6896","XM_053630319.1","kctd12b",-1.95284619277976,3.83353863078772,38.007646608147,0.000117254990808269,0.000693758695615589
"6907","XM_053630341.1","nlgn3a",-4.0486952371909,6.04037951318929,57.2552345966308,2.17789197667931e-05,0.000221873601752578
"6914","XM_053630367.1","dpyda.1",-1.71772578699939,5.13542297382705,73.0830733871454,7.62162793690845e-06,0.000110554581579457
"6917","XM_053630375.1","dpyda.1",-2.24840984031648,3.05726493930598,48.6457898577595,4.34896316545198e-05,0.000351867545184074
"6931","XM_053630416.1","LOC128611125",-2.99619617149609,2.1130767206845,43.662063893711,6.70303055233179e-05,0.000468141560050851
"6939","XM_053630434.1","LOC128611136",-2.70722585684911,1.1040617489586,28.7503492292092,0.000278720394715179,0.00129536712145923
"6945","XM_053630458.1","ablim3",-2.17964067661369,4.12879418406588,49.8974671071893,3.87945478382318e-05,0.000328799026390208
"6964","XM_053630518.1","LOC128611180",-4.14438066484789,0.680028216063429,20.7334215677664,0.000521897113958447,0.00205809268715209
"6968","XM_053630524.1","LOC128611188",-1.94622477687081,2.2413047673972,23.4836696356958,0.000732879336987971,0.0026822605098017
"6980","XM_053630553.1","gabra4",-2.89165105313872,2.03112279137404,47.5944615537434,4.71057558990376e-05,0.000370057535915074
"6982","XM_053630557.1","enpp6",-1.94051502563552,4.96577199310477,47.801320244017,4.62764910717433e-05,0.000365435265998174
"6995","XM_053630620.1","tenm1",-1.91198176680016,4.42111523850819,46.276270174374,5.2905094222842e-05,0.000399080925106881
"7011","XM_053630660.1","LOC128611277",-2.47535249245982,3.48007873530292,64.6375070548044,1.307166862666e-05,0.000156718189389056
"7029","XM_053630694.1","dyrk4",-2.58833096231009,3.89919194706258,68.5824187480877,1.00895836712988e-05,0.000131311356428867
"7030","XM_053630695.1","fgf6a",-2.35264651707405,1.67891950106326,23.0003697398911,0.00078203265826409,0.00281636143981737
"7031","XM_053630696.1","LOC128611309",-1.78757849542946,3.06033260463564,29.2322008480993,0.000324405679768506,0.0014471334292685
"7035","XM_053630713.1","fgf20b",-3.33476426864513,1.24944351990217,25.9697018606296,0.000346258905943073,0.00152068344259535
"7036","XM_053630714.1","tenm2a",-2.44580884832199,5.82287658446329,81.0062704669341,4.85456755828162e-06,8.28869251750356e-05
"7040","XM_053630724.1","st3gal5",-2.1757533842181,2.08357203106697,20.9721148012837,0.00109382209285149,0.00364578146982668
"7042","XM_053630736.1","pdgfrl",-2.96693189407952,2.76669708488546,27.896574314348,0.000394162749874948,0.00167209292321165
"7043","XM_053630737.1","LOC128611334",-2.62294531646709,1.52558087074729,21.5865763151181,0.000936406132834665,0.00324316270396396
"7047","XM_053630752.1","LOC128611342",-3.03727842985845,1.50108170109881,43.841297127906,5.34609114412814e-05,0.000401403169949658
"7049","XM_053630757.1","rtn4rl2b",-4.1647869245165,1.71335813354365,65.7107523196741,4.33050832699635e-06,7.71720070965797e-05
"7060","XM_053630789.1","sesn4",-1.84633513843142,7.34011781085941,89.3245900884337,3.1485273795342e-06,6.37901892614515e-05
"7067","XM_053630805.1","chst6",-2.05542574155943,4.27747800330564,68.1022717633145,1.03672724707128e-05,0.000133512654539299
"7068","XM_053630806.1","spire2",-2.19133675722743,3.63401358982655,68.2968665112763,1.02697631956152e-05,0.000132573306707032
"7084","XM_053630842.1","zic6",-2.08897380866438,1.56806552218037,20.3171117797012,0.00121058339980177,0.00394224986441181
"7110","XM_053630935.1","tgfb5",-2.58309248645129,3.47019385376818,29.065694421859,0.000332001078757919,0.00147204422430381
"7116","XM_053630953.1","pcdh11",-3.1315316600168,2.91541668556676,36.5987490986314,0.000139940408683531,0.000789597537737541
"7133","XM_053630989.1","sparc",-1.71504056884723,7.32234545864709,17.5877570863285,0.00194162512892997,0.00575238425825738
"7134","XM_053630990.1","glra1",-2.89608845305121,3.37659430018187,84.4957528798445,4.11779716529625e-06,7.48976410245121e-05
"7137","XM_053631006.1","id4",-2.7997273441325,2.33571866460011,37.1034566077525,0.000132560189421336,0.000760143232856035
"7142","XM_053631024.1","ppargc1b",-1.70390178939373,4.74662617544926,28.332381879702,0.000363457827891668,0.00157429487928524
"7153","XM_053631055.1","LOC128611500",-1.60870541305413,2.71653344600255,24.3585155217937,0.000635714191363083,0.00239882082279384
"7156","XM_053631066.1","nrg2b",-2.41203404611554,3.92583413064398,39.0690690844882,0.000105166952812721,0.000642673700314206
"7172","XM_053631101.1","adam19b",-1.83892147803479,4.07497003984125,37.2962202636025,0.000126291106704314,0.000732689961154732
"7173","XM_053631102.1","LOC128611528",-1.59451066445095,4.40347158713235,36.6921669129969,0.000134632505376971,0.000768291009994274
"7175","XM_053631109.1","si:dkey-234i14.6",-3.35135929106882,2.41646104665893,31.7772639322749,0.000235313990607903,0.00114251504960247
"7186","XM_053631136.1","sh3gl3b",-2.08040027201912,3.58362304985309,46.6141570354315,5.14711281980425e-05,0.000393080706462199
"7232","XM_053631257.1","armc10",-1.61360864627691,6.30520252073324,91.2836302088602,2.85911844427973e-06,6.06048591589359e-05
"7239","XM_053631294.1","mapk8ip1a",-1.65751133855788,4.71024976952647,20.2758259651794,0.00120551613018743,0.00393286882617376
"7257","XM_053631329.1","cplx2b",-2.90282906841337,3.0000978422421,36.4709110739904,0.000140941662690562,0.000793311417119202
"7258","XM_053631330.1","ckmt1",-3.20704400114704,1.15340068593533,15.1745760915117,0.00249988086061787,0.00704405071743812
"7268","XM_053631367.1","fhdc2",-2.06041227063958,3.90963219610422,47.0588580967014,4.94380570610674e-05,0.000382920223782086
"7271","XM_053631374.1","ccdc85b",-1.69937978854526,4.02597299356598,38.3182278372481,0.000113449462392326,0.000678935266989638
"7303","XM_053631457.1","LOC128611718",-3.13933405675054,1.71161755542127,40.1208969417176,8.2163953431251e-05,0.000540020332174215
"7304","XM_053631458.1","lpar4",-2.73266875033975,1.90625764902417,23.9931983960655,0.000668032675043533,0.00249518065150085
"7322","XM_053631512.1","kitlga",-1.99304498559785,4.85494774662413,68.8281813592719,9.8940084103502e-06,0.00012979271324696
"7328","XM_053631522.1","atoh8",-1.65265503003265,3.78154706760708,28.5855300005437,0.000351843806954683,0.00153518759665096
"7339","XM_053631546.1","smpd3",-2.97034667152425,3.47769688964811,64.232093819919,1.35542684592703e-05,0.000160545154340951
"7346","XM_053631562.1","micu3b",-1.75199615738196,2.42571744882759,14.7928115753339,0.00339271699183553,0.00906441701004021
"7347","XM_053631563.1","si:ch211-159i8.4",-2.3441751087676,0.844726651000152,16.9787374252321,0.00191658244725671,0.00569173301342719
"7353","XM_053631588.1","rassf10a",-2.70441006992817,1.1002339941141,20.3385238064581,0.00102048484923663,0.00346468304099049
"7357","XM_053631600.1","slitrk4",-2.4347223012027,1.16426781077088,22.2973312171534,0.000796820844580497,0.00285690716103413
"7371","XM_053631651.1","nanos1",-4.11674878603481,5.91502220069651,84.4127682588253,4.0545903995754e-06,7.41646433766402e-05
"7378","XM_053631670.1","sim1a",-2.16506754115461,3.76788757775958,36.2204740173006,0.00014191383898946,0.000796843990829476
"7382","XM_053631676.1","zgc:66433",-2.29749880419004,2.91533653047765,25.224540259484,0.000562510216504909,0.00218053529329058
"7388","XM_053631695.1","grik2",-2.05343011873144,4.22523182572656,63.3594941350487,1.41481353531895e-05,0.000166307597932469
"7397","XM_053631705.1","rab33a",-1.76294870649955,5.82287471411431,33.1827807889284,0.000199268114780489,0.00101372531684383
"7398","XM_053631707.1","LOC128611876",-1.92002369208624,1.11542181545351,18.7118925187044,0.00155671092178655,0.00482205059354776
"7403","XM_053631729.1","slc43a1a",-2.32132372873255,5.12248897444439,96.2151743336048,2.26232494080885e-06,5.28463436389806e-05
"7409","XM_053631741.1","LOC128611867",-4.08151046536007,0.629836709184269,31.2198764663187,8.33999977519999e-05,0.000545707018435479
"7421","XM_053631786.1","fstl5",-3.39971413528502,2.96254543255984,79.3348765949256,5.59422886015487e-06,9.11977611159991e-05
"7433","XM_053631824.1","foxo6a",-2.74769282098863,2.40300827286197,28.2130299678449,0.000378396689580482,0.0016192137485934
"7463","XM_053631917.1","LOC128612017",-4.00544757037366,0.575519516343335,33.9701786151336,5.56133250605733e-05,0.000413156726058082
"7467","XM_053631933.1","LOC128612029",-2.35251052024872,7.13760086083122,102.282310346945,1.71832329117012e-06,4.37255685420096e-05
"7468","XM_053631935.1","LOC128612031",-2.06929825784428,1.82349194860086,14.5009276501487,0.00363403114685469,0.00960973484223635
"7470","XM_053631943.1","LOC128612039",-2.79510428670533,2.82362743822542,50.3956740040109,3.83499556273017e-05,0.000327258345648266
"7484","XM_053631984.1","pdgfc",-2.20936267364872,6.04814899962441,55.1537782654974,2.54751354468681e-05,0.000246350951382259
"7485","XM_053631985.1","glrbb",-2.8770178104463,4.20371393539485,57.8347527841159,2.09237116294811e-05,0.00021663025375911
"7490","XM_053631998.1","gask1b",-1.72637196981827,3.90300279260404,30.1708441016515,0.000287111637541809,0.00132339498534362
"7492","XM_053632016.1","tmem144b",-2.70699425757292,1.96637673468385,38.8665150036732,0.000108277779534274,0.000656725625740287
"7511","XM_053632094.1","esrrga",-3.97355501012884,1.96125031338873,35.5048131523272,0.000107975735977273,0.000655139135682192
"7538","XM_053632170.1","LOC128612233",-1.71818625752857,3.07555913292466,26.5249733574886,0.000465388356907407,0.00188832664878075
"7565","XM_053632293.1","snap25b",-2.00438201443369,3.47297909911149,36.7658623090545,0.000133896517794998,0.000765519997285947
"7573","XM_053632338.1","LOC128612304",-3.84027732170831,2.42895810470806,55.2433479646252,2.25123777553836e-05,0.000226635802925466
"7576","XM_053632349.1","pnoca",-1.95436517199958,3.1168007055527,28.3963624998378,0.000361821577208413,0.00156944471914517
"7583","XM_053632362.1","xkr6a",-1.81867853639194,4.23172598222361,14.9856972842064,0.0032399635346714,0.00872542500403603
"7604","XM_053632466.1","si:dkey-34d22.1",-1.95717784939092,5.46617279461192,63.2301368269757,1.42537891341519e-05,0.000166719897762753
"7619","XM_053632509.1","actn2b",-2.37409024898193,3.33206843713693,44.1316547844578,6.46465545016909e-05,0.00045718585595167
"7621","XM_053632516.1","bcl11ba",-2.13599479154568,1.35919270068468,21.6528802246935,0.000953021832332698,0.00328664623387339
"7627","XM_053632531.1","egr2a",-1.84765233551364,1.88566308464552,24.6067857429828,0.000623436477323979,0.0023644395549126
"7647","XM_053632582.1","alk",-2.30720586196885,3.50146066454642,51.8077657962493,3.32971497476465e-05,0.000297633495369907
"7653","XM_053632608.1","LOC128612436",-1.8021009005281,3.3346429134155,24.8430378276693,0.000590439142396402,0.00226332674333719
"7655","XM_053632617.1","kcnh1a",-2.79859886335767,3.51515833899129,85.4315421924454,3.89431851076875e-06,7.20770903997649e-05
"7657","XM_053632628.1","sash1b",-1.85045742933679,2.96407101383292,38.2456885330238,0.000114889457218871,0.000684264361096059
"7663","XM_053632673.1","si:ch211-63b16.4",-1.79183590936332,6.31576049429394,37.5932577100113,0.000122255163177875,0.000716015405761014
"7680","XM_053632722.1","oprd1b",-1.62199077135904,3.38516032964493,26.15765415844,0.000489132853821485,0.0019579828480866
"7688","XM_053632743.1","slc30a1b",-2.31267230564679,1.39249899273826,26.4824920076078,0.000455712155842496,0.00186125157390212
"7695","XM_053632758.1","LOC128612496",-2.1003490623156,4.72897583326318,56.3243854008552,2.33314762281856e-05,0.000232998110537858
"7710","XM_053632796.1","LOC128612515",-2.51917831823114,2.03890258364115,36.613929775048,0.000139365200577949,0.000787449866302214
"7722","XM_053632821.1","nid2a",-2.94161926635615,8.42374155281137,89.7331967252965,3.08527267834408e-06,6.32207520468783e-05
"7726","XM_053632826.1","ush2a",-2.21904441169717,6.51440223868201,63.9815050556193,1.35463872975725e-05,0.000160545154340951
"7729","XM_053632836.1","xdh",-2.81188540368127,3.12559278439055,43.0868599092484,7.21185976586272e-05,0.000493318246167771
"7730","XM_053632840.1","LOC128612544",-1.78029876927617,6.1874503344623,69.9594895560937,9.21308249973557e-06,0.000124491969537328
"7731","XM_053632841.1","plcb2",-1.63058153221775,4.89568870691762,20.514680219577,0.00115797795085323,0.00380616184130195
"7739","XM_053632853.1","tent5ba",-1.88365908812354,4.83296949815581,19.3406118019332,0.00141556085914441,0.00447647962254927
"7740","XM_053632854.1","impg1b",-1.76922320929064,1.82451646767196,15.2256714680996,0.00312590595673505,0.00847749466034963
"7746","XM_053632861.1","akap6",-1.95479295844801,4.55481029248906,28.2698679574445,0.000366543008659331,0.00158272291718078
"7790","XM_053632982.1","foxa2",-2.84922546616975,1.3488596586719,28.1416080078108,0.000321103543851071,0.00143830220472085
"7791","XM_053632987.1","LOC128612653",-2.03309826022458,4.48500970989046,56.1088895884904,2.37174242099807e-05,0.00023583394539998
"7793","XM_053632989.1","lrfn5a",-2.49485369614031,3.11786953303508,33.5665874834515,0.000192584274065075,0.000989385664413025
"7799","XM_053632998.1","LOC128612664",-3.66194897738583,2.99746698674506,44.2695718101391,6.52898594654431e-05,0.000460649316027184
"7812","XM_053633033.1","pou3f1",-3.86175451431305,2.32438989430822,33.8809217231538,0.000162830851444991,0.000876881511374423
"7835","XM_053633091.1","fut9a",-3.24894720962853,1.52671272135086,21.7463208828194,0.000801821181445489,0.00287165515160168
"7842","XM_053633107.1","tmem151bb",-2.30465049798796,2.217042693685,22.6593175056637,0.000835369209627032,0.00296231254445617
"7850","XM_053633128.1","slc5a6b",-1.7444713861397,4.81868226154408,49.8857452948992,3.87825611668539e-05,0.000328799026390208
"7861","XM_053633157.1","ism2a",-1.81382709090216,5.74032415171704,58.0404048095561,2.0533936833683e-05,0.000213692045019816
"7864","XM_053633161.1","LOC128612768",-1.9972212152357,3.79161360002825,46.1739559713518,5.34579141420868e-05,0.000401403169949658
"7878","XM_053633202.1","zdhhc22",-2.80884116614448,2.11929111398815,39.9864345229851,9.73901686937019e-05,0.000607622382084875
"7879","XM_053633203.1","nfkbiab",-1.74568894602839,4.94633862761444,40.3286623298754,9.24253130651427e-05,0.000584445690585363
"7886","XM_053633226.1","prkd1",-2.32035646265338,4.19812845363958,73.1861755654548,7.59017500429263e-06,0.000110395105992353
"7887","XM_053633227.1","ptger2a",-1.92073994777719,3.71958594360439,40.1851625328663,9.39136088202835e-05,0.0005924682383409
"7909","XM_053633288.1","ttbk2a",-1.70328529515781,5.74310405115332,54.5774587383202,2.66266467984438e-05,0.000254513611476469
"7910","XM_053633289.1","klf11b",-1.97807923927061,7.9422329066369,32.7503652776798,0.000209593658590885,0.00105108492728291
"7915","XM_053633298.1","egln3",-1.82726465043784,4.79712159537449,23.3991439364403,0.000730714713433741,0.00267801896786629
"7924","XM_053633330.1","osbpl10b",-2.07952374771005,5.56164707836038,28.8206936485433,0.00034088185726765,0.00150236741231928
"7926","XM_053633340.1","insm1b",-2.47741966301907,1.19638748324035,17.6514163176161,0.00179372922042631,0.00539418328446239
"7935","XM_053633364.1","tmem63c",-1.93059453439845,4.11546334224377,52.9419401645035,3.02944273450504e-05,0.000276908368482868
"7937","XM_053633371.1","dnmt3ab",-2.0237705886091,2.77249308866001,28.5505275016847,0.000356208789366382,0.00155008276404919
"7938","XM_053633374.1","dnmt3ab",-2.28856776547491,3.16107802864469,32.135428926692,0.000227034287999294,0.00111269483927719
"7953","XM_053633407.1","kif26ba",-2.67056308396094,5.54882483540108,122.144991678282,7.7003535026252e-07,2.59154516633049e-05
"7979","XM_053633468.1","LOC128612969",-2.11174671152935,3.85603942251305,54.4338936977456,2.69881225816185e-05,0.000256990428441906
"7986","XM_053633490.1","adam12b",-2.31332333116377,4.91819057982672,75.8646448039507,6.47827322395232e-06,0.000100530089428543
"7991","XM_053633498.1","kcnk10b",-3.01773116062134,1.338698129419,24.4554093571856,0.000518439892832738,0.00204730362483978
"7993","XM_053633513.1","LOC128612999",-3.83434220554373,0.855518108200375,18.9068313255208,0.000787431269590745,0.0028307655767566
"7994","XM_053633518.1","LOC128613001",-2.50248252605085,0.795192227624572,13.9136898271862,0.00351395763387648,0.00932676605627028
"7998","XM_053633523.1","LOC128613005",-3.01670250520803,4.09159553497478,41.2332295351481,8.4900020785796e-05,0.000552174180988535
"8003","XM_053633529.1","scrt1b",-4.57857969597047,1.01855823708661,44.4992113148248,1.42241641864691e-05,0.000166503861759916
"8013","XM_053633554.1","kcnk3b",-2.42545983904371,1.96564950667203,20.4418537473844,0.00119143626772988,0.0038932116071884
"8021","XM_053633571.1","LOC128613033",-2.97204837743084,1.69418299278002,22.5694918325589,0.000783426474746267,0.00281949928261284
"8024","XM_053633575.1","bmp2a",-3.09282017156313,2.09574103577785,21.7244439673615,0.000940338505981942,0.00325538916484937
"8035","XM_053633597.1","slc22a7b.1",-2.14479082439647,2.38480449311591,23.8081056294164,0.000697888732446348,0.00258195109158407
"8039","XM_053633616.1","LOC128613059",-1.83490288798111,5.11732154191042,15.993315642741,0.00263962678974173,0.00736601938843977
"8041","XM_053633622.1","LOC128613062",-3.04851321193491,1.02457274677911,28.3062009605127,0.000245166087203593,0.00117767021354652
"8057","XM_053633652.1","grid1a",-1.74646643000428,2.46616069805921,21.207549205966,0.00104089109645336,0.00351406570790136
"8064","XM_053633669.1","tmem121aa",-2.21306545491558,3.81389739955475,26.5748441219523,0.000461523090091846,0.0018783425448016
"8070","XM_053633681.1","ccdc88c",-2.14318631145615,4.81036527971103,88.8915394881675,3.22078666861399e-06,6.4483110635756e-05
"8080","XM_053633712.1","tpbgb",-1.7070974818728,5.64664120432344,56.4307656782057,2.31302079473645e-05,0.000231416443913434
"8081","XM_053633713.1","LOC128613132",-3.23351132453001,1.51095741228802,28.6576368382781,0.000281398441784785,0.0013036285697551
"8083","XM_053633730.1","si:ch211-266g18.9",-2.38899533616622,0.728953111963368,13.7252539041326,0.00367727173715891,0.00970296249081148
"8094","XM_053633765.1","uts2r3",-4.0724543995594,1.63606021009263,52.77625465949,1.2644481408842e-05,0.000152752884362936
"8098","XM_053633771.1","id3",-2.10911859640425,5.28938756775541,45.0857906698956,5.8832613233637e-05,0.000426972760016314
"8112","XM_053633811.1","fam167aa",-2.75832190407055,1.92653048309091,16.9065839959226,0.00220942372987031,0.00637542804619261
"8115","XM_053633817.1","LOC128613187",-2.44781973340745,2.16507482503028,34.176616117976,0.000182977647250934,0.000954573687946543
"8118","XM_053633828.1","LOC128613190",-3.26851481891325,1.94407364977581,42.945774433483,6.50310742217241e-05,0.000459503723047259
"8119","XM_053633829.1","vgll2b",-6.09170203276784,1.60330245631615,67.7675165188776,5.93309131185732e-06,9.49837713208309e-05
"8125","XM_053633842.1","gsc",-1.84614760497581,2.27929990319292,14.2954242646904,0.00377774938479251,0.00992279848142482
"8126","XM_053633843.1","LOC128613200",-2.8711317478634,2.88552431628156,51.8875250681491,3.39793508027747e-05,0.000301236435265781
"8128","XM_053633845.1","LOC128613204",-1.99813808632065,4.62340005124445,61.6625587375167,1.58805965412291e-05,0.000179898598187136
"8132","XM_053633853.1","runx2a",-1.91377086437859,4.60434825234602,41.4762122628079,8.25871760139743e-05,0.000541702271197008
"8145","XM_053633895.1","chrm3a",-2.22488762891162,2.72090303269063,17.7794191762387,0.00188923489032781,0.00562289656271863
"8173","XM_053633979.1","LOC128613313",-1.58666986995516,2.2112441457386,18.3066986095845,0.00171698317740989,0.00521375420669881
"8174","XM_053633980.1","LOC128613314",-2.55089650139461,1.99342955472744,28.3364743288319,0.000370023771763814,0.00159264685384542
"8180","XM_053633990.1","kcng4b",-2.1684287612375,1.461688166722,19.185529965854,0.00145484550344139,0.00457657190239199
"8184","XM_053633995.1","trim66",-1.59204886433855,4.8883799118588,52.6785824161993,3.09005520111197e-05,0.000281457113113179
"8214","XM_053634084.1","LOC128613376",-2.88948529407148,2.99834599383306,28.4831845867855,0.000362797937671662,0.00157320462932389
"8215","XM_053634085.1","pde3b",-1.593112211618,6.80644525717614,67.1402276283697,1.10076740636864e-05,0.000139539724152667
"8216","XM_053634086.1","LOC128613378",-2.15201621201322,2.16505324276329,17.4644431672877,0.00201752484471329,0.00593057784387483
"8236","XM_053634134.1","LOC128613404",-3.58310069702486,2.08077700890737,39.7361856606268,8.54746540002236e-05,0.00055455685544107
"8251","XM_053634170.1","gli2b",-3.14036195181043,5.75312356491463,69.394073888342,9.54907857315827e-06,0.000126913369410744
"8260","XM_053634197.1","LOC128613446",-1.92982179518669,5.71728281737303,50.2723264572807,3.75463528374711e-05,0.000321417429790049
"8265","XM_053634214.1","LOC128613454",-3.03249115127624,3.43254776932135,58.0144275887799,2.09732188966815e-05,0.000216802939876173
"8267","XM_053634218.1","LOC128613456",-3.00708121401999,2.03982901148987,35.5388505563905,0.000150644103726104,0.000831142527311723
"8274","XM_053634249.1","hcn2b",-2.7517587810926,1.91572443599919,22.8476671708607,0.00079527016320819,0.00285261099091828
"8280","XM_053634262.1","col6a2",-1.63076882858413,8.41843638168852,29.1957876740048,0.000324657861311466,0.0014471334292685
"8300","XM_053634328.1","syt7b",-2.46930727046084,3.57392451451392,49.0739548615605,4.17337320298478e-05,0.000342068685619836
"8302","XM_053634341.1","p3h2",-2.78073073078777,3.58484433314041,50.4963490416917,3.71921834218341e-05,0.000319610704001941
"8304","XM_053634368.1","slc7a6",-2.39381795748171,6.99242479973472,39.1560078541849,0.000103975230300042,0.000636833533143047
"8321","XM_053634434.1","tmem59l",-2.8734090316558,2.57514342942364,43.4035865252406,7.10888721522853e-05,0.000488242113874075
"8331","XM_053634451.1","LOC128613563",-3.00004689027344,4.97665081479367,58.1264837595603,2.04335639985114e-05,0.000213130498716432
"8345","XM_053634477.1","palm1a",-1.61911272103916,1.95878269138173,19.4692149371277,0.00140418385894044,0.00444745222236896
"8356","XM_053634500.1","adgrb1a",-3.77262192284717,6.62138669571809,218.624827410581,5.19548061103254e-08,6.72990864135966e-06
"8366","XM_053634555.1","ldb1b",-2.82271876636759,2.14357092417672,26.4041860829998,0.000478247033815813,0.00192631574605881
"8369","XM_053634574.1","cpne7",-1.99650769819702,2.58430017437362,21.4246557575909,0.00100571840568402,0.00342851783034634
"8379","XM_053634655.1","myo1eb",-1.91634346028104,4.60927017873401,65.3608703941503,1.23696312185957e-05,0.000150524641703358
"8393","XM_053634692.1","cd82a",-2.0956481846715,2.48132343597207,24.4978338383709,0.00062839485173422,0.00237674202333494
"8398","XM_053634710.1","LOC128613682",-2.94481740068904,1.12331341320931,19.4059328938867,0.0011394152352544,0.00375965222753736
"8399","XM_053634717.1","LOC128613686",-2.9522118600016,1.99002129017729,39.9733501431309,9.43429121339717e-05,0.000593325659687081
"8402","XM_053634730.1","eml6",-2.71020941513619,4.1085307489569,62.0930848628425,1.54601092094535e-05,0.000177243801616596
"8403","XM_053634731.1","plekha7b",-2.31418934436734,5.6722101825728,80.056254680903,5.11337551814946e-06,8.57380278672005e-05
"8407","XM_053634743.1","nlgn1",-2.95080604311666,1.88751838486166,31.6815250873683,0.000231389156181292,0.00112866321437731
"8413","XM_053634758.1","si:ch211-247n2.1",-2.43437657153372,2.38910521398797,29.1161800672098,0.000335967568210762,0.00148579472239906
"8418","XM_053634765.1","vat1l",-2.74858663330657,3.97685862189613,34.2018486057368,0.000177775815831946,0.000932545335932452
"8429","XM_053634805.1","LOC128613739",-1.99549032576229,4.73999671849159,64.2752810708446,1.32922492536535e-05,0.000158566640322876
"8465","XM_053634900.1","ptk7a",-1.6134592686749,3.65247228643417,20.8929925519017,0.00108818097625983,0.0036328054534325
"8466","XM_053634901.1","tub",-2.9304943509019,1.11831195369026,20.6150884232705,0.000916848461221148,0.00318907238724709
"8474","XM_053634926.1","pla2r1",-1.6296955035835,7.91073432392022,72.3181926797629,7.97557034812418e-06,0.000113733473501013
"8489","XM_053634969.1","LOC128613842",-2.50063556011439,1.32833502558938,19.8937168546766,0.00122184211153514,0.00397252060685496
"8491","XM_053634987.1","slc6a5",-2.84194807881245,1.69950889664936,34.5390333984516,0.000161724143635362,0.000872082090995749
"8523","XM_053635077.1","foxg1b",-3.77186801837418,0.81382621415111,15.8152790722847,0.00157694050602642,0.00486609090956075
"8526","XM_053635082.1","LOC128613909",-2.55222030886693,1.67076074736254,29.2350627217083,0.000319556624691518,0.00143375350346627
"8528","XM_053635084.1","gamt",-1.58752049516053,4.7313301977807,30.7219298064946,0.000267843873685508,0.00125786383151175
"8533","XM_053635112.1","LOC128613924",-2.04343764602154,3.48192270925411,19.7597511586724,0.0013184634866522,0.00422806793223571
"8534","XM_053635114.1","si:dkey-110c1.10",-2.4081196846013,3.84017033581576,47.4264446590171,4.79396676495803e-05,0.000374359546508155
"8540","XM_053635127.1","lmo1",-3.07538909034192,1.99508149089488,57.1327422611901,2.10198641872545e-05,0.000216977808129606
"8542","XM_053635139.1","fam163ab",-1.69625816909573,2.71933723165427,18.2914431503385,0.00171311979417461,0.00520334022475743
"8545","XM_053635144.1","nphs2",-3.11131610796198,1.92363046871152,23.8264570295105,0.000658890870827107,0.00247301771781804
"8551","XM_053635153.1","LOC128613954",-2.02866798559156,5.61709198406051,77.5984942230527,5.86381053595367e-06,9.42635203138213e-05
"8555","XM_053635158.1","enc3",-2.49341401278644,5.051782239624,128.025512629791,6.21677995195901e-07,2.2983571722293e-05
"8579","XM_053635237.1","cers3a",-2.22188439994813,0.896322986439877,16.5407224053569,0.00216861169119211,0.00629051369902609
"8589","XM_053635253.1","gnao1b",-1.61269526788801,4.38358137893362,21.8105789741171,0.000936628260691975,0.00324323813563245
"8598","XM_053635277.1","scn5lab",-3.23988506447073,3.98270962740863,137.474457691778,4.55364063938677e-07,1.86109616079302e-05
"8604","XM_053635303.1","gcshb",-1.80079497205038,5.33445734032532,40.1222392465392,9.43357156633929e-05,0.000593325659687081
"8653","XM_053635422.1","si:ch73-60h1.1",-2.77764876512445,2.24131427451687,52.6374300120608,3.20604128530706e-05,0.000288859242171553
"8670","XM_053635469.1","hykk.2",-2.78883857876311,1.30606073247514,25.9787555672887,0.000435923395871954,0.00179870469876582
"8676","XM_053635487.1","LOC128614163",-2.07496764258908,1.94784978917613,21.0454275127244,0.00108119140587359,0.00361394310928798
"8677","XM_053635488.1","LOC128614164",-3.09974874855304,1.40381683738905,26.1308647407836,0.000403015064503018,0.00169940293414297
"8699","XM_053635549.1","atcaya",-2.79535261756085,3.06987903126787,52.7947065879839,3.13353284324927e-05,0.00028401808323919
"8705","XM_053635563.1","zgc:162592",-2.64645353689979,3.36630800014105,28.6647127617815,0.000350390156200965,0.00153217608011378
"8725","XM_053635621.1","si:ch211-262h13.5",-3.36660298692456,2.9310902631256,73.9305788870193,7.60435470339662e-06,0.00011050205919083
"8732","XM_053635653.1","ccnd1",-1.92289728793386,4.68285321715996,38.6512401318272,0.000109554655307349,0.000662085544751532
"8751","XM_053635695.1","si:ch1073-59l16.1",-3.04364896917942,3.24811179204121,41.1476506575431,8.70078188838017e-05,0.000562416315209522
"8767","XM_053635731.1","ror1",-3.56038897477456,0.653978585286248,39.5669557762315,2.77951466585178e-05,0.000261445574728696
"8768","XM_053635732.1","ror1",-3.37385124832157,1.90322853905957,24.9856575939599,0.00052434086718126,0.00206495922040834
"8771","XM_053635738.1","vstm2a",-2.53471859727746,1.35912952992446,23.4795031209622,0.000680223691472631,0.00253070895007354
"8772","XM_053635749.1","LOC128614456",-2.23119968108267,4.31409852205372,79.1060491334387,5.397574419795e-06,8.93414465313307e-05
"8779","XM_053635765.1","cachd1",-2.13576621317359,5.86841514119348,67.8691107359051,1.05077969479639e-05,0.000135000172217175
"8783","XM_053635770.1","gdf5",-2.6288752565918,1.04220507426645,15.8298061475855,0.0024143289803297,0.00684348757373089
"8795","XM_053635798.1","hs2st1b",-1.73441209636663,2.38692368128555,20.7689608625521,0.00111991068003299,0.0037096611598883
"8800","XM_053635836.1","si:dkey-192l18.9",-2.27172192252423,4.07022297358229,33.2810366212438,0.000197295013507628,0.00100878448473199
"8807","XM_053635861.1","gabra5",-3.25636478978698,3.96843140017427,54.1527000048711,2.77912536569149e-05,0.000261445574728696
"8816","XM_053635879.1","col7a1",-2.62364788245413,5.77319933155847,143.850136132285,3.6403385511964e-07,1.66276703903245e-05
"8817","XM_053635880.1","si:dkey-117n7.5",-2.42517681260922,5.70307270127413,116.989692270371,9.36649510570472e-07,2.96721766675437e-05
"8820","XM_053635889.1","LOC128614532",-2.79390837091635,2.10973421029758,35.7065831126018,0.000152361324190903,0.000837495794907417
"8823","XM_053635899.1","itgb1a",-1.76279764249231,7.6540255007654,59.781208429367,1.81072133718513e-05,0.000196329249875103
"8829","XM_053635952.1","grm4",-3.28785197496295,2.92405120067806,72.8171425157746,8.12210688997323e-06,0.00011483027627501
"8830","XM_053635956.1","LOC128614554",-2.25844005110026,4.11907282213423,69.5377364254491,9.47990458620843e-06,0.000126466025514131
"8831","XM_053635957.1","kif5ab",-3.24030649457168,3.15807350986499,61.5658340259069,1.65804490150332e-05,0.000185090420144216
"8832","XM_053635958.1","LOC128614556",-2.04200865330742,2.93020202071062,36.752702472064,0.000134792736201634,0.000768318596349311
"8835","XM_053635964.1","LOC128614561",-2.18807041723738,2.96725562343383,17.0821875056787,0.00214611942485481,0.00624171420221876
"8836","XM_053635966.1","slc2a11a",-2.29246221067983,4.06559678659397,44.3073834359798,6.32733607479481e-05,0.000450030388307462
"8886","XM_053636173.1","gli1",-2.22379739509935,1.74404767379322,25.7048397452306,0.000529798003695758,0.00208164322422984
"8897","XM_053636214.1","LOC128614672",-1.89190695934649,3.31736284149013,26.0013541523674,0.000500399139104392,0.00199396694689916
"8912","XM_053636252.1","LOC128614697",-2.4389724636628,2.71079185769788,27.965239922498,0.000387733290285358,0.00165304885518551
"8914","XM_053636254.1","brinp3a.2",-2.41586771620228,1.81916558824227,23.6075941904417,0.000716861171527509,0.00263859678142049
"8915","XM_053636255.1","LOC128614700",-1.95927975753088,0.94462664715834,16.6748542986459,0.0022159537099707,0.00639085313682625
"8924","XM_053636279.1","kcnb1",-2.09306214615391,2.94079372199203,19.6084030413361,0.00135775246853815,0.00433602228461149
"8929","XM_053636301.1","brinp3a.1",-2.22613258407935,3.45931549748312,56.0523824791216,2.39242977145506e-05,0.000236438663860284
"8935","XM_053636326.1","necab3",-2.2816264901446,6.30378902186641,64.0433425881772,1.34911416294537e-05,0.000160362206084401
"8936","XM_053636327.1","LOC128614740",-2.56181425016186,2.96155635221759,30.2370282196763,0.000288391584682694,0.00132778241548449
"8945","XM_053636344.1","inka1b",-2.90023463485498,0.919227319258008,19.1036072963171,0.00111719233638494,0.00370368821245123
"8950","XM_053636354.1","LOC128614761",-2.51677104487428,1.5516043709147,31.2885021102502,0.000243106546286964,0.00117160130136748
"8951","XM_053636355.1","col28a2b",-2.86782275453538,3.32975615067844,44.994713605382,6.02205761752701e-05,0.000434425439895398
"8976","XM_053636404.1","LOC128614792",-2.08767026490501,1.64039959698907,25.3720441060333,0.000555558957696861,0.00215970212065437
"8981","XM_053636411.1","LOC128614798",-2.08910916566882,5.84462442170463,38.2322963186149,0.000114358487740154,0.000682909400667939
"8983","XM_053636413.1","endou",-1.97391618959581,1.32051894551713,16.5702424437181,0.0023585038937826,0.00670874381172952
"8985","XM_053636417.1","LOC128614802",-1.79255175242276,4.26203529666057,34.2738224177622,0.000175892574657261,0.00092506465190115
"8987","XM_053636419.1","LOC128614803",-3.15963980467325,0.902033270307293,28.5510027784471,0.000203845380350432,0.00103055871864859
"8988","XM_053636425.1","LOC128614807",-2.82577903962605,1.18808847503745,19.8034128077395,0.00112115691019951,0.00371227000660865
"8989","XM_053636426.1","LOC128614808",-4.08161216776803,1.04903249136753,32.4578757829042,7.27994593660972e-05,0.000495281485107453
"8992","XM_053636429.1","c1ql4b",-2.63626362496646,1.31851980288568,28.6374641339641,0.000314186724568238,0.00141554542090472
"9006","XM_053636470.1","cttnbp2nla",-1.84960361598122,5.73075765227268,66.5204866780852,1.14586057887241e-05,0.000143792178688267
"9016","XM_053636492.1","si:ch211-198c19.1",-2.40825294615871,1.46999288624597,24.3544847105441,0.000619411425652557,0.00235265888279296
"9017","XM_053636493.1","adarb2",-3.17862820030884,3.78217180098614,129.349260293632,6.04624991776277e-07,2.26566420529499e-05
"9031","XM_053636519.1","uroc1",-2.37002957032417,0.997489435770918,26.0504295355602,0.000432290948325852,0.00178883585672262
"9032","XM_053636522.1","slc4a8",-2.3721130452977,3.72597407986252,69.7507840229274,9.37812430468737e-06,0.000125465352267999
"9034","XM_053636530.1","nav1b",-1.87884286847527,3.35748098146659,32.0160917723296,0.00022935257042782,0.00112235774186383
"9044","XM_053636563.1","sned1",-1.66979071526928,3.43922627111152,26.4980832107749,0.000466446756981124,0.0018903295533798
"9051","XM_053636596.1","negr1",-2.32263933601033,7.75331778187017,66.4360903802049,1.15190856118633e-05,0.00014421574469052
"9055","XM_053636610.1","bin2b",-1.68579463409415,5.65401562788339,54.2339238402238,2.73431683156649e-05,0.000258848660054961
"9062","XM_053636627.1","tgfa",-2.12573402170025,2.8927932200573,19.1958224733362,0.00145982504566589,0.00458866948334747
"9068","XM_053636637.1","pacsin1b",-2.01825067625879,2.00708304342528,21.5770252352178,0.000991187609279242,0.00339471936959762
"9083","XM_053636690.1","cpb1",-2.17216121006591,4.34907624166485,52.9335189099767,3.03114423617273e-05,0.000276908368482868
"9088","XM_053636698.1","grm2a",-3.5135374348055,0.925370651703144,22.011348131391,0.000500687994335022,0.00199437432389157
"9089","XM_053636700.1","agtr1b",-2.42689890111931,6.18099447288086,44.0998666830317,6.43752295724766e-05,0.000456063989636434
"9090","XM_053636703.1","pou4f1",-3.19680543865314,2.73248795649575,43.6430338594591,6.94722761163703e-05,0.000480195220227072
"9095","XM_053636710.1","prkcda",-1.83560422290624,5.46747981204245,84.7318390425886,3.98053588380958e-06,7.30577266293759e-05
"9110","XM_053636755.1","fam83c",-1.62428921577358,3.92259791520529,43.8265759494018,6.61019299719708e-05,0.000464010419827679
"9131","XM_053636837.1","trpc1",-1.92632955061952,4.51147253830723,39.3637192638295,0.000101872350041549,0.000628826108836744
"9133","XM_053636845.1","LOC128615025",-1.77772768821738,4.1840277662239,25.09198022465,0.000568628801325914,0.00219951327021837
"9137","XM_053636859.1","lurap1",-1.82584774001012,3.49496212511635,28.3566450213453,0.000362882757962404,0.00157320462932389
"9142","XM_053636871.1","ephx4",-1.9505104910502,4.66660129800478,74.256324751704,7.1139666776684e-06,0.000105749212652062
"9145","XM_053636875.1","lrrn1",-1.80642043536517,3.34312477675475,19.2069076269515,0.00145118605656567,0.004570389082429
"9148","XM_053636879.1","srgap3",-1.79804100093391,6.13259131999034,34.0341561185439,0.000180626712014792,0.000944744818770743
"9151","XM_053636895.1","meltf",-1.62689540206113,6.96477863208524,25.8557695685226,0.000509475049022919,0.00201844887263412
"9165","XM_053636945.1","LOC128615092",-2.39621789630579,3.87299851653775,81.9764028601188,4.62511100369948e-06,8.05934304928819e-05
"9179","XM_053636966.1","LOC128615108",-1.91001450438848,2.82516842421567,36.4698165727195,0.000138970502707762,0.000785768249330511
"9181","XM_053636971.1","LOC128615114",-1.79760692824165,3.92165832506194,45.5901866866001,5.62827184129117e-05,0.000415649929593163
"9183","XM_053636973.1","klhl41b",-2.45953646142711,1.18617570833067,16.3924921944109,0.00229204829957671,0.00656286852097322
"9186","XM_053636977.1","LOC128615120",-2.58878866602635,2.55514037226224,46.0156729045987,5.58883610738763e-05,0.000414439207083788
"9192","XM_053636998.1","dmrt2b",-2.44654979099405,2.21663625353652,15.2800307429744,0.00309176686509247,0.00840179990131222
"9200","XM_053637015.1","vstm2l",-1.76740802184884,2.57745196930861,21.5806302238129,0.00097843880244923,0.00335902780069371
"9204","XM_053637031.1","gxylt2",-1.63588649839124,3.54946627612955,20.8246863320272,0.00110072398350386,0.00365583090787042
"9207","XM_053637035.1","her6",-3.39874546895349,3.85426467553635,45.2731370879671,5.8628468343399e-05,0.000425990529247798
"9216","XM_053637068.1","frs3",-2.02206631332076,2.60979417019446,21.6649350983881,0.000967376494969097,0.00332921102193334
"9219","XM_053637079.1","rab6ba",-2.65604577516512,4.4366147971851,71.693489755856,8.3032603560111e-06,0.000116284941950326
"9226","XM_053637099.1","fkbp5",-1.72589455704804,5.52164624290613,15.8712900442324,0.00270448580346623,0.00751849840056867
"9231","XM_053637111.1","LOC128615218",-2.69743773071456,4.61127672963843,88.2237675177625,3.33473963350431e-06,6.57176594563858e-05
"9235","XM_053637115.1","LOC128615221",-2.97693314762051,4.05485969161964,81.1966588112792,4.83728035412824e-06,8.26883784293854e-05
"9296","XM_053637322.1","polr1h",-1.88826861703386,2.46974137266352,27.2569390395927,0.000424725611039419,0.00176837916448203
"9304","XM_053637349.1","grb10a",-1.78350135751129,3.92745491317671,38.2212067821242,0.000114626633013839,0.000683448153807974
"9313","XM_053637379.1","adam23a",-2.56289280132659,3.06927568132019,33.3134838063625,0.000198703468744825,0.001013425252691
"9324","XM_053637437.1","LOC128615390",-2.11951311473831,1.51224793122058,21.4513409563533,0.000999390374619174,0.00341671201358716
"9330","XM_053637455.1","LOC128615401",-2.13177973194188,5.61077767410941,16.9985060200775,0.0021701979625391,0.00629365184836671
"9350","XM_053637512.1","septin9b",-1.86135849720741,4.67373128255015,37.7274824172574,0.000120601661553382,0.000708124663484277
"9354","XM_053637534.1","igf2bp3",-3.2007358009614,2.37060024148442,50.506856834449,3.72795535668457e-05,0.000319809969867567
"9378","XM_053637630.1","LOC128615486",-4.61390389463501,1.05044422137835,52.114178740126,6.18408484738481e-06,9.74170960868135e-05
"9387","XM_053637670.1","LOC128615507",-2.56491856587286,1.85390333832509,16.6439790363438,0.00233570617881077,0.00665207804760534
"9419","XM_053637761.1","cbx2",-1.67862113707976,4.01481038592265,34.7453401100051,0.000166806192440285,0.00089235249280348
"9420","XM_053637762.1","LOC128615567",-2.40930237817844,3.70762436498189,49.3089884132574,4.08520627988545e-05,0.000338141972006003
"9429","XM_053637790.1","LOC128615582",-1.99620992394518,2.23123092007853,24.5351842646385,0.000627250875617305,0.00237518998233753
"9438","XM_053637812.1","mmd",-1.84112690819283,2.11896571904601,15.3536156420216,0.00303683076004332,0.0082719529435607
"9445","XM_053637824.1","LOC128615602",-1.5884569141155,6.74473036149282,41.3342808792306,8.36827210715571e-05,0.000547114656181893
"9456","XM_053637849.1","LOC128615620",-5.34432529171456,0.969449056164715,38.8536179000369,7.22992846500615e-05,0.000494248657058782
"9474","XM_053637880.1","rhbdl3",-2.17095404606887,4.43755537836923,50.6199559860193,3.65227293393689e-05,0.000315659339319649
"9492","XM_053637964.1","iqca1",-3.21391081186039,2.10989403967609,30.1215957349789,0.000280668892751673,0.00130148038838845
"9499","XM_053637982.1","fam117ba",-2.21163478034834,4.9611689195764,66.3991294335455,1.15560100298304e-05,0.000144240670301398
"9508","XM_053638003.1","LOC128615708",-3.90075079112285,2.06489641638725,35.4706174689412,0.000119241763652091,0.000702432922125198
"9510","XM_053638005.1","cxcr4a",-4.30840389662391,3.34792215395233,60.4857134245136,1.7460047724416e-05,0.000191752545836395
"9522","XM_053638053.1","igfbp2a",-2.28956414326753,4.97135213164994,65.50088627896,1.22550201441715e-05,0.0001496110604026
"9533","XM_053638077.1","LOC128615757",-2.40708628591454,1.25939400430809,19.1019965695079,0.00140503022306874,0.00444926237305101
"9542","XM_053638089.1","LOC128615767",-3.01442474304074,2.0460714414609,20.3162466222445,0.00118789761948826,0.00388557014836856
"9555","XM_053638126.1","grin2da",-1.78132844965086,4.52161559756307,38.7534844751117,0.000108412560972376,0.000657296830344876
"9559","XM_053638133.1","hivep3a",-1.959800497828,5.03931044888772,35.0424808900526,0.000161243474543039,0.000870818589349206
"9563","XM_053638140.1","lrrc4bb",-2.77626272605305,3.06684519931314,41.8952173657934,8.08355439581843e-05,0.000533443683160519
"9567","XM_053638149.1","foxo6b",-2.41624913663528,2.6965769185789,29.8990801406084,0.00030194371189281,0.00137686332623121
"9584","XM_053638174.1","grin2ba",-2.13401320923989,1.44140420219109,17.0579478840992,0.00214697890428082,0.00624309224043432
"9597","XM_053638206.1","pkp4",-1.91936514390492,4.13814088884494,63.1794085059645,1.43214083862234e-05,0.000167269090155977
"9617","XM_053638267.1","fmnl2b",-2.09929376267916,4.27543960209231,18.3969539716617,0.00167455433182126,0.00510983704496184
"9626","XM_053638285.1","b3galt1a",-2.17764484697441,3.85329439470473,48.1516552517417,4.4994893899781e-05,0.000358983411754389
"9627","XM_053638286.1","LOC128615899",-2.47477732265551,1.70006968348242,28.6647962209339,0.000348091396935453,0.00152583361321178
"9628","XM_053638287.1","engl",-2.02411889352541,7.3671727661072,26.9620295767543,0.000436789756949161,0.0018014656268772
"9643","XM_053638330.1","LOC128615927",-1.61102160879559,2.45710384731383,14.671583242993,0.00347551522463679,0.00925355928559546
"9646","XM_053638339.1","LOC128615933",-2.17255237014998,2.45861778710631,17.7942075354475,0.00189043532019207,0.00562440120626158
"9650","XM_053638350.1","atp7b",-2.19164171366915,5.02488960292088,83.1271383555782,4.33341700338466e-06,7.71720070965797e-05
"9661","XM_053638372.1","LOC128615702",-2.15825141418498,5.19673971356797,23.6675774367589,0.000701517757290293,0.00259378290497352
"9664","XM_053638379.1","LOC128615958",-3.09586849453495,3.29515781795373,94.5684456629207,2.52860676906455e-06,5.63041078096519e-05
"9673","XM_053638402.1","pals2b",-2.12206483900677,3.76324101732066,35.2736270487948,0.00015743634821598,0.000856089890802918
"9677","XM_053638406.1","txnipa",-1.79908243807023,8.93845835348839,21.050480940343,0.00105921261697194,0.00356032679475536
"9684","XM_053638419.1","lratd2a",-3.7863140651371,4.26062429380896,153.748943058342,2.74408080393812e-07,1.42013752389202e-05
"9740","XM_053638611.1","myh11a",-1.67923662329775,2.86561431737652,14.2233549286651,0.00381334814431097,0.00999779603840447
"9741","XM_053638613.1","rasal3",-2.18970278701141,2.02748701015036,25.745565272491,0.00052974940259182,0.00208164322422984
"9742","XM_053638621.1","LOC128616111",-2.36718176546243,5.20697323938071,81.1146459262385,4.82770972297055e-06,8.26120137372592e-05
"9745","XM_053638637.1","chrna1",-2.2476986049866,1.75353041615064,28.1924573481176,0.000377210257393274,0.00161499064974407
"9748","XM_053638642.1","dnah9l",-1.87047225755785,5.03964410088991,88.8217561997617,3.23052895512714e-06,6.4483110635756e-05
"9749","XM_053638643.1","scn1lab",-2.54745559458505,5.02817581144701,49.9442278191215,3.86059550144918e-05,0.000328538318743626
"9757","XM_053638678.1","si:dkey-81h8.1",-3.03851741874874,2.93360815883386,62.0764627498553,1.60364005082495e-05,0.000181409679544055
"9759","XM_053638680.1","cacng4a",-2.74529915777777,1.12900917377328,25.3904170575921,0.00045023474591513,0.00184516457389218
"9765","XM_053638698.1","LOC128616161",-1.63407269001292,6.32703225287622,41.1137318504127,8.55061719286453e-05,0.00055455685544107
"9775","XM_053638722.1","styk1a",-2.38853985213882,2.78775885511759,33.0620186386008,0.000205275110082581,0.00103616884378448
"9778","XM_053638730.1","si:zfos-323e3.4",-1.93212018584378,2.09300174611916,21.3974881906238,0.00101822393573625,0.00346097390214117
"9781","XM_053638741.1","iffo1a",-2.54305710212489,4.94175588910696,49.1250747455874,4.13514541425446e-05,0.000339889074738007
"9784","XM_053638753.1","inha",-1.96296773666146,0.947724393626404,16.1772628794289,0.00244498368713612,0.00691343160303222
"9785","XM_053638762.1","srd5a1",-2.15417020875996,3.84261862009704,36.6374545270928,0.000135627314538285,0.000770633544312305
"9792","XM_053638799.1","LOC128616229",-2.2407873177344,2.40982607551648,15.5342158861732,0.00292754493098546,0.00803647572372267
"9795","XM_053638807.1","maneal",-2.44418481360838,3.40642360694584,47.749362113938,4.68065019463963e-05,0.000368532905402852
"9802","XM_053638827.1","si:dkeyp-92c9.2",-5.03366514403075,1.40215895481818,55.2468422664579,4.50656655360681e-06,7.97292889287291e-05
"9809","XM_053638848.1","nxph1",-3.35472402817862,1.88870186140209,56.395203732609,1.94616375006485e-05,0.000206105102040708
"9813","XM_053638855.1","thbs3b",-2.77550533690046,4.3073053599731,43.8161367402048,6.62421596381126e-05,0.000464010419827679
"9814","XM_053638857.1","zfpm2b",-2.26584460814443,2.61110847178329,30.0121311187553,0.000297435382767181,0.00135936871152883
"9818","XM_053638864.1","LOC128616287",-2.54559286711482,0.986653232889686,21.4987005751581,0.000837473190076623,0.00296782311754824
"9853","XM_053638963.1","LOC128616357",-2.75069909555244,2.83222964579048,45.6447212562998,5.7506426518888e-05,0.000420999910007284
"9854","XM_053638983.1","mgat3b",-1.6943102091966,2.78483171527279,16.6484102017407,0.00232901425366414,0.00663701214077406
"9855","XM_053638987.1","c1qtnf6b",-2.50043577522664,3.3073224292765,15.5746905563453,0.00288137232569375,0.00792989717924692
"9856","XM_053638992.1","cnot3b",-2.61292437046918,2.41473785191004,37.4627507837589,0.000127827940315976,0.000738764261990369
"9857","XM_053638993.1","shisa7b",-2.44274443967249,4.83621533617474,86.4666725748054,3.6424545463386e-06,6.92066363804334e-05
"9865","XM_053639021.1","kcnj19b",-2.82045018707451,3.01146655366877,50.5000350998853,3.77991641716823e-05,0.000323069096943608
"9871","XM_053639070.1","sema4gb",-1.92011337437138,4.20179057149616,31.1168406062489,0.000255268511701117,0.00121645177139172
"9875","XM_053639077.1","LOC128616515",-1.59911149409076,2.25539845802249,19.8216482794141,0.00131442874689263,0.00421596444515511
"9880","XM_053639090.1","sdk2b",-2.17483581382425,4.53128431425445,33.5291585488136,0.000191552908252037,0.000984712124097803
"9886","XM_053639106.1","LOC128616533",-2.67157845071752,1.76941778490733,28.7146414892602,0.00034201327508991,0.00150530475724727
"9890","XM_053639129.1","itga3b",-2.01371341841385,1.89841191977867,14.3392367971056,0.00376152754274861,0.00988500127630104
"9898","XM_053639152.1","kif19",-1.75326365888544,3.7792739763895,34.2593803655104,0.000176293151073009,0.000926870259684921
"9908","XM_053639184.1","LOC128616579",-2.18256626886288,3.1630683279123,34.8579684463498,0.000165583431024026,0.000888626294941197
"9914","XM_053639195.1","LOC128616588",-2.83119842608814,0.426776089851376,27.8542926400691,0.000187077671399204,0.000968189271357178
"9918","XM_053639205.1","LOC128616598",-3.43994632962616,2.39885557783077,28.9378962809242,0.000331998981000614,0.00147204422430381
"9928","XM_053639223.1","plxdc1",-1.88556471892071,1.56793669880683,14.742758003232,0.00344977360596035,0.00919409534627694
"9929","XM_053639224.1","LOC128616610",-1.71967587510305,4.49440075481265,43.4994730990547,6.81042001374974e-05,0.000473366591595452
"9930","XM_053639227.1","dnah9",-1.90139283946575,5.97122427652936,44.8298311338037,6.02047422459297e-05,0.000434425439895398
"9933","XM_053639232.1","jcada",-2.39571885948883,1.36406140517771,18.4491342433794,0.00160906092459611,0.0049454107171752
"9936","XM_053639236.1","LOC128616618",-2.27340340448886,4.46708777594536,64.5818628814579,1.30320730172138e-05,0.000156617073498631
"9938","XM_053639240.1","ddit4",-1.67553350701413,6.82841146397399,41.6785777042245,8.09299626736397e-05,0.000533643273222355
"9972","XM_053639403.1","LOC128616686",-2.92873771507596,2.9395497019356,60.4149912135051,1.79345915634565e-05,0.000194979965231184
"9977","XM_053639450.1","abi3b",-3.00392701713478,1.33622058940688,16.8189892752086,0.00197353669586764,0.00582560394469464
"10001","XM_053639506.1","LOC128616729",-2.54757656058014,1.8333463785242,19.3448030148626,0.0014226859276288,0.00449462134981559
"10011","XM_053639541.1","LOC128616747",-1.818256601152,6.55691263958074,23.1807311402427,0.000755300442068743,0.00274389666880808
"10014","XM_053639546.1","grm1a",-2.17551046646318,1.56222806557056,15.1424611218887,0.00315250711513337,0.00853533787920705
"10030","XM_053639569.1","rgs9a",-2.23391421446067,3.26688851411043,37.6166670636226,0.000122678262666652,0.000717684729190828
"10037","XM_053639583.1","msx1a",-2.96832500662297,1.44539125431835,32.4481076491582,0.000183856012015828,0.000957921185230839
"10042","XM_053639601.1","LOC128616794",-1.76054500945324,4.24370782366041,56.4955945432556,2.30409400719732e-05,0.000230713807236252
"10045","XM_053639606.1","chad",-1.60389196407924,3.02578366725365,16.6494134411505,0.00232513973940629,0.00662898240604246
"10055","XM_053639634.1","tcerg1l",-2.78851068659084,3.42759180063828,49.3518398437173,4.10345049270411e-05,0.000338566037593752
"10062","XM_053639682.1","LOC128616844",-1.67500892859398,2.97031535354628,30.1430706105452,0.000288970148799016,0.00132968981488302
"10063","XM_053639683.1","LOC128616845",-2.3005035871372,4.65617728996398,45.3408428697954,5.75275477676258e-05,0.000420999910007284
"10066","XM_053639694.1","LOC128616851",-1.68611390882047,2.37730041787459,14.2566893763533,0.00379977607649742,0.00997262881936894
"10077","XM_053639721.1","LOC128616871",-2.24555554279554,1.44407037799007,23.2247213417809,0.000744176048410178,0.0027095640736986
"10078","XM_053639722.1","qrfprb",-4.75288516430432,2.23070271548675,49.8726759387232,1.6559496126018e-05,0.000185000085084872
"10099","XM_053639777.1","LOC128616910",-2.40909761973127,1.5619573399985,21.831710513442,0.000925283293223584,0.00321426737139558
"10104","XM_053639798.1","zgc:92313",-2.09186079682523,2.20238724740309,19.4558326047849,0.00140916961728631,0.0044606252961734
"10114","XM_053639816.1","cacna1g",-2.26603974169876,4.38541990044527,51.1362083697454,3.50190314269086e-05,0.000307062115879166
"10118","XM_053639840.1","LOC128616940",-2.4408198989022,1.17060724779848,21.8288156132149,0.000859849164315355,0.00303088915205352
"10119","XM_053639841.1","LOC128616941",-1.93525141407919,3.10556933714618,33.4125379521998,0.000194937611753562,0.000997991796036265
"10121","XM_053639843.1","cdk5r1b",-3.39245586464021,0.832386885907447,24.7851732162312,0.000306882739719832,0.00139232561395309
"10125","XM_053639851.1","atp2a1l",-1.96354857009155,2.11621694045347,24.3628434004184,0.000644515525258674,0.00242920077366412
"10128","XM_053639860.1","mapta",-2.80672898089724,1.32986942250572,20.548829536259,0.00102985515305323,0.0034891785721276
"10138","XM_053639881.1","adrb1",-2.38085182723021,2.73717320052469,33.3106551782449,0.000199645850237169,0.00101503361295204
"10139","XM_053639882.1","LOC128616976",-1.86016200451247,3.25794896258033,36.1233672075293,0.000143603891457729,0.00080241813319887
"10149","XM_053639915.1","csdc2a",-2.09303121085296,4.05219316424795,33.0364943387689,0.000202950493290306,0.00102750906615702
"10166","XM_053639982.1","LOC128617028",-2.78038980392244,0.824758455623188,14.3424018682236,0.00301556826255086,0.00822372288311546
"10175","XM_053640023.1","LOC128617054",-3.44428185444085,2.20409303855294,46.3613322954026,4.91241726109917e-05,0.000381035987650567
"10178","XM_053640035.1","LOC128617060",-2.41580352178583,6.33939525962316,87.0276052522426,3.53542896376045e-06,6.78098626366755e-05
"10179","XM_053640037.1","hlfb",-2.45660747722988,4.96799844280459,111.020870728923,1.18860109900682e-06,3.45088028654441e-05
"10182","XM_053640042.1","rnf157",-2.4994153581878,3.74916574311598,87.2738801799072,3.5129647855689e-06,6.7699849939035e-05
"10187","XM_053640061.1","LOC128617073",-3.33636981693362,0.786536354976371,22.6542304409329,0.000445855060248604,0.00183185322723462
"10206","XM_053640129.1","lrrc18b",-2.67702863864171,0.555108921306162,26.7914863055078,0.000267079110476446,0.00125463628566242
"10209","XM_053640132.1","LOC128617128",-1.67755397225118,6.21006018629646,75.7638092749942,6.51005734692663e-06,0.000100654067174831
"10213","XM_053640139.1","vstm4b",-3.01914763248522,4.98643828738026,85.112855379541,3.90855289539798e-06,7.20770903997649e-05
"10217","XM_053640161.1","radil2b",-1.62832340863894,4.40393200432801,32.1353647018709,0.000225583421861739,0.00110826841672165
"10221","XM_053640168.1","nkx3-2",-2.5199588639506,1.45440898523076,32.1664559362172,0.000213784891354501,0.00106714456406003
"10225","XM_053640174.1","LOC128617150",-3.01002593014367,5.08809767070727,87.6799446152345,3.42550169305805e-06,6.66490641913746e-05
"10227","XM_053640176.1","dpysl4",-2.87397962641346,4.34660107055036,126.766484957156,6.52747694235236e-07,2.34471752828638e-05
"10234","XM_053640197.1","mmp25b",-2.33002951421779,0.513451797288464,17.5348529351256,0.00152530400676225,0.00474656310293489
"10237","XM_053640212.1","brsk1a",-3.86307161093154,3.10430245003804,78.3843155340922,5.81903736750143e-06,9.37299272687693e-05
"10246","XM_053640246.1","LOC128617193",-3.12206876154631,2.03461856426284,49.2616126040924,3.9272140008354e-05,0.000331113230445435
"10251","XM_053640266.1","kcnj2a",-2.10556160605793,3.30386927319406,34.9760193043914,0.000163109168619765,0.000877796283782166
"10253","XM_053640271.1","trim8b",-1.65967295390373,1.94247482577307,20.5868379024787,0.0011624469486279,0.00381620182607756
"10261","XM_053640301.1","LOC128617239",-1.65913928500564,5.69269726883777,66.3566252096698,1.15810213834143e-05,0.000144240670301398
"10264","XM_053640311.1","slc16a5b",-3.29361811424418,2.27621626848008,35.391860126829,0.000153064680954313,0.000840220771545752
"10266","XM_053640315.1","LOC128617250",-1.68861408165203,2.1672205602976,19.5513578944618,0.00138031130820897,0.00439246696624469
"10267","XM_053640319.1","vwa2",-2.50878092679057,3.15437361518818,26.7324687242075,0.000454532360394934,0.00185807319446293
"10269","XM_053640323.1","shisa9a",-2.78629477778418,3.41826589327119,63.0891991241512,1.45972928343048e-05,0.000169634584638713
"10270","XM_053640324.1","sox9a",-2.88392810197727,3.50066064551531,60.1657615679257,1.7870666039793e-05,0.000194527681562555
"10273","XM_053640330.1","LOC128617263",-2.13524028455447,3.11335587301903,32.1437047984328,0.000226610375998232,0.00111196385773246
"10277","XM_053640342.1","LOC128617272",-3.8881733011323,1.6998826597546,46.903625144276,2.7597031673277e-05,0.000260490232493882
"10279","XM_053640348.1","dhx32a",-2.23713582786577,3.55032060208203,54.6502441344322,2.65989527041172e-05,0.000254482178708185
"10282","XM_053640351.1","grid2ipb",-2.39073983384749,5.65592028406161,74.397114387781,7.05132007739407e-06,0.000105301447797837
"10288","XM_053640366.1","zgc:163057",-1.92947540133904,1.29622244572648,19.0021826085871,0.00150380111283785,0.00469408646637468
"10289","XM_053640369.1","LOC128617291",-2.55945576460704,2.13931789954184,31.022325246226,0.0002646594511336,0.0012447144668654
"10290","XM_053640370.1","LOC128617292",-2.23596770711445,1.34616683532883,18.1012075571452,0.00173812503987497,0.00526157366508748
"10295","XM_053640379.1","cmn",-2.18096761540313,2.32758309442996,24.0698601430916,0.000672332593105817,0.00250661446734154
"10306","XM_053640400.1","wnk4a",-1.8270048465311,4.61061369890914,44.9280816933617,5.97003634366638e-05,0.000431380923683208
"10309","XM_053640404.1","LOC128617325",-3.40365157667319,1.48345349245909,42.8429104229982,4.84144872741606e-05,0.000376976296293464
"10311","XM_053640406.1","cdr2b",-1.77566833091454,2.20305094968406,16.349833227193,0.0024853338198861,0.00700794005858146
"10314","XM_053640410.1","si:dkey-219e21.2",-2.15793043459394,0.847235639241583,15.2703861110194,0.00281406090986946,0.00777372320972129
"10316","XM_053640415.1","tex2l",-2.02870665170354,1.97535474118182,17.1000265249194,0.00216262801926714,0.00627957352034016
"10321","XM_053640423.1","ablim1b",-2.26865143191596,6.06997626502915,42.209551186942,7.69027116964067e-05,0.000513785017309712
"10322","XM_053640424.1","tdrd1",-2.50494485731319,8.30499027231611,110.003918386004,1.2374566123085e-06,3.53297136508819e-05
"10328","XM_053640444.1","mmrn2b",-2.18336897426851,2.24289861009683,25.2135784526004,0.00056996971912895,0.0022036469580271
"10330","XM_053640449.1","LOC128617367",-3.72035725340771,2.05999107266174,55.6798689870556,1.90478984159168e-05,0.000203311220983568
"10337","XM_053640456.1","bahcc1b",-2.74304386048643,1.73274310452622,22.4895903226425,0.000823760968821255,0.00293142285409507
"10354","XM_053640496.1","LOC128617399",-2.41126665154904,3.01456784649251,38.0471331216827,0.00011800863061352,0.000697233405858972
"10368","XM_053640564.1","LOC128617439",-2.03107177207377,2.60967621276547,15.9770609741031,0.00266649509453172,0.00742563608984681
"10374","XM_053640573.1","adgra1a",-2.25741152260237,2.29208107113199,20.3581233256005,0.0012089902931305,0.00393864658184675
"10380","XM_053640579.1","hs3st3l",-2.04885146262625,1.74759432568257,16.9634437634336,0.00221813672193918,0.0063960094860619
"10386","XM_053640587.1","noxo1b",-1.6534514710498,3.84122243044775,25.3763957207373,0.000545964858450583,0.00212863177471051
"10394","XM_053640602.1","LOC128617476",-2.29174890361199,4.18709718396633,20.2969187071298,0.00120201166134435,0.00392380818185971
"10397","XM_053640615.1","rusc1",-1.5856705238947,6.03762829755832,67.8728979103062,1.05039317711494e-05,0.000135000172217175
"10402","XM_053640622.1","dhrs7cb",-2.15019310274379,1.36540792027888,14.3520678299193,0.00368184865134488,0.00971345599217258
"10404","XM_053640630.1","LOC128617495",-1.71917932850408,3.48418848886023,25.0411173373188,0.000573370914689449,0.00221309689246371
"10408","XM_053640643.1","gsg1l2b",-1.60033398792145,3.70569565635914,28.8397192536359,0.000340392177342803,0.00150184479880766
"10410","XM_053640647.1","wfikkn2b",-3.56808825269122,0.96600018410727,23.2697917967872,0.000398792943010008,0.00168511097923414
"10412","XM_053640661.1","LOC128617517",-4.14451498535776,0.677528976864207,35.7681693667911,4.31249797136212e-05,0.00034940298879084
"10415","XM_053640674.1","stk31",-1.91494421134232,6.18786599032743,49.2404340734961,4.09186022201991e-05,0.000338141972006003
"10417","XM_053640678.1","zgc:174164",-1.99649137052182,4.67533398260693,49.6538370554413,3.95500969049946e-05,0.000331728999325416
"10418","XM_053640679.1","htra1b",-1.85554456649855,4.40774632392211,63.3006351472766,1.41966410569964e-05,0.000166503861759916
"10423","XM_053640684.1","prrt2",-1.90065700375686,3.51767747370267,33.0273987886996,0.000203366638828294,0.00102878098417263
"10427","XM_053640706.1","LOC128617546",-3.07638410193351,1.38162154580699,29.914317484146,0.000237552466722689,0.00115100249365665
"10428","XM_053640707.1","LOC128617545",-1.95360033368164,4.25450849595331,62.232218529419,1.52757896343904e-05,0.000175254771510639
"10435","XM_053640733.1","LOC128617555",-1.59333129219827,5.59550801929133,35.7811017848547,0.000148559672148709,0.000822463738968297
"10445","XM_053640751.1","LOC128617568",-1.78993963341077,3.97307228265271,40.7599340487822,8.86453038089666e-05,0.000568284265203603
"10458","XM_053640785.1","LOC128617665",-1.83410791710465,1.87875510665114,15.1632091609548,0.00316580563385141,0.0085627504763219
"10459","XM_053640789.1","LOC128617668",-3.0741131084852,2.85645421037237,66.2952370890611,1.21479330245752e-05,0.000148977833183199
"10464","XM_053640804.1","si:ch211-198m17.1",-1.95254905966394,8.71819132012866,111.445630022438,1.16666546469126e-06,3.41079339172023e-05
"10469","XM_053640823.1","slc1a2b",-2.15237791344124,1.3628864805938,18.3317060797887,0.0016817152365731,0.00512878791440192
"10470","XM_053640825.1","fjx1",-1.88291601118675,3.17457041244201,26.0445414400787,0.000497704109028653,0.00198639894402264
"10472","XM_053640829.1","LOC128617685",-1.86699114392572,2.82769221193553,19.1320054710167,0.0014746142705286,0.00462438121102615
"10473","XM_053640830.1","tjp1b",-2.36930258356073,0.858422226679883,16.7664501841982,0.00199826770993069,0.00588387085030425
"10489","XM_053640871.1","syngap1a",-2.01882490909736,6.36597936115082,45.8511439239395,5.49007037536642e-05,0.000409932007548116
"10498","XM_053640899.1","apba2a",-1.75316195459056,3.86689911401212,47.247650040475,4.86088479352399e-05,0.000378125915605797
"10505","XM_053640914.1","LOC128617735",-2.17248548910064,2.72359560330983,23.4213689525204,0.000735297596963835,0.00268690688479697
"10506","XM_053640915.1","LOC128617737",-3.26127481707548,3.52203476172197,88.5876623256364,3.36547213908657e-06,6.5876980637888e-05
"10507","XM_053640916.1","LOC128617738",-2.75361348307313,4.36487802954709,45.3414932559537,5.75978301820829e-05,0.00042113535455626
"10509","XM_053640919.1","LOC128617740",-3.62202656756713,2.46138001566127,42.6212728292097,7.13824491133967e-05,0.00049005050307365
"10513","XM_053640927.1","zc3h12ab",-2.62516266021448,2.72679644745067,48.46994591972,4.49743804718287e-05,0.000358983411754389
"10519","XM_053640936.1","LOC128617796",-4.5622088859412,0.36205330835629,28.3548384918175,0.000269067991672567,0.0012617823433359
"10536","XM_053640984.1","LOC128617820",-4.43402016894294,8.0725336930506,202.801133370118,7.38520052394919e-08,7.98426590408052e-06
"10606","XM_053641165.1","grm8b",-2.84275739563038,2.81636707874599,54.70555252138,2.72953459060513e-05,0.000258795498779682
"10610","XM_053641177.1","klf13",-1.76386775792177,7.57432497367059,16.6409339823699,0.00232433540395127,0.00662848286938724
"10626","XM_053641226.1","rap1gapl",-2.90031025821549,3.12792935672791,46.9860979225402,5.07964835595001e-05,0.000390082294051797
"10627","XM_053641228.1","gfra3",-3.07313125584407,2.61807497990798,45.028869477637,6.12024141118916e-05,0.000439549547312911
"10643","XM_053641296.1","LOC128617982",-3.48767389620225,0.899404170857556,24.884882410565,0.00030114236068998,0.00137437060469394
"10651","XM_053641323.1","cat",-1.78113591140589,2.92238993462838,17.4299025989204,0.00200607663729189,0.00590335731766609
"10654","XM_053641331.1","abtb2b",-1.91646935529988,3.92835818576191,34.7160731506634,0.000167422035062752,0.000893874638389123
"10676","XM_053641413.1","LOC128618048",-2.04955696325811,4.17787036726669,55.5514439559188,2.47509270812808e-05,0.000240641446001065
"10687","XM_053641459.1","oaz2a",-1.58808512324783,6.26260821811089,31.162913584081,0.000253611961896604,0.00120926964335264
"10688","XM_053641460.1","nell2a",-3.03685447743067,5.20430759225794,179.969898190316,1.2922702162824e-07,9.5521782014518e-06
"10704","XM_053641516.1","lrrc4ca",-3.82895931706913,1.17221832191337,25.1597540534006,0.000287528646382751,0.00132456281378599
"10715","XM_053641543.1","prickle1a",-2.08570123713761,1.83261039698406,19.5895112507308,0.0013800910628513,0.00439246696624469
"10722","XM_053641568.1","gfra4b",-1.59657240983273,2.3917329217202,15.5188480006855,0.00292016287185624,0.00801893071579453
"10737","XM_053641614.1","wnt7bb",-2.61756694658848,2.24222931406459,33.4354860841372,0.00019899744525976,0.00101372531684383
"10743","XM_053641638.1","LOC128618166",-2.71459165812036,0.578437589182839,16.6892924321315,0.00165478968267792,0.00506193034451818
"10750","XM_053641667.1","batf",-1.96174152080923,1.92315242913512,17.113615748336,0.00215720549144771,0.00626832570374359
"10752","XM_053641673.1","gdf9",-1.6534938386311,2.76050250723454,19.7268192358052,0.00132878816432663,0.00425780340540765
"10760","XM_053641701.1","LOC128618195",-4.82108879329613,2.00979088958512,63.5204742129997,3.52784585702975e-06,6.78098626366755e-05
"10772","XM_053641736.1","LOC128618221",-1.8290305038534,3.89080855267436,49.9418369648665,3.86507417538818e-05,0.000328612503945293
"10774","XM_053641742.1","tmem276a",-4.26204061667659,1.20376704414142,36.7187014255997,4.0085580516806e-05,0.000334142830796115
"10781","XM_053641763.1","rxfp3.3b",-2.36908669208598,1.98946208740532,20.0595242178848,0.00127241042491957,0.00410477878808251
"10789","XM_053641777.1","slc5a12",-2.44886711344666,5.30626970922597,39.0980020545716,0.000104630435634924,0.000640119989439968
"10796","XM_053641785.1","slc17a6a",-3.04847652795318,2.83552078838102,53.1040333862963,3.10262712159365e-05,0.000282323371806397
"10802","XM_053641802.1","trpc3",-4.00441782449139,3.37616162126373,38.2722495624501,0.00011725231961193,0.000693758695615589
"10806","XM_053641819.1","LOC128618276",-2.07931244977861,3.73322471742052,33.8734145799382,0.000184348760841554,0.000958945289364742
"10820","XM_053641848.1","LOC128618314",-3.12237237035208,3.19119111760579,59.6404091880108,1.88795496132527e-05,0.000202883387719188
"10824","XM_053641854.1","cpne8",-2.56837841024528,4.2319123123925,82.4401401326044,4.50583259560131e-06,7.97292889287291e-05
"10826","XM_053641856.1","duox2",-2.65631090526956,1.99762633896988,41.1232764393722,8.7065436490923e-05,0.000562416315209522
"10829","XM_053641867.1","cep83",-2.42755730851801,6.76808884624799,93.6964529774422,2.54515630199523e-06,5.64701539333064e-05
"10830","XM_053641868.1","cep83",-1.89054226248955,4.25970813675271,43.2232432564443,6.99163618843302e-05,0.000482389722897762
"10833","XM_053641887.1","lamb1a",-1.73327347327974,6.97618201747328,18.6917901828053,0.00158715183174506,0.00489107440553761
"10834","XM_053641888.1","spock1",-3.24821413614255,4.96594054018881,152.848036860946,2.76021537760827e-07,1.42300530358989e-05
"10857","XM_053641933.1","LOC128618369",-3.01688461609158,1.47901196212224,35.3474930027983,0.000130178977521466,0.000749675307049982
"10858","XM_053641937.1","bicc2",-3.94837554196641,0.532581008485236,19.6119003960927,0.000658723535333288,0.00247296303107033
"10872","XM_053641962.1","LOC128618384",-1.62244113024615,4.06913044697853,24.9876552360153,0.000577292322386309,0.00222293247259505
"10878","XM_053641969.1","ush1c",-2.54610606980032,3.67964366012336,60.3341895245324,1.75181259824439e-05,0.000192027711968872
"10879","XM_053641970.1","LOC128618394",-3.43419033863758,3.22206076107,82.6086103536043,4.67151207600836e-06,8.12011586601719e-05
"10882","XM_053641977.1","adra2da",-4.45783408909639,2.38936026786259,43.7261251309144,4.43390319875356e-05,0.000355855354394757
"10888","XM_053641997.1","si:dkeyp-73b11.8",-3.24567673952373,0.422592386211197,36.5062856649062,4.1610586124734e-05,0.000341578178593912
"10899","XM_053642027.1","LOC128618436",-3.81100763584348,1.9928136590162,30.8249976201405,0.000210998275021349,0.00105631801788862
"10903","XM_053642039.1","LOC128618421",-2.90107689552822,2.19262757712041,33.8297729015522,0.00018787664988792,0.000971676424404361
"10916","XM_053642085.1","caprin2",-2.86830717099785,5.89423606366087,112.014371050046,1.1407889204151e-06,3.36990712475906e-05
"10924","XM_053642098.1","syt12",-2.34140437362298,5.72276536532016,81.6720013095953,4.68262332464826e-06,8.12011586601719e-05
"10930","XM_053642112.1","tmem86a",-1.71702948078675,6.10744372305549,43.624769166992,6.72736298924662e-05,0.000469407552025535
"10934","XM_053642129.1","pdgfrb",-1.72957443477421,7.65886895205023,26.9255541809874,0.00043896563776561,0.00180905696134157
"10939","XM_053642144.1","LOC128618511",-2.92603010250009,1.54661197578843,25.3050522753667,0.000501415734745287,0.00199629068225694
"10941","XM_053642148.1","th",-4.39679818863917,1.31244963476372,49.0414065837495,9.21240036511354e-06,0.000124491969537328
"10947","XM_053642160.1","LOC128618522",-4.33081551785048,1.85583194966194,38.4989883051995,5.49977763930229e-05,0.000410278342972468
"10948","XM_053642161.1","nr2e3",-2.15877215515098,1.83227572436036,18.0125450143741,0.00182403362941238,0.00546512512055813
"10959","XM_053642186.1","slc7a10b",-2.94997700347381,4.51461917304669,83.4677836387004,4.26695801144451e-06,7.65781777042835e-05
"10967","XM_053642203.1","acot19",-1.70405182064123,3.65761259855958,40.6033210737592,9.00737184286026e-05,0.000574286472596384
"10983","XM_053642259.1","sigirr",-2.57157164701452,5.15454285586363,73.6391761467189,7.37751845616911e-06,0.000108078976261055
"10987","XM_053642277.1","hdac10",-1.67633076212174,2.62270309328435,23.4254044782755,0.000732119686927879,0.0026813469438888
"10989","XM_053642279.1","LOC128618595",-1.65476937827243,3.22649101840622,21.2563895718181,0.0010260483907336,0.00347700886522828
"10990","XM_053642280.1","kcnj11",-2.02485600967062,3.07184224228388,39.2221765598392,0.000103949520327252,0.000636833533143047
"10991","XM_053642281.1","mob2a",-1.90478457544243,1.51337941846174,16.2037433651485,0.00256231788685515,0.00719119312628487
"10994","XM_053642286.1","abcc8",-2.97856083941935,5.41991928419322,130.255775534569,5.74506786381774e-07,2.17801308148669e-05
"10995","XM_053642288.1","sall1b",-2.34225401389912,4.12003542044799,75.5435357007452,6.61144222543566e-06,0.000101350404114917
"11002","XM_053642330.1","LOC128618624",-2.75491068475587,1.13805539874729,21.7929580799688,0.000795554051983645,0.00285299711863342
"11011","XM_053642365.1","LOC128618642",-2.85882427791227,2.08574813031447,50.0017593265087,3.8883523785413e-05,0.000329141206919513
"11015","XM_053642371.1","drd4a",-2.11645581275583,2.13195913200024,25.5900364857117,0.000540704010863041,0.00211525290668219
"11022","XM_053642395.1","LOC128618666",-2.41257539381707,1.55816300235206,22.5547144186349,0.000824958567839439,0.00293439448389032
"11044","XM_053642432.1","LOC128618685",-2.55885140887907,1.92758735501798,33.9439887534373,0.000185597769365476,0.000963584570393947
"11061","XM_053642518.1","LOC128618719",-2.00352752469024,6.45416361892055,88.6384404630221,3.25866809267526e-06,6.46462243679254e-05
"11065","XM_053642522.1","lrrc17",-3.72581987223483,4.84272612040555,94.1928937706692,2.50120518256553e-06,5.58475993039597e-05
"11068","XM_053642527.1","LOC128618733",-2.36755381242952,2.04823378912894,19.0061946197314,0.00152719877508649,0.00474972022499522
"11076","XM_053642548.1","slc6a1a",-7.66813412651478,1.23507566887195,54.8019050916527,8.83674411769873e-05,0.000567327552587132
"11095","XM_053642606.1","rap1gapa",-2.52206403915604,3.86556289287837,27.9973197722333,0.000380761531118155,0.00162890266007946
"11112","XM_053642665.1","nol4lb",-1.60419220614483,7.05766550926439,38.9822303679933,0.0001058338959842,0.000645832847890796
"11113","XM_053642673.1","ptk6b",-2.37153608800809,2.05470088602069,36.3562214654138,0.000143807112869918,0.000802693794062822
"11114","XM_053642675.1","srms",-3.66594944620662,1.51623034432262,65.3837983313307,5.89231762783206e-06,9.44792957484841e-05
"11115","XM_053642676.1","slc17a9b",-1.87873459999681,5.26798981376645,61.4426951547592,1.61155805726305e-05,0.000182050954856763
"11119","XM_053642696.1","tfap2d",-2.09810297883302,2.21608524721759,32.2853773847574,0.000226926529016893,0.0011125035286873
"11122","XM_053642705.1","LOC128618962",-1.76010245764964,4.55948923357258,40.1124753125931,9.44610389614576e-05,0.00059360842341152
"11127","XM_053642715.1","l1cama",-2.09287817216771,6.31829028498354,32.1803248884692,0.000224271827677813,0.00110420941233037
"11142","XM_053642770.1","kcnk15",-3.1602710347555,2.24796424414243,44.762642760081,6.05462540473145e-05,0.000436385912964349
"11148","XM_053642802.1","samd11",-2.2711130705222,0.793009564829397,16.1294675993489,0.00227454491954506,0.00652842786482188
"11164","XM_053642875.1","pcmtd2a",-2.22091942712213,2.49347303193555,33.5462267592556,0.000194928684259455,0.000997991796036265
"11165","XM_053642879.1","scn8aa",-3.10590874566303,1.68431976207571,40.6853198272668,7.75947406416295e-05,0.000517340882004406
"11170","XM_053642885.1","tram2",-1.66152316174674,7.1056482215857,84.6238847067552,4.00170380224287e-06,7.33630590608239e-05
"11181","XM_053642930.1","LOC128619066",-1.89961697666936,3.75599650451105,24.0734516815905,0.000660748696316745,0.00247654547255741
"11197","XM_053643011.1","phactr3a",-4.54694433173951,0.998211504081258,29.2339551087637,0.000113340241378719,0.000678722588926835
"11211","XM_053643044.1","LOC128619121",-2.32590907101651,0.511988589319427,20.9115239064788,0.000805099983933376,0.00287913222181798
"11225","XM_053643085.1","zgc:158263",-1.72582194871004,2.87367470707982,25.9325696774615,0.000506262257959152,0.00201014800879145
"11230","XM_053643098.1","tns2a",-1.93649042879155,4.23401214466568,26.3320499609257,0.000476878180184439,0.00192271581091549
"11233","XM_053643107.1","rybpa",-1.73324459772738,2.55171476681105,15.6705038405886,0.00283030595764721,0.00781326617366867
"11251","XM_053643161.1","iyd",-1.72364650393286,3.49080444041272,36.3956298985706,0.000139230066103933,0.000786961002126563
"11254","XM_053643166.1","klf15",-3.13238407912063,3.4463673466397,62.8168793523586,1.49968175092135e-05,0.000173158688900962
"11265","XM_053643189.1","LOC128619194",-2.17671498569357,4.34778723134809,53.6673048158871,2.8612052861881e-05,0.000265580224614753
"11307","XM_053643324.1","LOC128619263",-1.76675879321376,1.77466305617057,16.8318170112432,0.00227639769779685,0.0065313707879421
"11334","XM_053643388.1","LOC128619298",-3.04771585076869,4.02718885569304,51.8582810711142,3.3191493593392e-05,0.000297021827157609
"11339","XM_053643405.1","guca1b",-2.21700166521627,1.80242006009773,31.2443528778778,0.000257164093166662,0.00122188797774638
"11349","XM_053643460.1","lmbr1l",-2.03615759100745,3.8432899519217,39.7655353601664,9.79357879760653e-05,0.000610467668754927
"11350","XM_053643463.1","tspan2b",-2.01285992565315,4.75274691224159,80.3583151330386,5.03219237462425e-06,8.51724313757461e-05
"11358","XM_053643494.1","LOC128619349",-2.17890292629272,1.4726751984941,23.0345988183735,0.00077305136266014,0.00279084644485779
"11363","XM_053643509.1","dnase1l1",-2.47283931935039,3.09587185045103,54.0684400181531,2.81068359744031e-05,0.000262546717111159
"11372","XM_053643531.1","mxra8b",-1.97780556028858,6.17104155968963,61.7828657231065,1.57364629056142e-05,0.000179150600716987
"11380","XM_053643550.1","cbln4",-5.49688530487109,2.62048352465094,107.330721236753,2.12105945883124e-07,1.22627537569858e-05
"11389","XM_053643575.1","hoxc1a",-2.5690260891314,1.49416133759459,20.7554191279112,0.00107522353831428,0.00359994180728678
"11392","XM_053643579.1","si:ch73-290k24.5",-2.40099694062393,2.39615204705504,24.1046551193972,0.000669983575844555,0.00249973596826234
"11397","XM_053643591.1","bgnb",-2.20029864093611,4.89357750776382,35.4155080490565,0.000154731464800892,0.000845742792138085
"11399","XM_053643595.1","si:dkey-65j6.2",-1.94082343927783,3.58487193902652,26.4199073031235,0.000471580589996346,0.00190669773183833
"11400","XM_053643600.1","gprin3a",-1.79842371002613,2.81755797630199,24.4987296731985,0.000622876736976197,0.00236397541484621
"11407","XM_053643608.1","corin",-2.10258825495009,5.20559343391859,75.67006609483,6.54831972804789e-06,0.000100956380721561
"11411","XM_053643613.1","pdyn",-2.56423022424351,1.3840509958661,24.8616670754832,0.000551859067662138,0.00214943790741972
"11412","XM_053643621.1","LOC128619440",-2.54322611786511,1.12029417030826,31.0622167593522,0.000218859632357682,0.00108652728968077
"11427","XM_053643670.1","LOC128619464",-1.81229938382911,7.48880758644827,47.2613490038599,4.8470260181453e-05,0.000377229121066039
"11433","XM_053643680.1","agrn",-2.67344224571855,8.49735974941788,56.9411416653873,2.22619848843296e-05,0.000224814105619169
"11464","XM_053643756.1","calcrl2",-2.36072701445959,5.64985157241844,64.502527523628,1.30858322739384e-05,0.000156718189389056
"11470","XM_053643763.1","nr1d4a",-1.75850056357493,2.71131420462699,28.8376209321865,0.000342462448668642,0.00150646253234999
"11472","XM_053643776.1","LOC128619539",-3.72136284279902,0.366800186008718,17.2876470327586,0.00109404008026674,0.00364578146982668
"11473","XM_053643777.1","LOC128619539",-3.07106297124243,2.48802727568412,47.3718545646616,4.95497115010103e-05,0.00038360149678544
"11475","XM_053643779.1","LOC128619541",-1.70981944762994,4.15123825550648,41.7969317669617,8.00858830285268e-05,0.000529371283979499
"11485","XM_053643804.1","LOC128619555",-4.12688309911706,1.90500056229605,41.8197408860087,4.63227801969516e-05,0.000365435265998174
"11486","XM_053643805.1","syn2a",-2.53974194025997,1.74693326685185,32.4421957521452,0.000217489052052918,0.00108168013615611
"11490","XM_053643825.1","LOC128619570",-1.80793943391014,6.08938307717175,85.3121154384846,3.86138828381605e-06,7.17659627306707e-05
"11500","XM_053643848.1","plxna2",-2.79929338409918,6.04079646637367,129.505114214452,5.89407245733688e-07,2.21891267300859e-05
"11502","XM_053643852.1","moxd1",-1.72221336678968,3.91741905785104,29.5059217241629,0.000312327299890776,0.00141114998046973
"11512","XM_053643891.1","lmod3",-2.57405617646854,1.93406580390239,25.5898296503608,0.000536113682904931,0.00210034082741167
"11519","XM_053643908.1","syde2",-2.45411615060014,4.87548591670134,50.4644803810472,3.69831549699012e-05,0.000318618048245216
"11527","XM_053643930.1","LOC128619630",-2.9264285778643,2.78896955085447,62.8360265964603,1.52519919887734e-05,0.000175230125134325
"11544","XM_053643994.1","LOC128619420",-1.70090375532266,3.95220614986318,19.892794723565,0.00128722089246163,0.00414347421100993
"11557","XM_053644021.1","zgc:113423",-1.69865912416073,3.57264356952698,30.6284052919695,0.0002713206040141,0.00126903725448721
"11558","XM_053644022.1","LOC128619690",-1.60357343751329,4.60485016872778,33.7501658942911,0.000186666992775875,0.000967240907244417
"11567","XM_053644075.1","LOC128619715",-2.88151817500578,6.86656984104476,106.82339244993,1.41314933594109e-06,3.86309073834054e-05
"11568","XM_053644076.1","si:dkey-109j17.5",-2.0020527162009,3.83476932635336,49.8650496867759,3.89162509293272e-05,0.000329141206919513
"11573","XM_053644088.1","LOC128619722",-4.4655989962104,5.16411158724038,185.593276904758,1.13569070052495e-07,9.13882167033001e-06
"11578","XM_053644117.1","ppp1r14c",-2.92583391871304,4.91950808952876,173.200157144515,1.54557217427148e-07,1.04685030782873e-05
"11589","XM_053644149.1","LOC128619747",-2.08623330432294,3.56917795841898,25.4163146745472,0.000543492975209579,0.00212229228285096
"11609","XM_053644209.1","LOC128619783",-1.85099228091937,4.94366366587765,22.161671989995,0.000885526535015469,0.00310145035673527
"11614","XM_053644233.1","acvr1ba",-2.43222620930351,6.00157425039232,33.4238407365877,0.00019378167002437,0.000993959972862643
"11616","XM_053644237.1","camta1a",-1.73415534353811,5.50604098067959,24.3047551072499,0.000637692699098155,0.00240572580121206
"11618","XM_053644239.1","ccdc187",-1.66887494770635,1.53984679522077,15.3816493725049,0.00302992794107923,0.00825689560609882
"11619","XM_053644240.1","ccdc187",-1.78295113926956,1.99113614709246,14.2767996901506,0.00380479167982665,0.00998249071524048
"11626","XM_053644260.1","LOC128619812",-2.38238782238688,1.13324426549232,16.9985380984595,0.0020349375544457,0.00597416922948258
"11643","XM_053644305.1","igsf21b",-2.5395533914287,1.90509026250871,24.257312891761,0.000650352230002787,0.00244721104120993
"11644","XM_053644308.1","snai1b",-2.92169827159533,4.41534140346605,18.6432424266581,0.00160296595037837,0.00493042234556811
"11645","XM_053644317.1","kcna10a",-3.6928535952753,1.53449405407114,49.3552251863676,2.19234591075851e-05,0.000222529344223216
"11656","XM_053644341.1","ntsr1",-3.09552531145631,2.01267811093738,47.4141105233885,4.60476465963802e-05,0.000364330060167254
"11658","XM_053644343.1","rnd1a",-2.15788590642356,3.54120644942199,31.5012185013859,0.000244063470186524,0.00117516343110632
"11660","XM_053644345.1","foxl2l",-2.62122581777261,0.89386376717378,16.5908122326368,0.00197190285906515,0.00582184269242142
"11675","XM_053644391.1","apobec2b",-2.79649298053798,1.86075817145882,22.6638234686812,0.000810821940849864,0.00289620158395357
"11693","XM_053644439.1","tcf21",-2.0308132388144,3.56770431013913,20.5487260408347,0.00115308030844466,0.00379468673167354
"11696","XM_053644447.1","npbwr2b",-3.52313229342832,2.94722028626632,84.7441471867123,4.176617834834e-06,7.55986497489375e-05
"11700","XM_053644466.1","oprl1",-1.76757422076241,3.15294419576168,17.2979704801961,0.00205422849773661,0.0060155301956151
"11713","XM_053644507.1","mtus2a",-2.04318925564465,3.09759736985198,17.1534453037725,0.00211359941008191,0.00616263459121144
"11719","XM_053644545.1","LOC128619983",-2.64698057442335,2.06768088188103,32.6528907011507,0.000216522284609612,0.00107814910589369
"11726","XM_053644571.1","glis3",-2.03042349618255,2.12708277285165,18.3360601059289,0.00171851196239043,0.0052154615011579
"11732","XM_053644594.1","sftpba",-2.10185233645248,1.42594851077194,16.0676793342272,0.00260350979846066,0.0072878465532563
"11757","XM_053644659.1","trpc4a",-2.4777195137019,3.80247048361336,43.6173201767808,6.7560973289751e-05,0.000470360218425691
"11776","XM_053644727.1","LOC128620076",-2.73184058491173,0.970488049412628,22.079693495862,0.000711706264853669,0.00262379891037376
"11778","XM_053644730.1","sh2d3ca",-2.27949351098186,1.37422744022142,20.9285297307587,0.00106065122353851,0.0035629429355969
"11780","XM_053644732.1","apba1b",-2.94567411435594,4.58797247525613,117.285001138308,9.28926920626332e-07,2.95431610827094e-05
"11781","XM_053644733.1","LOC128620083",-2.8225706174362,1.78527360005916,25.1325886752207,0.000551965244696305,0.00214943790741972
"11786","XM_053644755.1","erg",-4.90422732131803,0.620519918115998,31.720076772863,0.000170221569967909,0.000903479960605583
"11793","XM_053644767.1","stard13a",-1.88869857323605,3.96945807182433,26.9269161348524,0.000439358088137005,0.00181021347181518
"11797","XM_053644788.1","LOC128620111",-2.70430047826011,5.28150605285191,30.7070936531001,0.000268370779565983,0.00125960747451845
"11814","XM_053644839.1","LOC128620140",-2.12874863489698,2.58822614307267,18.0168288922092,0.00181022459361632,0.00543067378084896
"11815","XM_053644840.1","LOC128620141",-3.26274288750589,2.15653585156637,18.809461427868,0.00152628056180914,0.00474868916674347
"11817","XM_053644845.1","LOC128620144",-2.97076860888359,1.14429702936828,21.885964549933,0.00073414022445998,0.00268388933007185
"11831","XM_053644896.1","LOC128620170",-1.84751429552804,5.16514820098759,60.5357555474262,1.71719375615042e-05,0.0001896965651783
"11838","XM_053644910.1","nt5c2l1",-2.05237316078776,3.57665952252553,17.4405693623512,0.00199872781108371,0.00588387085030425
"11840","XM_053644914.1","LOC128620182",-4.03959269462604,1.83240371783518,26.650609938038,0.000312500223951729,0.00141114998046973
"11853","XM_053644958.1","LOC128620205",-3.15826638907333,2.2551308549453,35.4553040319639,0.000154015619712319,0.000843628546407933
"11870","XM_053645020.1","wu:fb59d01",-3.19027216450669,1.31740650235643,27.2453755442906,0.000317540601741823,0.00142668533472013
"11880","XM_053645060.1","LOC128620242",-1.81187891431612,4.63894240141497,43.440547656651,6.8476353312185e-05,0.000474928844732077
"11883","XM_053645066.1","si:ch1073-143l10.2",-1.66968802499562,3.29884544486796,30.1706840226135,0.000287479647882711,0.00132456281378599
"11897","XM_053645125.1","LOC128620269",-1.75731603757571,5.89796724176996,69.8030377937516,9.3035872424437e-06,0.000124880986965737
"11904","XM_053645136.1","LOC128620277",-1.79440911168738,3.13221712670087,16.2615193495418,0.00250805123492205,0.00706092754624664
"11905","XM_053645144.1","trim69",-2.13971969762291,3.86616281406787,53.9643620004685,2.79896560022963e-05,0.000262171955332285
"11906","XM_053645147.1","slc4a5b",-3.18731241206849,2.58441976246186,54.4244978048245,2.78858726699487e-05,0.000261842521334762
"11936","XM_053645231.1","LOC128620317",-1.93081054255525,2.46517337446815,30.1790470097557,0.000290574701945711,0.00133479661608887
"11955","XM_053645301.1","LOC128620368",-2.69892368847687,3.46205992558001,58.7602726730857,1.97044234024074e-05,0.000207261342454952
"11964","XM_053645340.1","ggt1b",-3.37124925126227,0.816037812012344,30.6476043686768,0.000121874049637719,0.000715076881310401
"11965","XM_053645341.1","ggt5b",-2.09667980249807,1.64543078643429,27.4562824171247,0.000416203750481382,0.00174185788851929
"11977","XM_053645376.1","plppr1",-4.14853371158079,0.680523293479969,38.7035168261374,2.91243695164413e-05,0.000268947686099345
"11987","XM_053645431.1","kl",-2.92029537363111,2.67238045151239,57.0460801917296,2.30151007113674e-05,0.000230692538895118
"11995","XM_053645470.1","dact3a",-2.0427078437072,3.10058635074212,21.5090768562198,0.000986704105080045,0.00338262728780935
"11997","XM_053645473.1","cntnap3",-2.28039408105744,5.86874575888004,88.4630628900006,3.28837564620634e-06,6.50760696342155e-05
"12001","XM_053645478.1","LOC128620454",-2.86417106578167,1.48686124939423,25.6967256768988,0.000472956437281679,0.00191047125041289
"12005","XM_053645497.1","skor2",-2.44555946393783,2.43431624670995,27.477222612526,0.000416332981960051,0.00174194838768915
"12024","XM_053645550.1","LOC128620498",-3.92158295734362,1.25357652710568,36.996067890629,5.13087254539875e-05,0.000393080706462199
"12043","XM_053645611.1","LOC128620529",-2.15637875916106,1.53722493183846,22.5719810712491,0.000836276101049042,0.0029642298059518
"12056","XM_053645663.1","LOC128620531",-2.07051977316631,2.53905749116111,21.2359275158517,0.00103882322763372,0.00351147847336283
"12059","XM_053645666.1","LOC128620531",-2.61824749835152,1.53152680783533,15.5305632241456,0.00282237939848004,0.00779321929308789
"12061","XM_053645668.1","LOC128620531",-1.98917165872907,1.34270514485396,15.143829256269,0.00313819282160539,0.00850087608493656
"12066","XM_053645673.1","LOC128620533",-2.90133032077274,2.21052215667761,23.8097538929958,0.000695162052430555,0.00257410157430451
"12072","XM_053645679.1","LOC128620542",-2.21482327949918,2.2079136028665,31.1312438027799,0.000261185567049532,0.00123303352563366
"12075","XM_053645682.1","LOC128620547",-1.77096784806054,1.724889977833,15.9208852794789,0.00271905286840539,0.00754862422118786
"12076","XM_053645683.1","LOC128620548",-1.9981811829156,2.00084793702012,18.0424824444085,0.00181467745865686,0.00544100735335012
"12078","XM_053645691.1","LOC128620552",-2.65183733785594,4.48660529461749,45.6367490957822,5.60581076414565e-05,0.000414991461683066
"12086","XM_053645702.1","LOC128620562",-2.01690650669194,2.59878666780205,27.9023017111738,0.000389202089451762,0.00165696704110589
"12095","XM_053645730.1","pcp4a",-3.69567476800895,4.39078016275101,89.6526177745823,3.13796437319222e-06,6.37901892614515e-05
"12096","XM_053645731.1","rasgrf2a",-2.3358697390978,3.82243194528349,71.486761645228,8.42182222932159e-06,0.000117224813627049
"12107","XM_053645783.1","wnt11",-2.01719642574012,1.72762341467752,17.8735589628577,0.00187130934806213,0.00558083193191412
"12108","XM_053645784.1","nt5e",-1.93267188410733,6.1150440317472,44.3614604373497,6.28408497036897e-05,0.000448249878048235
"12120","XM_053645818.1","LOC128620612",-3.32760449423217,1.03265441348823,19.4443175293128,0.000943735622704818,0.00326296289200034
"12121","XM_053645819.1","LOC128620613",-2.84488898922174,2.67014135800679,36.9922476782607,0.000134210568932126,0.000766890465892429
"12122","XM_053645820.1","LOC128620615",-1.87412043064831,4.27001700166844,42.5997068691186,7.41570239378528e-05,0.000501425648759439
"12130","XM_053645839.1","sgsm1b",-3.88516251003208,3.83308313825972,56.4039344788907,2.39185697013888e-05,0.000236438663860284
"12131","XM_053645840.1","arvcfa",-3.39389784077162,4.88018650352716,83.9933069560582,4.1506612779034e-06,7.53261264200676e-05
"12140","XM_053645855.1","kirrel3a",-2.56026237892119,3.40229852256785,17.1869583801632,0.00210160530893288,0.0061365055449144
"12143","XM_053645881.1","LOC128620648",-2.28775025941256,2.36153437703577,29.8680972445807,0.000304820665723226,0.00138463511079805
"12150","XM_053645891.1","slc9a6b",-1.99977922708355,4.07165174408455,53.6623096032609,2.8631473533148e-05,0.000265608191148768
"12154","XM_053645898.1","rph3aa",-2.74034504451193,2.77413800064532,45.6957653724722,5.73348911773329e-05,0.000420881767655305
"12164","XM_053645921.1","aebp1a",-1.70712185352615,5.26814389222519,18.7774348150268,0.00156324544918943,0.00483581451012391
"12179","XM_053645951.1","dbh",-2.70225398992221,3.04140358623917,59.1046099978957,1.9461768660383e-05,0.000206105102040708
"12180","XM_053645952.1","LOC128620708",-2.96610770679268,1.69195836030502,36.9471797735458,0.000119958330987878,0.000705195996700305
"12191","XM_053645979.1","rnf208",-2.14058786022142,4.46766359477835,16.2958301483673,0.00248724852906349,0.00701089660255613
"12203","XM_053646008.1","grin3a",-2.87507756565415,2.25059651829618,43.5451730251264,6.95353652578181e-05,0.000480426159963107
"12204","XM_053646012.1","ponzr2",-2.388374541482,3.80889720459281,66.2923417473345,1.1677046512569e-05,0.000145071395967358
"12227","XM_053646080.1","phactr1",-2.16629623749518,5.37985308699071,112.167636371165,1.13368717111598e-06,3.36119559084715e-05
"12234","XM_053646106.1","LOC128620796",-1.788547320174,3.45837033351362,26.560058779874,0.000462524303796562,0.0018812420678037
"12239","XM_053646124.1","map6a",-3.5497624638868,2.29420942400032,51.705316411163,3.11065292485633e-05,0.000282735820031298
"12247","XM_053646139.1","zpld1a",-7.02043303108947,0.700273849194248,46.6890351459569,0.000153786191270398,0.000843037881573043
"12254","XM_053646162.1","irf4l",-1.73243122889513,1.16098332919848,14.6593445620535,0.0034726990444123,0.00924910367406158
"12258","XM_053646174.1","LOC128620838",-1.82074519362966,3.28963749959944,20.8396615898325,0.00109897482344933,0.00365226943995027
"12261","XM_053646177.1","LOC128620840",-4.21929573172828,2.50130287532374,49.2008022903127,3.26842217709298e-05,0.000293288349239363
"12263","XM_053646180.1","opcml",-2.47043288824705,3.1240369843333,57.3363328359678,2.19395128107396e-05,0.000222529344223216
"12266","XM_053646183.1","LOC128620847",-2.83407671829276,3.23056122816366,26.5643295375249,0.000466743712926801,0.0018903295533798
"12270","XM_053646192.1","LOC128620853",-1.64966997680158,4.55309366968509,33.4206270688985,0.000193910692557562,0.000994306712423762
"12287","XM_053646251.1","vaspa",-1.78434044368119,4.28196432929837,54.7320644633144,2.63364770608923e-05,0.000252568063188225
"12299","XM_053646275.1","zgc:153345",-1.71636726541541,6.08300158205301,71.7373969481647,8.26177824921474e-06,0.000116095196439486
"12300","XM_053646277.1","col4a3",-2.22607500154049,3.85492671895379,45.6973493213148,5.58015373890553e-05,0.000413985007907437
"12303","XM_053646293.1","cadm1b",-2.37975315050052,2.34475924073427,19.6286766774305,0.00136916246237227,0.00436299250804771
"12307","XM_053646303.1","LOC128620934",-2.57102448492864,1.67562588260695,23.0070420407472,0.000768336394804578,0.00277834333385961
"12331","XM_053646382.1","LOC128620972",-1.81725247022568,4.85484968043045,38.4174853325404,0.000112213634534021,0.000673531448215326
"12339","XM_053646414.1","scn2b",-1.69359640538572,8.74475408860282,74.5144846558502,7.00005973303544e-06,0.000105075261983543
"12350","XM_053646441.1","LOC128620985",-2.28728993682994,2.77455998319401,37.4254553280747,0.000126377932357735,0.000732738527581307
"12352","XM_053646447.1","LOC128620774",-1.700502644402,2.49055719927387,22.8425561065913,0.000802094918339022,0.00287176273741149
"12360","XM_053646470.1","tshr",-3.11929815610369,3.57243991346904,79.9467138784946,5.25167557991645e-06,8.74820071815362e-05
"12364","XM_053646479.1","gab2",-1.63713707051486,7.09912392447821,37.7065837724263,0.000120801822942556,0.000709042751919542
"12380","XM_053646523.1","chrd",-1.62135872912063,3.91406351451155,32.4293157376131,0.000217930990475088,0.00108349719711631
"12382","XM_053646525.1","LOC128621048",-2.78234201681401,4.65663389751472,58.1997407196528,2.03315710567212e-05,0.000212340304687873
"12383","XM_053646527.1","LOC128621049",-3.29374857625267,3.1081982630209,37.1752061889062,0.000131493531511341,0.000755027995433094
"12385","XM_053646532.1","LOC128621053",-4.89163893982322,0.609981095373787,30.6081451417374,0.000196656814727114,0.00100647502902388
"12386","XM_053646533.1","LOC128621054",-4.93929103606649,0.651941171750003,28.228917728219,0.000272273660800185,0.00127275946319186
"12387","XM_053646534.1","LOC128621055",-3.74334530757366,0.783236953718189,17.5699145242225,0.00105278193595678,0.00354386233713213
"12388","XM_053646535.1","LOC128621056",-4.56287358460555,0.363971031182288,27.2322547944223,0.000315667336025422,0.00141945078766098
"12389","XM_053646539.1","LOC128621061",-3.60670909780631,5.50468408932373,151.64678604461,2.86003742985495e-07,1.44231420294368e-05
"12391","XM_053646544.1","LOC128621065",-3.414250896813,0.541371790446074,14.2823813057698,0.00229584786004172,0.00656860819341735
"12396","XM_053646563.1","LOC128621083",-1.83285365091528,5.54281247410099,88.7431151578072,3.24239327088209e-06,6.45607161980802e-05
"12397","XM_053646567.1","ttpa",-3.02648727438875,1.18870545956755,20.4628613455478,0.00094125109595242,0.00325785177277695
"12409","XM_053646590.1","mab21l1",-2.97801356865203,2.53504372487971,39.2328021919111,0.000106451831452556,0.000648566897837402
"12411","XM_053646592.1","LOC128621103",-3.4500042122278,3.56512996809778,52.7711940905985,3.1471286828643e-05,0.000285090761713527
"12426","XM_053646614.1","slc7a14a",-2.15562917938984,5.85604006086921,30.077555199017,0.000290224618645099,0.00133394552147271
"12433","XM_053646628.1","ankrd13b",-1.91470709986634,4.64207261838766,49.7077303679857,3.93713676467471e-05,0.000331500605299811
"12437","XM_053646683.1","nrip1a",-1.59190856467711,3.0833483740168,18.964836639443,0.001514923347129,0.00472243002952516
"12441","XM_053646694.1","zgc:153184",-1.64402288164322,3.01951074025638,18.1991110761566,0.00173873069150814,0.00526202513257314
"12447","XM_053646722.1","zgc:101731",-2.61938063401978,2.1824313016449,40.7933912378649,9.10363047124071e-05,0.000579055285141237
"12454","XM_053646736.1","mtus2b",-2.27559121611271,6.32790545717938,64.7249028319557,1.28912610515387e-05,0.000155155192492422
"12484","XM_053646822.1","fam110b",-1.98525948442361,3.9321533937446,41.9793779705732,7.87466439264781e-05,0.000523296663334083
"12490","XM_053646838.1","nova2",-1.8150798881039,3.39975900071983,25.517178274296,0.000535671265317931,0.00209911557563947
"12517","XM_053646908.1","gucy1a2",-1.73910632437099,6.14773956139893,49.6346922297776,3.95865486222654e-05,0.000331823854015917
"12535","XM_053646961.1","rhoub",-2.32321341473881,6.5885423318618,85.7860831050978,3.76769037110179e-06,7.06736636470404e-05
"12536","XM_053646964.1","rtn2a",-2.1729181555297,1.90092419414217,15.1542599363771,0.0031720890942196,0.0085740090088257
"12555","XM_053647028.1","naalad2",-1.69865051152251,1.88159902353856,19.4413975895346,0.00141393922705988,0.00447309912207257
"12557","XM_053647030.1","LOC128621330",-1.96927624652927,2.3058307346453,24.1222956432688,0.00066534225239969,0.002489151925548
"12558","XM_053647031.1","LOC128621332",-1.67775220689019,4.93568782826464,25.5736281721394,0.000530412173951865,0.00208320126213859
"12569","XM_053647061.1","smtnl",-2.06296759906594,3.81117183784397,39.4418787195915,0.000101203147203043,0.000625774082094293
"12572","XM_053647068.1","nectin3a",-1.59770833952391,4.16633710482354,24.1688712930872,0.000650970777384182,0.00244862735876151
"12574","XM_053647081.1","agxtb",-1.85420632510336,2.61415418782298,24.9278984446847,0.000586840688961349,0.00225219940087869
"12582","XM_053647107.1","robo2",-3.00311600452804,5.91110684810608,75.3361309662658,6.67626382195287e-06,0.000101957885612994
"12587","XM_053647115.1","LOC128621387",-3.14114241918277,0.641074280636536,21.0389556993246,0.000602091854714507,0.00229874126040529
"12598","XM_053647141.1","mycn",-2.81779567634285,2.57938375509101,27.6425312692475,0.00040802124053907,0.00171648852438837
"12605","XM_053647173.1","agmo",-2.52665362785106,0.649346693641672,18.576373735352,0.00124106060978005,0.00402578916351019
"12607","XM_053647176.1","lsamp",-2.70520918364267,1.36922047031316,21.1362220422961,0.000963681270057271,0.00331930995800235
"12608","XM_053647178.1","lsamp",-2.65542325079454,1.21372064829731,16.9892480588075,0.00198135757324776,0.00584442718581172
"12610","XM_053647187.1","lratd1",-3.41554883759901,3.15467066161876,66.7856071898139,1.17682935606378e-05,0.000145646128562389
"12614","XM_053647201.1","npas1",-3.72989574807701,2.55287770542262,62.7461942864402,1.40666101782345e-05,0.000165607480411099
"12619","XM_053647233.1","ptgir",-2.49600169803538,1.80046258225009,25.4582335587573,0.000543487722874472,0.00212229228285096
"12641","XM_053647293.1","LOC128621489",-2.08474627242565,2.46412788784331,20.7766132734631,0.00112175343138043,0.00371348559247165
"12645","XM_053647302.1","lrrc75a",-2.79583487207348,2.50671780200292,48.4993930418399,4.52274043339638e-05,0.000360362310780456
"12647","XM_053647310.1","drd2a",-1.98860842352754,5.14293613695397,40.1415298461181,9.41613573282532e-05,0.000593325659687081
"12661","XM_053647347.1","robo1",-2.08447100664813,3.38009686591358,38.9000842175868,0.000107164089220546,0.000652170028685036
"12671","XM_053647377.1","best4",-2.88588589573609,3.44646764940985,31.2627522814347,0.00025299269310375,0.00120702791510861
"12680","XM_053647408.1","LOC128621555",-2.28486123756095,3.15107836980957,44.6633813759737,6.16715390747086e-05,0.000442134133986441
"12682","XM_053647421.1","plppr4a",-3.19933094051908,3.81003759807922,76.9186006794031,6.18635870874996e-06,9.74170960868135e-05
"12689","XM_053647431.1","sox4b",-2.38593892936237,5.24167587360602,45.9138147728455,5.46165850521275e-05,0.000408753249571817
"12690","XM_053647432.1","ppp2r3a",-2.0767379327429,5.48064570322121,40.1321069931289,9.42417811009984e-05,0.000593325659687081
"12695","XM_053647449.1","slc19a3a",-3.14283691419403,1.28146368025268,19.7097655294191,0.00107624214766486,0.00360260708982605
"12699","XM_053647462.1","LOC128621587",-1.83756616143635,1.59477498368777,15.9440635399644,0.00270435811337817,0.00751849840056867
"12701","XM_053647464.1","gyg1a",-1.95999588766743,2.85443698794861,25.5175089695474,0.000537931337579874,0.00210695197017735
"12702","XM_053647465.1","LOC128621590",-2.86817404381533,2.17081152883099,50.1407506060787,3.8785452447526e-05,0.000328799026390208
"12706","XM_053647470.1","LOC128621594",-2.26810607884147,1.96698559383322,26.9300204935695,0.000449294916797288,0.00184235366105467
"12711","XM_053647479.1","plppr5a",-2.53797110375593,1.46432660629245,19.1616529875283,0.00141488917091234,0.00447522975746952
"12712","XM_053647480.1","gucy2f",-2.56888473849084,0.67874056386014,18.3544592946374,0.00129445858175824,0.00416346026654131
"12715","XM_053647486.1","LOC128621605",-2.7508525037608,1.27740277691692,38.9178312337611,8.79675875768443e-05,0.000566435683251374
"12716","XM_053647487.1","gpr4",-2.30742243478027,4.37554705695429,50.6880014197795,3.63293227147511e-05,0.000314828199200424
"12721","XM_053647512.1","LOC128621616",-2.57123087360355,0.485203187558729,13.9357596778492,0.00308465030429536,0.00838405682233814
"12727","XM_053647520.1","zgc:172282",-1.59307044237165,4.13652352509824,45.3740689799289,5.73551506948112e-05,0.000420881767655305
"12731","XM_053647526.1","mtnr1ba",-2.75388879519751,2.22208290500206,29.7622125662208,0.000308823874423024,0.00139931924773985
"12737","XM_053647551.1","gipr",-2.58882041614346,2.95127525617762,32.4531494073143,0.000220457745814985,0.0010917008226531
"12741","XM_053647561.1","abhd15a",-2.02651672128096,4.37077784912167,42.7149223410823,7.3350320999582e-05,0.000497859537249993
"12746","XM_053647583.1","LOC128621652",-4.25436460905285,0.763891907849337,39.5024952983353,2.62279510497714e-05,0.000251950615438686
"12757","XM_053647616.1","LOC128621668",-2.56546788162048,1.38167065296374,14.0444313089679,0.00381371327756039,0.00999779603840447
"12767","XM_053647642.1","col4a4",-1.9052364552811,3.85709462771453,40.7907408292915,8.84104351748702e-05,0.000567327552587132
"12772","XM_053647656.1","LOC128621700",-3.01926546197026,4.61407736039836,61.8903981448906,1.56597053407602e-05,0.000178646448242583
"12775","XM_053647660.1","LOC128621705",-2.11649730790506,2.89557518979277,33.6717023115817,0.000190004985544745,0.000980491139942088
"12778","XM_053647663.1","LOC128621707",-2.82103145820926,5.38676012077193,139.156003602266,4.24282826853615e-07,1.8074448423964e-05
"12782","XM_053647670.1","LOC128621715",-2.40711950903137,3.5752560333396,35.3814706991009,0.000155879845738082,0.000849623886467363
"12783","XM_053647671.1","plekhg2",-1.64247396755438,7.57027045049458,54.3724433973617,2.70465656405868e-05,0.00025733469167161
"12787","XM_053647675.1","sez6b",-3.36785769512483,5.57870944630019,128.614659782874,6.09013147639613e-07,2.27683714410856e-05
"12788","XM_053647676.1","LOC128621719",-3.79685029361547,0.419490789611132,31.1663153036524,8.44378065119204e-05,0.000550561183898301
"12796","XM_053647705.1","LOC128621746",-4.7395861155497,0.494267793056333,30.0438710275962,0.000212644323650627,0.00106227393947368
"12800","XM_053647710.1","si:ch211-153l6.6",-2.9425299824466,1.12727352669407,18.3970261888989,0.00137738277229779,0.00438573413020389
"12801","XM_053647711.1","kcnh2a",-2.92328549727913,3.40570584422238,90.5038493720778,3.03797351563395e-06,6.28080654803095e-05
"12809","XM_053647729.1","LOC128621770",-3.36241082469171,1.44849474946879,36.8426955098382,9.23617554064905e-05,0.000584272018960636
"12810","XM_053647731.1","LOC128621772",-1.97755286385763,2.16998086953242,15.163601609243,0.00315885939497369,0.0085496766236138
"12816","XM_053647742.1","LOC128621784",-3.90375198750762,1.72097173671532,15.7567150702572,0.00219600112011494,0.00635254934460699
"12824","XM_053647767.1","mcamb",-2.05639110232349,2.09565539162299,19.2298148956336,0.00146742252972753,0.00460807680140237
"12828","XM_053647777.1","mecom",-2.44237645862863,0.910220497599973,17.8862297917383,0.00160260712406552,0.00493025543982756
"12833","XM_053647808.1","LOC128621819",-3.31885016148568,1.72469383951808,24.8347598660971,0.000515965987632055,0.0020406688022936
"12838","XM_053647818.1","LOC128621825",-2.98333898787849,1.15179022936353,27.403942495377,0.000310524721737793,0.00140412687024899
"12839","XM_053647819.1","LOC128621826",-2.93790699122971,0.741638803231519,19.248797078038,0.000981513329503974,0.00336697134520245
"12841","XM_053647825.1","zgc:114130",-1.95654807636304,4.60943549924881,44.8003876698745,6.0403517125121e-05,0.000435551062459447
"12842","XM_053647826.1","rskra",-2.42675179805084,3.2657820028955,53.3056629980804,2.96921265562878e-05,0.00027279009346946
"12852","XM_053647852.1","stard13b",-2.72902085066838,1.71302450350042,31.9192011247855,0.000224908600120173,0.00110599402533269
"12864","XM_053647887.1","slc8a2b",-3.34325034320427,4.50637270202533,95.5396829376675,2.34741445968421e-06,5.39771949905796e-05
"12871","XM_053647910.1","palmda",-3.49665376631401,1.56139813971071,24.7703003280583,0.000460036063572688,0.00187390692990537
"12874","XM_053647920.1","zmp:0000001236",-1.78104752062717,6.75884038006432,50.955044447026,3.54917751472844e-05,0.000309725528886383
"12895","XM_053647982.1","st6galnac6",-3.06629007710152,1.21970308822022,43.6713130387359,4.45956835930086e-05,0.000357206791689076
"12913","XM_053648045.1","hnf1bb",-3.17157719419125,1.30396906455407,16.2639471031034,0.00210611561622333,0.00614634930510605
"12920","XM_053648060.1","gria1b",-1.64076004083049,3.74072220699763,21.4325526324677,0.000996054288995799,0.0034067455800262
"12932","XM_053648099.1","gsdf",-4.74112485883933,10.8471326654462,89.3280551658752,3.14796348639179e-06,6.37901892614515e-05
"12933","XM_053648101.1","st8sia3",-1.91985010276602,3.78431988338139,41.3428880134207,8.37716005695012e-05,0.000547474634646381
"12941","XM_053648163.1","unc5da",-2.70455116041611,2.99882568907535,53.3620555075272,2.99633173955595e-05,0.000274658087202331
"12944","XM_053648169.1","eif4ebp3",-1.64600770104627,4.33250488909342,22.2753575039042,0.000869923365033176,0.00306070841842144
"12945","XM_053648170.1","ptpn13",-1.99788289746613,2.75101077980738,19.9591320746867,0.00128012969867158,0.00412639178854949
"12946","XM_053648172.1","bcr",-1.8999046579018,5.63213929917641,67.3287224109876,1.08775477482585e-05,0.000138029399975005
"12953","XM_053648209.1","igsf9bb",-2.08857947880567,6.51587076858794,103.225224779586,1.64886945855854e-06,4.23322174005539e-05
"12955","XM_053648215.1","prkcbb",-1.76140992765503,3.71944486821502,34.0522428700261,0.000180524611100171,0.00094451596783761
"12963","XM_053648231.1","si:dkey-175m17.7",-2.22357154605217,2.99070741646925,30.5085178839529,0.000277229590631431,0.00128996625844829
"12982","XM_053648290.1","LOC128622077",-3.25328807107217,2.55942253765939,35.545806630456,0.000155768772576987,0.000849304442733671
"12987","XM_053648297.1","tmlhe",-1.9739866396497,4.37514125288418,57.2082880838724,2.185168159963e-05,0.000222335023089133
"12991","XM_053648303.1","gabrb4",-4.51568935797245,2.01910757971147,50.1266450599732,1.61827424911289e-05,0.000182554867906895
"12997","XM_053648327.1","ppp3ca",-2.41549532781327,3.91385407697281,61.0330349712676,1.66357784155375e-05,0.000185468306467438
"13024","XM_053648381.1","ccbe1",-2.62732322124697,3.77942562756157,58.4040837058616,2.01079070006894e-05,0.000210547735140465
"13040","XM_053648451.1","adora2ab",-2.41414698201834,3.16692581080942,44.216508820215,6.43476664878958e-05,0.000456063989636434
"13061","XM_053648514.1","LOC128622195",-4.07736401479486,2.63618663300911,37.2264215533951,0.000116318226828929,0.000689981478895821
"13075","XM_053648540.1","pygma",-3.25436746044452,2.14747603766743,41.3127858230761,8.10189912238225e-05,0.000533795453777468
"13079","XM_053648554.1","LOC128622226",-2.11422431246101,4.11141451718592,50.6698249507537,3.6392668872531e-05,0.000315120747563341
"13093","XM_053648594.1","adamts2a",-1.93082783777116,5.82787612394315,71.6542617653115,8.30401488105859e-06,0.000116284941950326
"13103","XM_053648616.1","adra2db",-5.14846463562198,1.49768954897623,50.6003754322206,7.22425208509066e-06,0.00010690287503209
"13109","XM_053648635.1","LOC128622272",-1.85602504283735,3.67645914799869,27.1847722420981,0.000424343482770428,0.00176724268049593
"13132","XM_053648732.1","si:dkeyp-50d11.2",-1.68856735045781,2.24498791395036,18.7137827734665,0.00159679815734563,0.00491705698518376
"13142","XM_053648765.1","slc25a23b",-2.81038875144766,1.17562715064296,19.5971991269911,0.00116411747694623,0.00382091113479431
"13154","XM_053648810.1","drd1b",-4.56594113827182,1.4505959585776,48.6177480717871,9.62552557029108e-06,0.000127615076111279
"13158","XM_053648816.1","lrfn4a",-2.49196898011476,6.16089341501035,123.098576052797,7.4289888678574e-07,2.52648049985033e-05
"13162","XM_053648822.1","LOC128622372",-2.28392311554637,7.88623290503781,85.3231175340057,3.8583727784699e-06,7.17659627306707e-05
"13170","XM_053648839.1","ghrb",-1.59953559639634,4.29123922906238,24.0334949966165,0.000664181817036938,0.00248653451762117
"13178","XM_053648861.1","slc13a2",-3.14749335430048,3.69773522557675,59.2543311096366,1.9081761177708e-05,0.000203311220983568
"13179","XM_053648862.1","unc119b",-1.90997855479989,5.30668880956967,44.2262620701486,6.36381947691591e-05,0.000452227873978555
"13196","XM_053648947.1","irx4a",-3.72045744350182,3.11598023180234,84.6351660628884,4.19936687398468e-06,7.57852296054226e-05
"13200","XM_053648952.1","cnksr2b",-2.81905878367152,3.31983179882189,72.618031816457,7.99086278526464e-06,0.000113769645354322
"13205","XM_053648967.1","LOC128622446",-2.78823543749702,1.85903656224828,42.2879145390429,7.52006528234394e-05,0.000506034380442534
"13211","XM_053648979.1","htr1ab",-3.7773250502741,1.60423355599267,39.4781970181684,5.96572962904285e-05,0.000431323051518292
"13229","XM_053649045.1","cacna1bb",-2.25017000050478,5.66072133943382,89.161721497974,3.17553442710142e-06,6.4096697388925e-05
"13233","XM_053649056.1","gpr185a",-2.86159396589955,2.24037851666696,42.5581719989106,7.62844726608862e-05,0.00051049733089476
"13243","XM_053649092.1","serpinf1",-2.01786002752692,3.9490400221207,18.1258221148038,0.00175957891648751,0.00531220878405443
"13244","XM_053649097.1","exd1",-2.17892309686872,4.00994314149306,75.872490493625,6.48644192052275e-06,0.000100530089428543
"13251","XM_053649114.1","slc13a5a",-2.37746554027017,3.5184202973862,40.6800384250616,8.96665202757996e-05,0.000572366573432431
"13264","XM_053649138.1","dmgdh",-3.10524231312171,5.15068145888546,102.203059220114,1.72748886399427e-06,4.38316453453594e-05
"13269","XM_053649164.1","mmp11b",-3.39511606010251,3.59737678914577,91.8837147648348,2.86776143536848e-06,6.06048591589359e-05
"13278","XM_053649187.1","kcnt1a",-2.80907501531537,3.16357706832115,47.1924850480005,4.97135114832046e-05,0.000384501826990022
"13281","XM_053649197.1","LOC128622575",-2.6598961336343,4.96749345838115,92.1321024639953,2.74734633024554e-06,5.89060164159137e-05
"13285","XM_053649206.1","LOC128622583",-2.08003364770264,5.58752847698837,39.0283442584784,0.000105358199841646,0.000643599448693042
"13294","XM_053649234.1","pcsk1",-2.95569728353619,1.90093292506348,32.6666366034744,0.000205779738428085,0.00103709913003544
"13301","XM_053649252.1","alg13",-1.79218660563486,7.32193567260119,102.454209986486,1.70521099281232e-06,4.35068260073584e-05
"13310","XM_053649273.1","LOC128622624",-2.92460694826499,4.01052967728028,70.3763883836762,9.03690647042625e-06,0.000122932304154
"13313","XM_053649284.1","phyhd1",-2.87492572424011,3.90962427097724,51.0475007511086,3.54315677568287e-05,0.000309609102013308
"13319","XM_053649311.1","LOC128622640",-3.39523924226898,1.08484302544171,34.210901545106,9.31687808853485e-05,0.000588916917208911
"13335","XM_053649357.1","LOC128622663",-2.49096487789298,3.09339647862428,29.4932354985962,0.000315577149264722,0.00141943953662054
"13336","XM_053649359.1","col27a1a",-3.48130665373531,5.34844618473672,95.4629581605293,2.34633948288818e-06,5.39771949905796e-05
"13342","XM_053649373.1","dacha",-1.87585422874978,3.77856197301332,45.8189240171474,5.51653332658017e-05,0.000411149362295947
"13351","XM_053649395.1","LOC128622665",-1.59273689046306,3.25232887457022,23.6013270100191,0.000709758878813469,0.00261900540921642
"13352","XM_053649397.1","LOC128622696",-1.85048856995934,3.87432010078847,39.6944484152924,9.86026988615264e-05,0.000612492705206362
"13358","XM_053649406.1","ovol1b",-1.99927387506309,2.68713076617906,28.4512297661473,0.000361281297100524,0.00156794145776495
"13366","XM_053649440.1","ank1b",-2.19654586869778,2.79042884238139,14.6488122467954,0.00349520798197166,0.00929681676177412
"13372","XM_053649449.1","LOC128622740",-2.02986125055285,2.86640144330942,27.3241113071346,0.000418786678136821,0.00174804676871188
"13380","XM_053649474.1","hpse",-1.70771775317669,2.02127997822443,17.9827671595105,0.00182914759649175,0.00547627913667625
"13388","XM_053649501.1","capn5b",-1.83418942755837,3.41738715973978,33.1211406550849,0.00020119295076742,0.00102090611917032
"13407","XM_053649537.1","klf5l",-4.15227260974525,3.20528327931047,57.7135442547873,2.13118435859926e-05,0.000218075931713052
"13424","XM_053649573.1","adra1ba",-2.57727884026149,1.77644913952196,31.730176759994,0.000236749075783794,0.00114779695680984
"13432","XM_053649586.1","LOC128622829",-1.91581729360419,3.83737064432303,37.7946317249547,0.00011988936979138,0.000705195996700305
"13434","XM_053649591.1","rxfp3",-3.37719295515681,2.59301377336947,35.2137230174709,0.000160753451972093,0.000868586142430096
"13435","XM_053649592.1","msx2b",-2.68580788806974,3.22785815873061,28.1126589733273,0.000377729488344142,0.00161678608072844
"13436","XM_053649593.1","esm1",-2.33597101255916,3.06556604988835,32.3901642128181,0.000220663127049355,0.00109238370051222
"13441","XM_053649608.1","LOC128622843",-1.80680491845892,3.04990008282933,25.5782789757867,0.000531845407166462,0.00208766087565729
"13447","XM_053649623.1","otop1",-3.76287895492348,1.953595562519,42.5874198203692,5.55699128995024e-05,0.000413156726058082
"13455","XM_053649646.1","drd5a",-1.92111076094781,1.29231105424752,15.9505472402913,0.00266512678976503,0.00742563608984681
"13475","XM_053649714.1","hs3st1",-2.15752339260477,5.23004008449881,38.6378830212789,0.000109678434364173,0.000662243377652829
"13481","XM_053649729.1","LOC128622956",-3.31399008418415,2.75948950804341,44.7632671349772,6.25873105115981e-05,0.000447115349762467
"13482","XM_053649730.1","LOC128622957",-2.75659925999053,2.22115525395735,42.1566962021268,7.95656543005517e-05,0.00052700851547354
"13483","XM_053649732.1","LOC128622958",-2.80634915193761,1.86804800318148,35.6930858465274,0.000148030646711528,0.000820095862069207
"13490","XM_053649753.1","LOC128622969",-1.88510464253127,3.85810300504466,32.8621217390647,0.000207156975926224,0.00104241750895048
"13498","XM_053649788.1","ntf3",-2.31844081945877,2.89889560717506,39.4145303185112,0.000102661801285835,0.000631823758743677
"13499","XM_053649791.1","ano2b",-2.68213199580805,4.28710889357285,48.8695087233687,4.23192218570395e-05,0.000345991698697856
"13512","XM_053649857.1","lum",-2.28592431905439,6.21597862241546,15.3079097077696,0.00303073764336826,0.00825689560609882
"13530","XM_053649920.1","ankrd50",-4.70573128723438,0.469945987521124,30.3282340902444,0.00020467273871742,0.00103371067559713
"13544","XM_053649945.1","iqsec3a",-2.04809866223655,1.87437245606532,19.5242283416176,0.00139617944547755,0.00442643025134951
"13558","XM_053649976.1","LOC128623090",-2.22395602844527,1.94388795668164,25.8093673013045,0.000524811499986033,0.00206606239342751
"13562","XM_053649982.1","ptprr",-1.68696242461026,3.97353716420922,32.3717130555662,0.000219422954127648,0.00108824104822867
"13564","XM_053649984.1","fgf2",-1.99584548185164,6.66132040004153,99.4800676698606,1.94668026475341e-06,4.78192111165829e-05
"13565","XM_053649988.1","tmtc1",-2.42502975554401,4.64940495154188,82.043719334098,4.59548474031747e-06,8.05934304928819e-05
"13580","XM_053650016.1","nell2b",-2.52447450581455,2.59914972777185,43.7062061458124,6.87039678237685e-05,0.00047569710484652
"13594","XM_053650039.1","LOC128623153",-2.98612409168284,1.32828675231202,15.9243308907446,0.00236961629902615,0.00673561872671384
"13596","XM_053650052.1","LOC128623166",-3.22298332371542,1.16642675669029,25.5008108193327,0.000372774819331941,0.00160228748989547
"13598","XM_053650060.1","glipr1a",-2.62670981642045,1.98163679552573,21.9396359139247,0.000928057437078695,0.00321975863511143
"13599","XM_053650061.1","bcat1",-2.18513487771527,4.59121798050646,56.0773559149618,2.37741843156133e-05,0.000235986484471846
"13626","XM_053650184.1","pah",-3.31886647221045,2.88698596672876,34.811100881809,0.000170308970711774,0.00090362557124949
"13627","XM_053650185.1","th2",-2.66854973572732,1.22039163959172,18.3308624200942,0.00153238596621412,0.00475945203781163
"13637","XM_053650218.1","pcloa",-3.01959564287198,5.38660959932913,67.4547748774241,1.07980660719247e-05,0.00013742067104742
"13647","XM_053650231.1","shisal1a",-3.10753238374588,2.64297834486586,33.9973050557614,0.000186550086578942,0.000966978162516783
"13648","XM_053650232.1","shisal1a",-2.53245400756357,4.14107144443131,85.140122307773,3.90929610643647e-06,7.20770903997649e-05
"13650","XM_053650243.1","celf2",-2.03301618575047,2.39044007780193,26.8471655960881,0.000450928904312675,0.00184753688894089
"13652","XM_053650248.1","hopx",-2.81682327850566,1.87990430934038,30.8566501995783,0.00026026542090502,0.00122962135672406
"13665","XM_053650293.1","LOC128623317",-3.93065982890287,0.516830907088452,33.2542618171632,6.17306422678722e-05,0.000442282578991862
"13668","XM_053650302.1","cdkn1ba",-1.66860710088118,7.54491386755225,97.2498876087964,2.15466888351845e-06,5.12184726672491e-05
"13685","XM_053650354.1","LOC128623348",-2.68218570226401,3.41662769632407,36.8160603893,0.000133923439110069,0.000765519997285947
"13701","XM_053650408.1","ppfibp1a",-1.69041628342426,5.90639137763924,50.4656231490224,3.69498781723849e-05,0.000318500866802219
"13704","XM_053650411.1","ucn3l",-1.7619275138951,1.92077265943793,15.3977896794331,0.00301518074586649,0.00822372288311546
"13705","XM_053650412.1","ccdc3a",-2.2778187676972,1.16634904432711,18.282795259527,0.00163031191758229,0.00500028217541155
"13709","XM_053650423.1","LOC128623386",-2.38076224343609,1.85197571903387,23.4255294763988,0.000739229013661162,0.00269640362170953
"13718","XM_053650460.1","LOC128623409",-1.98754353904059,4.18488729065859,31.5209325365232,0.000243013876675995,0.00117150346504795
"13730","XM_053650494.1","phlda1",-2.51772958877693,3.227251688727,55.7536928434869,2.46489918803088e-05,0.000240062523964732
"13747","XM_053650551.1","znf800b",-2.41219261221901,0.741634561375593,19.717943164841,0.00107995339529749,0.00361060207743073
"13748","XM_053650553.1","znf800b",-2.88794461243097,4.0778376224402,65.2206204398246,1.25392311136288e-05,0.000151934935080407
"13753","XM_053650559.1","st8sia1",-1.72454193191384,4.18057574161902,49.0241749630149,4.17128068259909e-05,0.000342068685619836
"13760","XM_053650570.1","LOC128623486",-2.2733600762664,1.91190392449199,27.4731972495459,0.000417047374392648,0.00174313526895641
"13765","XM_053650586.1","cntn1b",-1.90828246394927,3.48288782372001,50.6544969041169,3.64975921731556e-05,0.000315659339319649
"13773","XM_053650610.1","elapor2b",-2.86579288844923,6.22224895542973,42.850773553984,7.23563172185981e-05,0.000494424567527004
"13778","XM_053650618.1","tnni1d",-4.09027202673718,0.640071295910895,22.7989749085218,0.000348368012262055,0.00152589218577058
"13788","XM_053650652.1","mansc1",-1.68653070674042,5.55995789977205,26.6613335346924,0.000455278691392117,0.00186018461793427
"13799","XM_053650668.1","si:dkeyp-27e10.3",-2.52439777305828,4.88921162077348,51.2582400324646,3.46580760181772e-05,0.000305119493089835
"13800","XM_053650669.1","smo",-2.4569135038361,5.25991285308159,95.1277454229721,2.38013798407289e-06,5.4420443059565e-05
"13817","XM_053650714.1","helb",-1.87527953842518,4.11668652065395,50.3907407021821,3.72248966814395e-05,0.000319610704001941
"13818","XM_053650715.1","irak3",-1.93977759991238,3.78408993577507,43.0925704594863,7.08494301859655e-05,0.000487052910545093
"13820","XM_053650720.1","LOC128623602",-2.11966330007179,2.52307219174124,27.5530704606626,0.000409091657503934,0.00172009759783732
"13826","XM_053650750.1","kitlgb",-3.2532432566603,3.50495808147072,54.032187622045,2.84002037287594e-05,0.000264068063159768
"13830","XM_053650764.1","kcna1b",-3.84028900051689,2.30395242480172,48.546879797213,3.70411312321651e-05,0.000318778220301058
"13831","XM_053650765.1","rergla",-2.42712326267497,1.74244862184225,20.4997869963455,0.00116821393885886,0.003833579412578
"13834","XM_053650772.1","syt10",-2.25892977043724,3.90439913568609,34.0384505864049,0.000180886897800288,0.000945800097413136
"13835","XM_053650779.1","ppfia2",-1.58868425590704,5.59202173703932,33.4111208569578,0.000194052122036196,0.000994716830754254
"13844","XM_053650807.1","plekha5",-1.84223850205922,4.77397150915246,74.0658392507146,7.19276274672856e-06,0.000106703258343658
"13846","XM_053650812.1","plekha5",-1.76119599795,4.91943604586695,59.6285058428604,1.83153416513e-05,0.000198055277656142
"13847","XM_053650813.1","plekha5",-2.59792408493509,3.70427944729543,51.0317960270511,3.54696858687124e-05,0.000309699716743644
"13854","XM_053650827.1","foxp2",-1.83253372958301,6.04516754211143,81.1442337850778,4.81735377491802e-06,8.2590143683824e-05
"13857","XM_053650832.1","avpr1ab",-5.42481782863104,2.20053824087826,55.2429108921213,4.88779652788064e-06,8.32880528350861e-05
"13862","XM_053650839.1","si:dkey-159a18.1",-1.77405150846809,2.57271054626704,19.1568518716114,0.0014709201826949,0.00461786942293862
"13866","XM_053650850.1","pde3a",-1.63593775853683,5.70769940029269,26.7566350726368,0.000449321241280198,0.00184235366105467
"13873","XM_053650862.1","ptprz1b",-2.15846933642992,4.62016757209213,61.7239709162946,1.58156526872596e-05,0.000179539821669957
"13876","XM_053650865.1","sobpb",-3.58384480915312,3.72516876860565,112.374223965016,1.16727176860205e-06,3.41079339172023e-05
"13877","XM_053650866.1","LOC128623714",-2.34001796903465,3.88233831438981,42.3915556804978,7.57687738934189e-05,0.000508096483755868
"13897","XM_053650917.1","LOC128623812",-1.61136842091129,4.5709105084377,31.0804214512219,0.000256289526384706,0.00121988087418865
"13900","XM_053650921.1","celf5b",-3.3973315525707,1.80130452537485,28.9589085036733,0.000287694167617324,0.00132494827464843
"13908","XM_053650938.1","LOC128623828",-1.81062875997179,2.80583473590925,16.4618950373996,0.00241573570443285,0.00684627618756284
"13909","XM_053650939.1","LOC128623828",-2.62685891921851,3.31161417258418,42.1458022097028,7.81883379041997e-05,0.000520655209376053
"13910","XM_053650950.1","LOC128623834",-2.63443988898049,2.25128454417817,23.2200271054075,0.000766460014412747,0.00277385529025566
"13916","XM_053650962.1","pde1cb",-2.03748920956715,2.07642170555206,26.4402859048167,0.000480038885192318,0.00193113058486413
"13917","XM_053650963.1","pde1cb",-1.64363414897767,7.41051785985674,69.4792989655193,9.4911271109629e-06,0.000126466025514131
"13936","XM_053651009.1","LOC128623870",-1.88384874534348,3.595937696775,33.0601193799027,0.000202533144401165,0.00102645907008683
"13944","XM_053651023.1","rorcb",-3.00190867689028,1.92845004902463,30.7238948188364,0.00026031087160201,0.00122962135672406
"13957","XM_053651059.1","dscamb",-2.09358370927971,5.45238754733569,55.1655969785312,2.54559615549848e-05,0.0002463126752254
"13966","XM_053651082.1","tmem71",-1.871860820845,3.49299412462249,47.8696331460763,4.61233220702524e-05,0.000364683427048884
"13977","XM_053651120.1","fbxl7",-2.33042180065182,5.02131389370848,74.4404537656891,7.03666018555633e-06,0.000105207822593355
"13986","XM_053651152.1","cntnap2b",-1.67888731464733,5.32858032683912,49.1200225243992,4.13432364373082e-05,0.000339889074738007
"14010","XM_053651220.1","myo10",-1.71000480858123,5.2000354418767,63.2779333318543,1.42082461067268e-05,0.000166503861759916
"14013","XM_053651238.1","LOC128623991",-1.73103982604648,8.07973005852576,44.4179284812181,6.25066288025653e-05,0.000446933439512335
"14031","XM_053651266.1","adcy8",-4.37511630628745,1.62667662100479,41.6009805679737,2.93824324674961e-05,0.000270867207735665
"14038","XM_053651277.1","ptprfb",-2.81583825470675,1.19113137528475,22.2122265735711,0.000742175684400758,0.00270478275102011
"14056","XM_053651318.1","ncana",-3.62730255183513,5.9213115646797,166.704995488114,1.84365121475431e-07,1.15182993736291e-05
"14057","XM_053651319.1","LOC128624040",-1.93687611320755,3.13463799500734,19.5032169537858,0.00137969484740065,0.00439223209237399
"14064","XM_053651330.1","nyap2b",-2.51170664766959,2.45173241912236,28.8649585032049,0.000346995280820313,0.00152226547585887
"14067","XM_053651335.1","LOC128624056",-4.57111751349045,1.01618415677734,30.1378270259241,9.82656544207701e-05,0.00061143345853839
"14070","XM_053651338.1","col11a1b",-2.41787654501123,1.38200895356668,21.1147074535372,0.00101315938645954,0.00344849120016968
"14071","XM_053651340.1","gpr55a",-2.36349028780549,1.60890456594534,24.8782863175103,0.00058631275031671,0.00225070685371755
"14072","XM_053651341.1","si:rp71-39b20.4",-4.08448249853936,2.2269199659714,42.9888872260991,5.3356561642377e-05,0.000401342494873339
"14073","XM_053651354.1","scinlb",-2.03169023666131,6.15136672341839,66.5589904558281,1.14297706446066e-05,0.000143690059282246
"14081","XM_053651377.1","zufsp",-2.31114759987025,1.48856144350559,16.8908536032967,0.00220162134551294,0.00636312200342144
"14094","XM_053651420.1","cadm3",-1.98656964300339,1.88103277290279,15.7980776551837,0.00278574069396903,0.00771391897946811
"14095","XM_053651421.1","cadm3",-2.27688815176116,1.85037126601995,28.6869752353921,0.000354615436602726,0.00154481019583556
"14107","XM_053651460.1","si:dkeyp-97b10.3",-2.40581981924666,5.58728470037278,86.858068884134,3.56700875633e-06,6.81732440938253e-05
"14115","XM_053651483.1","grk7a",-3.98701014608407,1.29831931254008,23.5182120966674,0.000381269864688963,0.00163021568134837
"14116","XM_053651484.1","xkr4",-3.1269519416591,2.72713625049717,27.3417255344566,0.000424877523582713,0.00176855678882925
"14125","XM_053651516.1","sptssb",-2.84417478142095,0.876916489630564,14.3555390336025,0.00300694122485156,0.00820710918022207
"14135","XM_053651561.1","LOC128624160",-2.2202114846583,1.73893394020315,27.5437817091859,0.000411251072184888,0.00172567854547881
"14140","XM_053651575.1","gpr83",-2.62111007385726,2.04687576918809,28.6294423744944,0.000356127294908627,0.00155008276404919
"14160","XM_053651661.1","adhfe1",-2.88152646306996,2.52630118202354,48.0305857566682,4.70640232665758e-05,0.000370020596716527
"14161","XM_053651662.1","trim55a",-1.88523602224102,1.80307432897591,24.3087876903204,0.00065182559339888,0.0024504767083003
"14168","XM_053651679.1","igfbp7",-2.41198305621394,5.53084988972615,23.1388302023719,0.000760293450588407,0.00275646816979286
"14170","XM_053651681.1","zgc:165603",-2.65825594737485,2.21946535250055,36.1038115490456,0.000147555023074136,0.00081802079230278
"14176","XM_053651696.1","ngef",-4.02597783618515,2.90956031507824,96.1999975922206,2.20314973575148e-06,5.17628271732147e-05
"14179","XM_053651701.1","zbtb47a",-2.59369712900221,6.36974604698019,76.8063688542988,6.13264994905125e-06,9.67595880850308e-05
"14180","XM_053651704.1","klhl40a",-2.54873492488494,2.43193488962363,25.1129472758689,0.000578978340510713,0.00222783488856369
"14185","XM_053651713.1","cryz",-2.13880639232055,4.08104751096299,26.9894934217107,0.000435644355607409,0.00179817465423268
"14187","XM_053651716.1","gprc6a",-3.11419533416467,2.02886371693385,32.9460176833539,0.000199057715650033,0.00101372531684383
"14205","XM_053651777.1","map6d1",-1.92933009453439,2.09700374687427,20.8394785977713,0.00111531685778046,0.00370050200732734
"14206","XM_053651780.1","gsg1l",-2.96622465659021,2.39361316907581,38.9642307859124,0.000108972863699764,0.000659212525251041
"14209","XM_053651785.1","pnisr",-2.42189064953244,1.56885892826745,23.7722404380178,0.000684021676493541,0.00254145573217836
"14218","XM_053651817.1","septin12",-2.79469314262269,3.33364495551166,59.2859901240468,1.90741276510055e-05,0.000203311220983568
"14219","XM_053651818.1","LOC128624287",-2.68573959962267,4.56159116331947,45.392441524772,5.72973225485183e-05,0.000420838955270152
"14221","XM_053651823.1","septin12",-2.82586352631804,1.69014735963608,35.4306086008252,0.00014633110998188,0.000814023370579614
"14239","XM_053651900.1","mkxb",-1.85578623961842,2.73400031275611,18.9627505472925,0.00152041948054348,0.00473446653046811
"14253","XM_053651921.1","fgf12a",-2.92799370119716,3.47471225075761,92.0544983650172,2.81028541979825e-06,5.99379451590172e-05
"14269","XM_053651971.1","LOC128624370",-1.740145025315,1.75522094318104,17.0165155513673,0.00219779948922169,0.00635661571047359
"14271","XM_053651992.1","LOC128624378",-1.71308995733886,4.76181137987895,47.9268686426445,4.57792699795641e-05,0.000362916171610765
"14272","XM_053651995.1","amy2a",-2.34951759660802,2.36541172256711,24.8131937311302,0.000603804718907237,0.00230473727650798
"14277","XM_053652000.1","LOC128624384",-1.60926908551417,3.20775604468178,29.3693883595084,0.000318290587929486,0.00142926159151249
"14285","XM_053652030.1","meis3",-1.58700369540868,2.14145723707392,14.3282025236894,0.00374985983869556,0.00985914098892379
"14287","XM_053652032.1","angptl4",-1.74862595325495,6.1031927922654,21.2712140390517,0.00102166031586235,0.00346721953735424
"14296","XM_053652052.1","crispld1b",-3.09188023054773,7.45807574126269,120.82480246157,8.08563175659852e-07,2.68768391942129e-05
"14336","XM_053652155.1","htr5aa",-4.38508748416665,2.64738217293999,91.9639648468526,1.97496885552964e-06,4.82942535246433e-05
"14338","XM_053652157.1","loxl5b",-2.36601319927986,1.76708677214788,26.3549637565687,0.000481502668855437,0.00193557616176603
"14344","XM_053652170.1","LOC128624486",-3.09795145956793,2.8212673116542,72.9298645480389,8.06354729670011e-06,0.000114502371613142
"14353","XM_053652195.1","ptger4c",-2.88147094603393,2.25875139023784,39.1137433623669,0.000106940309896827,0.000651052928397832
"14354","XM_053652198.1","neurod6b",-1.72835836759747,1.8433818254958,14.2854097513482,0.00380206545436569,0.00997695502922219
"14365","XM_053652232.1","LOC128624516",-2.81782551545804,4.69307579454385,84.6327739412843,4.00911752619443e-06,7.34158308982301e-05
"14371","XM_053652241.1","LOC128624525",-2.27761999494579,2.49648964966801,21.9849018942358,0.000924234658126904,0.00321131372521106
"14381","XM_053652295.1","LOC128624547",-3.56589520261624,1.22159238805682,17.9644582765347,0.00126580638128463,0.00408917854724318
"14383","XM_053652297.1","kcnb2a",-2.01897891738411,3.31848988810361,30.0888483595986,0.000290763832148326,0.00133528650065733
"14384","XM_053652298.1","si:ch211-207d6.2",-2.36616264168052,8.63483367486839,152.999412401376,2.73783741543059e-07,1.42013752389202e-05
"14385","XM_053652299.1","cdh12a",-3.71592161892751,3.84955868289303,27.8481844500009,0.00039336673415652,0.00166959116217246
"14387","XM_053652301.1","LOC128624552",-2.61317719758199,1.41803781206007,24.3226115890271,0.000598036809151377,0.00228611758377725
"14393","XM_053652318.1","kcnq3",-2.68435737209592,2.53141995083757,46.8150196974268,5.2212641535401e-05,0.000395516256984123
"14399","XM_053652325.1","LOC128624630",-2.3860694366571,4.59851926690381,62.9836809958579,1.45102981740172e-05,0.00016886607249532
"14400","XM_053652326.1","crybg2",-2.59659123336653,2.95929917060254,32.1873667993532,0.000227520165487677,0.00111440134309062
"14407","XM_053652340.1","ccdc120b",-2.21634494273232,2.21544891168955,31.7666280660469,0.000241849784403872,0.00116810609134711
"14413","XM_053652352.1","epha8",-5.62051100835648,5.55381400832003,185.355129862578,1.18582382903423e-07,9.18474456670145e-06
"14417","XM_053652360.1","lrrn2",-1.88216957459966,2.58954994974214,18.5719500174434,0.00163289253718465,0.00500724841673521
"14423","XM_053652372.1","si:dkey-202e22.2",-1.89291512785513,3.07137055021629,32.8545259119032,0.000208042602087556,0.00104557393436615
"14425","XM_053652375.1","bsnb",-2.9143123581837,6.79161512433921,67.7076882210843,1.06158627775694e-05,0.000135742169544466
"14430","XM_053652381.1","gpr37l1a",-2.73844363511128,4.90694552467235,158.148211657691,2.35477839387367e-07,1.30974198458553e-05
"14431","XM_053652382.1","lamb3",-1.94208720035426,2.1082103871473,19.7023893572765,0.00135038660108393,0.00431532208666953
"14435","XM_053652386.1","fam83e",-1.588560930481,2.91645004403007,19.1870173312591,0.00145772249468986,0.00458384534057123
"14460","XM_053652476.1","LOC128624760",-3.45938829408965,1.12966294361208,29.3719262811124,0.0001801145056848,0.000943468083480508
"14501","XM_053652600.1","pik3c2b",-1.83678236718207,2.23837983319973,22.5763418227706,0.000841046452108111,0.00297607130251266
"14505","XM_053652608.1","mdfi",-1.64298630445279,5.28987960789608,52.57104212737,3.11620355733962e-05,0.00028292262022554
"14506","XM_053652610.1","camk1b",-1.61454470281269,5.79882970872925,27.0436033132725,0.000431974316265066,0.00178804053875297
"14507","XM_053652614.1","ncoa3",-1.7076895214058,7.11839207077502,49.683041400601,3.94244512366456e-05,0.000331500605299811
"14512","XM_053652633.1","prickle2b",-2.29939888799978,5.1991201158328,70.7436220258665,8.7825213744706e-06,0.000120280419636151
"14521","XM_053652670.1","nfasca",-2.80086853016138,4.50533107245631,74.5357139455951,7.01073390250744e-06,0.00010508311149425
"14522","XM_053652675.1","LOC128624862",-1.90019874349833,3.77495584208161,37.2998405435359,0.000126324294636945,0.000732689961154732
"14530","XM_053652701.1","LOC128624873",-1.84103419143855,2.88028186805982,34.7754954989175,0.000167177108998878,0.000893156118968264
"14553","XM_053652753.1","LOC128624905",-6.70305985326798,4.29276800929385,146.820210811304,1.05012881793534e-07,8.91435783832918e-06
"14558","XM_053652773.1","irf6",-1.74078463880285,5.06439074405462,72.1042032421496,8.08309607330577e-06,0.000114542550254735
"14569","XM_053652811.1","chd5",-1.64849319455,5.82091431549,45.8360915258081,5.49773805631584e-05,0.000410278342972468
"14576","XM_053652832.1","cacna1aa",-2.92005140086265,4.29195928434351,58.5640688197895,1.98351901218467e-05,0.00020823090641534
"14583","XM_053652843.1","igsf21a",-2.90904390763251,1.64643810210781,35.7658635724766,0.00013652415536249,0.000774913403579241
"14598","XM_053652905.1","si:dkey-33m11.8",-2.4429818679381,1.97592330545987,29.8678118223297,0.000304845535883632,0.00138463511079805
"14613","XM_053652957.1","LOC128624990",-1.83764401571606,5.2683601265298,63.864977848997,1.36563949317663e-05,0.00016136475996747
"14615","XM_053652962.1","LOC128624993",-2.18030476719235,2.57949766311428,37.0315518695634,0.000132165646340647,0.000758149356117079
"14618","XM_053652979.1","glis2b",-3.46509427546617,1.13503025879245,33.5274180151115,0.000101910167599852,0.000628826108836744
"14623","XM_053652996.1","cntn2",-1.94246544601103,4.05858365953784,36.974212118753,0.00013071176272656,0.000751406333702557
"14682","XM_053653156.1","LOC128625099",-2.89473327151144,2.89892146309845,40.9342048797945,8.9432396106792e-05,0.000571548214834879
"14689","XM_053653184.1","wnt4",-1.870814188807,3.0902684967171,16.2678207733738,0.00250590539872487,0.00705734109160719
"14692","XM_053653191.1","rargb",-3.59202288048457,0.986458813292538,37.5789075062718,4.77511017295589e-05,0.000373427456424203
"14713","XM_053653259.1","podxl2",-1.97051705309784,5.20501464337266,65.9570005851837,1.18894479341448e-05,0.000146808835360744
"14740","XM_053653331.1","LOC128625191",-1.72110294944654,8.03287337540845,21.5435932073296,0.000977365701824822,0.00335629952930425
"14742","XM_053653336.1","wnt7aa",-2.63709973308498,1.31153020643655,23.0266403313973,0.00070842603100539,0.00261468321703494
"14759","XM_053653405.1","slc45a1",-1.99736416698036,4.16027902788806,73.7304895406465,7.34467036082092e-06,0.000107988668302424
"14776","XM_053653447.1","ccdc3b",-3.38971447652586,3.55112639041051,77.0520492568837,6.23749760921614e-06,9.79962561067432e-05
"14778","XM_053653449.1","lactbl1b",-2.46749089411393,1.06576400251855,19.7097827989353,0.00119350002131333,0.00389838142554888
"14789","XM_053653460.1","cacna2d2b",-1.62863485220327,4.56547640339984,51.1209877604456,3.50348238218939e-05,0.000307062115879166
"14797","XM_053653473.1","draxina",-2.22222020193581,2.45083056317473,29.3089358649121,0.000326181829850312,0.00145101166848498
"14805","XM_053653483.1","LOC128625284",-2.81145872234484,1.5690748184044,26.9697984715029,0.000407757247775241,0.00171648852438837
"14827","XM_053653515.1","LOC128625311",-1.83587166778563,3.29060022841599,26.6561438562869,0.000456729343576012,0.00186328997323803
"14829","XM_053653519.1","inka1a",-1.88730671281109,4.54977650679481,25.2839085410927,0.000552998225937114,0.00215242492942294
"14832","XM_053653533.1","erc2",-3.39008567024352,2.53477350404724,40.3476717599955,9.32195016982479e-05,0.000589007530636705
"14843","XM_053653573.1","camk2n1",-3.28099884041417,2.51662545151036,51.7937451117137,3.38946606626718e-05,0.000300833892735333
"14855","XM_053653616.1","ppp1r3db",-2.13848680523251,1.87594264106567,15.7671802271444,0.00280209937510448,0.00775126190775655
"14864","XM_053653642.1","iqsec1b",-1.99600784026671,3.1847588662248,26.5090629613678,0.000466674226166662,0.0018903295533798
"14889","XM_053653694.1","pik3ip1",-1.6489282058138,6.08470282599473,47.3908071432499,4.79320753415348e-05,0.000374359546508155
"14892","XM_053653702.1","kank1a",-3.4971333985761,1.56687359699271,49.9794002058319,2.45928624123473e-05,0.000239680467628584
"14894","XM_053653705.1","kank1a",-4.43892065370776,4.70804579980884,138.408943691018,4.48071783053858e-07,1.85908339847639e-05
"14895","XM_053653706.1","kank1a",-4.3181493626259,2.43041497455269,47.5785750081523,3.44173404204786e-05,0.000304120036422876
"14912","XM_053653765.1","kremen1",-3.41129007166376,4.87941285592393,112.196446206203,1.13651252207379e-06,3.36341219512441e-05
"14925","XM_053653825.1","klhl14",-1.70370230406945,2.76265991914059,21.9098938194519,0.000925827544824044,0.00321443342830355
"14937","XM_053653880.1","rtn4r",-3.05690136732721,1.03357045316436,29.3147910437642,0.000212087681254563,0.00106030740708736
"14943","XM_053653904.1","wsb2",-1.78030985099726,3.7961210005756,45.542672186785,5.65368218076257e-05,0.000416576272836525
"14955","XM_053653934.1","adgrv1",-3.34398144877521,4.70780178208743,197.697427689214,8.37172512349074e-08,8.52336391818039e-06
"14988","XM_053654053.1","ksr2",-1.63414199466575,4.94230076700434,60.251910996972,1.75206900530037e-05,0.000192027711968872
"14991","XM_053654056.1","prkg2",-2.27994460205352,4.07941746929833,87.7135790221308,3.42394981397158e-06,6.66490641913746e-05
"14995","XM_053654062.1","rasgef1ba",-1.81810873797379,4.97317895394906,20.0560763793822,0.001251228458772,0.00405340930370244
"15018","XM_053654143.1","arrdc3a",-1.87495491307525,9.39579675948506,38.7069501684601,0.000108861136196245,0.000659076739406238
"15019","XM_053654144.1","nos1",-2.45520569571438,4.98638861646666,105.832294990786,1.47529968292799e-06,3.9651739724507e-05
"15026","XM_053654189.1","LOC128625656",-2.21449037397433,5.6543847538527,109.47220477007,1.26546698978933e-06,3.56888146876475e-05
"15038","XM_053654244.1","zmat4a",-2.39737600118523,3.20846921269595,48.5175571332535,4.3937369735478e-05,0.000353714754562815
"15043","XM_053654257.1","LOC128625680",-2.97926036592203,1.45373344034257,21.9958775286898,0.000805711472465059,0.00288048968998771
"15045","XM_053654271.1","nptx1l",-2.45347473203019,1.58447478555181,18.0746138674669,0.00176131831371956,0.005315477416572
"15051","XM_053654286.1","klf9",-1.85737064881745,7.3666031520234,25.2192842971855,0.000557891024156449,0.00216522174515574
"15052","XM_053654287.1","fam219ab",-2.78644852843329,3.4609728977981,32.6024448114689,0.000215116249041383,0.00107180727592549
"15062","XM_053654317.1","cspg4ba",-1.9033569740522,5.96824386912106,58.6462098230969,1.96484593244486e-05,0.000207211244002719
"15065","XM_053654328.1","cdr2l",-2.87567893886162,1.37293690863367,16.8916514126272,0.00201604308859255,0.00592837520765418
"15073","XR_008384352.1","LOC128599053",-1.69124499800975,2.45480339602436,22.8339785070094,0.000803498951214413,0.00287448420381412
"15095","XR_008384431.1","LOC128599554",-5.03366718319237,0.718000624128956,30.1538189470914,0.000208938700316186,0.00104942590155707
"15107","XR_008384481.1","LOC128599891",-3.24742554738787,2.49005769049789,54.8403749903411,2.66993767045095e-05,0.000254690341834178
"15109","XR_008384490.1","LOC128599950",-1.77290293926631,3.09610426003937,30.0418181297804,0.000292561729150693,0.00134202019594543
"15115","XR_008384507.1","LOC128600051",-2.25131901603021,3.43921828267586,51.0402612475645,3.54401819885508e-05,0.000309609102013308
"15123","XR_008384524.1","LOC128600196",-1.63779296226412,2.28705392223084,16.2693367929962,0.00251844531799177,0.00708772475793651
"15126","XR_008384534.1","LOC128600231",-2.41215071424361,2.13711302222452,27.9568664520241,0.000391506760888722,0.00166351232984585
"15141","XR_008384584.1","LOC128600641",-3.07483945845378,0.596181239637413,21.4830582526673,0.000554519541465038,0.00215730890104207
"15148","XR_008384615.1","LOC128600870",-1.5882519969934,2.94029139467543,19.2650387819309,0.00143776587361533,0.00453518198793549
"15209","XR_008384861.1","LOC128602601",-2.45477556730491,2.49692079008317,32.4169751749653,0.000223342391968565,0.001100700350178
"15211","XR_008384866.1","LOC128602659",-2.2050594638313,1.79377917693688,23.41137988977,0.000742906656553784,0.00270615953111896
"15224","XR_008384907.1","LOC128602871",-1.89942673852394,2.20318484080574,22.2043723438356,0.000892968371520931,0.00312278505037391
"15266","XR_008385035.1","LOC128603604",-2.83850232661612,3.66588060029978,49.3631996680479,4.08413139026889e-05,0.000338141972006003
"15303","XR_008385182.1","LOC128604441",-3.26675528555865,2.65972000361921,21.5643884621765,0.000990614115940442,0.00339427228541976
"15313","XR_008385243.1","LOC128604658",-2.00932000214776,3.42867357125652,23.8229529667253,0.000686712955164979,0.00255024301863057
"15329","XR_008385312.1","LOC128604813",-4.66230349313499,1.08608105541229,41.2124568405557,2.11072928098833e-05,0.000217356778630019
"15331","XR_008385314.1","LOC128604815",-2.83649567969371,1.47501195700083,24.0917785258828,0.000601090249434416,0.00229600022601329
"15336","XR_008385325.1","LOC128604824",-2.08960246399948,3.17511311516638,32.8328363003037,0.000208650790109773,0.00104830508699472
"15340","XR_008385345.1","LOC128604867",-3.19969401393964,0.689147390413496,21.2919671910585,0.000574548499859709,0.00221500145647272
"15349","XR_008385370.1","LOC128604927",-2.41256776164305,1.46673860112402,21.7682561311069,0.000924089253003161,0.00321131372521106
"15352","XR_008385391.1","LOC128604937",-4.95265844619443,1.32529835691591,37.1182570418176,3.57382323645614e-05,0.000311037906192215
"15357","XR_008385443.1","LOC128605016",-2.34460323876725,4.32231266989399,41.8754447616468,7.95171927820583e-05,0.000526903117787949
"15376","XR_008385537.1","LOC128605363",-2.25490303993691,2.60104806811463,33.5961482719094,0.000193380325501591,0.000992530345345517
"15386","XR_008385593.1","LOC128605714",-1.81272100069641,1.6888299339108,14.6154666866523,0.00354906703256314,0.00941532237350574
"15401","XR_008385640.1","LOC128606184",-3.02783592472891,1.73884499765676,14.5586345781917,0.00340971089191542,0.00910080790079585
"15410","XR_008385672.1","LOC128606398",-3.57452827878519,2.0715199899717,54.7365961718446,2.21313067288189e-05,0.000224193738001327
"15420","XR_008385698.1","LOC128606550",-2.24545474733953,4.03012546060212,60.0082035434569,1.78616156163373e-05,0.000194527681562555
"15428","XR_008385740.1","LOC128606768",-4.66303992442984,2.74869370392024,37.5501458003714,9.43587247647754e-05,0.000593325659687081
"15439","XR_008385795.1","LOC128607088",-2.62608020791898,1.30688939347527,26.9901558728654,0.000393803136972737,0.00167100528999074
"15464","XR_008385868.1","LOC128607414",-1.67627285124994,1.71475951715793,18.0486044476754,0.00181402333506999,0.00544005367693832
"15482","XR_008385955.1","LOC128607713",-3.71678236457052,1.74576609957117,35.3465831290168,0.000109956158655698,0.000663425175058151
"15485","XR_008385963.1","LOC128607771",-2.1223634322846,1.44018522918795,17.3896690028444,0.00201693136478217,0.00592991008592333
"15491","XR_008385993.1","ajap1",-3.34230306852384,1.8764592397042,43.1618617980262,6.06838333175471e-05,0.000436794083479081
"15495","XR_008386018.1","LOC128608193",-1.99430650750087,4.94936812396358,58.872433542141,1.93385291009523e-05,0.000205414769741611
"15503","XR_008386045.1","LOC128608299",-3.64352745556968,1.48872307649731,23.7216165419563,0.000493298672816185,0.00197173306556751
"15543","XR_008386210.1","LOC128609320",-2.84930701318582,1.60590049656328,26.0162821352686,0.000466723289657913,0.0018903295533798
"15546","XR_008386229.1","LOC128609466",-2.20240081867908,2.34176389746855,23.700281094844,0.000710488078759545,0.00262109868253407
"15558","XR_008386289.1","LOC128609832",-4.01532809902513,4.91094904509929,17.3228824813807,0.00204562844550422,0.0059973323173001
"15566","XR_008386322.1","LOC128610191",-2.92174334799898,3.3725186189605,33.6671865103518,0.00019075145493217,0.000982884186905416
"15569","XR_008386327.1","LOC128610280",-2.86364939796787,1.49333502710478,17.0653429132497,0.00200584850970359,0.00590335731766609
"15577","XR_008386357.1","LOC128610480",-2.56602654385157,0.674167217994077,20.4174427150981,0.000877471757553551,0.00308186098965175
"15582","XR_008386375.1","LOC128610540",-2.00484440440826,5.24791842609207,67.494476455736,1.0764226298068e-05,0.000137187104806131
"15589","XR_008386396.1","LOC128610776",-1.6889528897858,2.04552075976916,16.9887168985624,0.00220056011411659,0.00636119055844988
"15636","XR_008386647.1","LOC128611933",-1.9565931221759,3.74645560894498,41.2111028746683,8.48688535496406e-05,0.000552174180988535
"15683","XR_008386812.1","LOC128612850",-1.71700536615051,2.88326566536514,23.1656627630461,0.000760049103004573,0.00275619956976658
"15687","XR_008386830.1","LOC128613123",-1.84939768267119,2.66464334412615,14.9867692509942,0.00325314349868594,0.00875563824091689
"15718","XR_008386950.1","LOC128613841",-2.96055872307097,1.30498979723666,21.9479501251773,0.000775896830493143,0.00279816178687136
"15740","XR_008387000.1","LOC128614149",-1.76010628001702,3.48348725167133,21.5795754301761,0.000973151724252734,0.00334537696160613
"15759","XR_008387072.1","LOC128614597",-1.72117829534419,4.42359520187263,46.585553439474,5.14699115368948e-05,0.000393080706462199
"15798","XR_008387196.1","LOC128615367",-3.79019781841591,3.37354273910129,80.4849939406747,5.25281140230128e-06,8.74820071815362e-05
"15814","XR_008387240.1","LOC128615639",-1.65835039275932,1.33244731364245,16.5948739933294,0.00237528763086309,0.00675055410260038
"15864","XR_008387504.1","LOC128617070",-1.97377292039453,0.952207482308994,16.099797122098,0.00248340161918508,0.00700472517410895
"15880","XR_008387570.1","LOC128617445",-1.9126122760898,2.93879553813163,30.4162461885035,0.000279761456166641,0.00129852617940825
"15886","XR_008387608.1","LOC128617821",-4.90247780347862,7.48111335416928,115.666297187009,9.86683839639522e-07,3.07754103970801e-05
"15914","XR_008387780.1","LOC128618727",-4.042612404997,1.02212833581319,31.2075047931451,8.7807755823146e-05,0.000565856668497248
"15916","XR_008387789.1","LOC128618763",-4.47133663847128,0.934226508853628,44.1615569544694,1.48003353786635e-05,0.000171358304806531
"15926","XR_008387863.1","LOC128619021",-2.45786027103504,1.59899638729972,35.7333544988589,0.000147463201940638,0.00081802079230278
"15938","XR_008387904.1","LOC128619232",-3.0635346203,2.33601195030598,49.6715955289431,4.03261898642083e-05,0.000335285239610582
"15950","XR_008387954.1","LOC128619573",-3.08082926878022,0.604462302236735,18.2347492752107,0.00105505061049832,0.00354894896008119
"15978","XR_008388104.1","LOC128620255",-2.59134432656851,3.85653428538108,22.8728889848363,0.000793806687471984,0.00284925557800365
"15984","XR_008388135.1","LOC128620394",-2.62930645022607,0.888513802785851,27.8610442201203,0.000291361359478242,0.00133765107408786
"15986","XR_008388140.1","LOC128620422",-1.89285494872823,3.37252927146558,31.0476546973368,0.000257924157330235,0.0012237034756336
"15987","XR_008388141.1","LOC128620432",-2.82676458255799,5.41395942069258,104.103436587756,1.58862829300639e-06,4.14377619750826e-05
"15993","XR_008388162.1","LOC128620545",-2.06407927443086,3.01117605251526,26.7574348680251,0.00045181329282142,0.00184976064344794
"15999","XR_008388190.1","LOC128620895",-2.66534729520532,1.6697425923668,23.8946309591957,0.000663419932924291,0.00248475023092897
"16000","XR_008388196.1","LOC128620934",-1.94133066901766,1.53432091998379,15.6694822035773,0.00284865120412492,0.00785453341719882
"16015","XR_008388231.1","galnt14",-2.01662001381201,1.83383504708341,15.1346620632253,0.00318589136567551,0.00859840103827194
"16018","XR_008388247.1","fam110b",-2.19481617926152,1.5714328715392,26.4425668478872,0.000473348460363308,0.00191134070250966
"16019","XR_008388250.1","LOC128621227",-2.82408203405743,3.07007944435583,48.986072743653,4.27902640934474e-05,0.000348084821680767
"16029","XR_008388293.1","dhrs13a.3",-1.84169378271852,2.12753995375985,16.1039909916332,0.00261283779561954,0.00730511541200159
"16032","XR_008388308.1","LOC128621686",-2.62953874532734,2.90346202416785,47.1976817361441,4.98754039790828e-05,0.000384651281378462
"16036","XR_008388318.1","gdpd5b",-2.49829648959629,2.72847563512025,14.3203758450258,0.00376013469158207,0.00988455024152818
"16039","XR_008388323.1","pitpnm3",-1.62320454944314,3.10873551900174,21.6448261722196,0.000963723548468684,0.00331930995800235
"16045","XR_008388340.1","LOC128621972",-1.74086911351525,3.00041811247898,14.3920644541548,0.00367685821832226,0.00970296249081148
"16048","XR_008388345.1","LOC128622018",-1.63937653251231,4.26096617372928,37.4510036522113,0.000124192839919957,0.000723177587274914
"16058","XR_008388364.1","LOC128622199",-1.83306185374769,3.72779832673704,22.2098715942076,0.000879601508358748,0.00308622189015112
"16076","XR_008388421.1","LOC128622569",-2.7776824309466,2.31602781823885,33.5033285531924,0.000197207096008317,0.0010086535450814
"16092","XR_008388485.1","cog5",-2.6622417858277,0.91799519500654,25.411988785248,0.00041799210809815,0.00174573174558639
"16096","XR_008388494.1","LOC128623020",-1.6896332264309,4.9796894848397,23.9732448426682,0.00067000942149224,0.00249973596826234
"16150","XR_008388777.1","LOC128624529",-2.74441604512447,3.28281376856684,70.1282744466393,9.2874269661508e-06,0.000124830081036774
