"","gene_id","GeneName","logFC","logCPM","F","PValue","FDR"
"24","unassigned_transcript_226","trnal-caa",4.80053496730637,0.264912599245166,32.2403999037815,0.000161648250581922,0.000871963305704818
"38","unassigned_transcript_748","trnaw-cca",5.00920804773452,2.74787835959669,90.6977235716317,1.79950230653691e-06,4.53743665704353e-05
"41","unassigned_transcript_854","trnag-ucc",4.09184903592167,1.73878104734566,46.9093574745574,3.20114000429207e-05,0.000288859242171553
"43","unassigned_transcript_880","trnav-uac",4.28419239593944,3.87881754680828,132.633004812897,5.56552382804836e-07,2.12998035647624e-05
"44","unassigned_transcript_885","trnal-caa",2.14495148279185,1.04925777276798,19.4141726920187,0.0013865147657453,0.00440527988771048
"47","unassigned_transcript_926","trnat-agu",2.89567029500344,1.18791487114992,22.8571715922547,0.000723838826320599,0.00265642777612284
"48","unassigned_transcript_967","trnaa-cgc",2.41155466158812,1.05918223277342,25.6824288674564,0.000500451409535421,0.00199396694689916
"49","XM_053610100.1","gda",3.79026960870429,0.818827147515393,32.88374344637,8.79515185304066e-05,0.000566435683251374
"53","XM_053610110.1","LOC128598904",3.21199936056223,3.59792807344548,21.1515923699949,0.00104745960422939,0.00353182171907215
"61","XM_053610132.1","LOC128598917",4.2136364884906,3.11211173535684,73.0418698224118,7.87900937970163e-06,0.000112972014028884
"65","XM_053610148.1","camsap1b",1.82240260401306,2.05309101899251,24.499002251601,0.000627864312530289,0.00237640109685301
"84","XM_053610186.1","mtrfr",1.66738673464718,3.3643033841026,31.0803104034673,0.000256589306479242,0.00122039759062243
"102","XM_053610248.1","LOC128598980",5.00820081949251,4.7705651697124,224.54159701198,4.82294185462504e-08,6.57565059922325e-06
"103","XM_053610252.1","parp8",4.20148132198385,4.06258551223972,161.937688673856,2.19510784974017e-07,1.24832157201874e-05
"107","XM_053610265.1","LOC128598992",5.53934572652454,3.25145885237804,110.866644523989,6.90533826561486e-07,2.42506555183529e-05
"108","XM_053610270.1","LOC128598993",3.93882057953952,2.08404412353106,42.9955110979229,6.14194330075846e-05,0.000440521834969774
"109","XM_053610271.1","LOC128598993",4.52437295702074,5.03011497904671,257.532678249654,2.43998317798087e-08,5.44267340793876e-06
"113","XM_053610284.1","cntrl",3.34717641175541,1.90034713198894,46.147208610633,5.11928136338196e-05,0.000392753207158423
"116","XM_053610301.1","vcp",2.79741054978995,8.47449724782558,207.8517623093,6.57912725368768e-08,7.44775608270602e-06
"126","XM_053610348.1","ankrd40",1.63207912849943,3.17727281986296,25.7451572696785,0.000518388354016666,0.00204730362483978
"132","XM_053610364.1","ebf2",4.07459262951326,5.09739563196697,148.600934518265,3.15063546075855e-07,1.513426909162e-05
"137","XM_053610399.1","wdr54",2.1794045952335,2.63018207511282,22.3288918678232,0.000868295080740642,0.00305830303895333
"138","XM_053610400.1","wdr54",4.8789414667545,0.966122914896757,49.9107160023986,7.96637797742774e-06,0.000113721099381482
"139","XM_053610403.1","LOC128599048",3.85147412395285,0.868453055741404,36.2384119188197,5.61321041297599e-05,0.000415105756807927
"140","XM_053610407.1","LOC128599048",3.14113485970015,1.13189465591139,32.4064987662912,0.000172263153262264,0.000911603767574219
"177","XM_053610502.1","lman2lb",3.21389619017489,0.63318427961332,25.0145828310753,0.000350956463830335,0.00153340978042793
"225","XM_053610651.1","si:dkey-3h3.3",6.03384560228693,4.93581040220945,119.842030474711,8.81194905241403e-07,2.83031411231108e-05
"235","XM_053610678.1","LOC128599198",4.10935370235362,2.08714607335346,83.5071055192469,3.04665377417917e-06,6.29071827760361e-05
"255","XM_053610726.1","abca2",2.29889615308803,2.35425728240191,23.5506722476148,0.000723610169271918,0.00265619079822536
"257","XM_053610729.1","LOC128599231",4.82465841854987,5.3092817228634,364.856046401135,4.67797250808263e-09,3.69081115879312e-06
"258","XM_053610730.1","LOC128599232",4.87795078122212,6.18033123067528,238.014744174707,3.49628337782075e-08,5.89560784585025e-06
"267","XM_053610754.1","isg15",3.23656045390026,4.84448194838937,14.2507940811515,0.00378363439625811,0.00993503221518675
"272","XM_053610759.1","LOC128599254",5.57152500227405,5.79157458320053,397.277510135587,3.14996052464241e-09,3.69081115879312e-06
"273","XM_053610761.1","LOC128599256",2.81208188689148,5.38038067725658,15.1310015151195,0.00314327858435872,0.00851317702819699
"292","XM_053610808.1","LOC128599291",5.0177035347814,5.50155482127183,120.540343219016,8.26890768811339e-07,2.72067231006463e-05
"310","XM_053610837.1","LOC128599322",2.96042777127592,4.48789910814984,60.8263319374684,1.68533985526868e-05,0.00018692518618039
"311","XM_053610838.1","LOC128599322",3.25490278934059,6.26377544039928,73.5314976446664,7.42065776748821e-06,0.000108514550984733
"324","XM_053610874.1","rtkna",2.30601934137865,4.10091252248752,66.3953227359822,1.15715964985605e-05,0.000144240670301398
"327","XM_053610879.1","hspb11",2.71298941030061,5.63756392159156,108.02872451289,1.34375197692193e-06,3.73115900555956e-05
"335","XM_053610903.1","pdha1b",2.22017165799502,8.1276170151899,151.662146095713,2.85109179510436e-07,1.44231420294368e-05
"352","XM_053610937.1","znf653",1.68917392304873,3.23934808696338,30.4500349273841,0.000277477652722415,0.0012907494949053
"355","XM_053610942.1","dbf4",3.16288131444745,6.40369956365128,194.474765170332,8.98587001045346e-08,8.86893367470196e-06
"364","XM_053610955.1","nek11",2.31571977137492,3.37547740663949,53.8982894362555,2.81893570837489e-05,0.000262862507184175
"387","XM_053610996.1","LOC128599448",3.95996048645069,2.53286720377383,69.5388316282988,9.18228351296877e-06,0.000124491461899446
"401","XM_053611082.1","si:dkey-199f5.8",2.31315245600875,3.33202562937788,27.9728729282525,0.000382201891211274,0.00163376926721101
"412","XM_053611101.1","fbxw9",1.92466843834101,2.87221226168884,34.5231964619379,0.000171669180519058,0.000909539428619865
"443","XM_053611213.1","si:dkey-11p23.7",3.75390984426896,1.9009144016238,36.0142233564141,0.000126306440527301,0.000732689961154732
"447","XM_053611227.1","scap",2.63983028997513,3.31510776848603,45.3017812618635,5.80761385522693e-05,0.000423103749272788
"448","XM_053611233.1","smpd5",2.13732282587348,4.57837535439468,92.7919790907814,2.66027726811425e-06,5.78824844304214e-05
"453","XM_053611252.1","LOC128599547",6.40269531510846,6.06062194028409,273.984347161587,1.90397615524301e-08,4.94715366786146e-06
"464","XM_053611292.1","oxr1a",2.18909720308403,1.34074770095636,22.0902375879205,0.000906133764503837,0.0031579103078123
"475","XM_053611323.1","msrb2",3.22767862534239,1.58044743481251,29.0924352549514,0.000304180868133423,0.00138433508387513
"490","XM_053611361.1","si:dkey-256h2.1",2.12666694479833,2.18229972478083,26.0373975968426,0.000504375848969466,0.00200462466072126
"491","XM_053611362.1","septin7b",2.17702942147786,1.73004602932496,17.3889838290306,0.00204862787762124,0.00600347358489006
"492","XM_053611364.1","slc25a32b",2.23810571376137,4.90477790640844,85.1473620880177,3.89675492378479e-06,7.20770903997649e-05
"493","XM_053611365.1","rfx1a",3.52969081237584,2.05461925503622,65.2686571952995,1.17639597469495e-05,0.000145646128562389
"494","XM_053611366.1","cthrc1b",2.18097766574872,5.89911933283038,84.318728977223,4.06682559355945e-06,7.43044838696844e-05
"501","XM_053611393.1","scn1ba",2.99397307125694,2.53729376716044,34.2919638148802,0.000180175013779666,0.000943468083480508
"505","XM_053611397.1","mcmdc2",1.6657769260962,5.59198866386921,33.0982234339557,0.000201242366337565,0.00102090611917032
"510","XM_053611412.1","mak",4.6471703972398,1.80954692261822,68.1612760783886,3.53412654947994e-06,6.78098626366755e-05
"524","XM_053611472.1","atp8a2",3.20749706625593,2.49210893942045,59.2646472177175,1.95789321403475e-05,0.000206805055841411
"531","XM_053611505.1","rnf41l",4.02985608551134,8.29652436272503,259.155205928083,2.33020261900256e-08,5.31286197132585e-06
"535","XM_053611517.1","nktr",3.64830152086468,1.81180925327178,41.204172616928,7.29174515743785e-05,0.000495752921497706
"545","XM_053611570.1","LOC128599687",2.1461075672459,6.25525048169046,49.7331515065149,3.92622453199733e-05,0.000331113230445435
"563","XM_053611627.1","slc25a40",2.82135972933486,1.95822712490606,36.8843122628451,0.000135112638308941,0.000768788537414813
"564","XM_053611628.1","slc25a40",2.49506584650525,0.494939090598496,25.1830202066578,0.000433137697800228,0.00179142387633881
"590","XM_053611711.1","LOC128599768",3.22532285805845,6.34068446988155,187.902250958811,1.05520677575896e-07,8.91435783832918e-06
"594","XM_053611725.1","dlec1",3.46805623920306,8.92977474044542,230.743336524126,4.02806565623116e-08,6.42732628070336e-06
"596","XM_053611730.1","LOC128599780",1.71693159056678,3.33167434061745,28.8157463774355,0.000341596413384235,0.00150387890668044
"597","XM_053611731.1","chmp4c",1.84648194153469,3.17278136070085,19.3019383050905,0.00142708287034283,0.00450587429395548
"602","XM_053611740.1","LOC128599790",2.59427144801882,6.01176212951789,150.296216433307,2.97381678923079e-07,1.47926735325404e-05
"616","XM_053611780.1","LOC128599809",1.70341991591568,4.76594216565994,45.7396169135228,5.5467960213253e-05,0.000412891743975233
"628","XM_053611798.1","pi15a",4.08191721320266,2.54453090751823,48.6967494677435,4.08969253403727e-05,0.000338141972006003
"631","XM_053611804.1","zgc:101716",1.94790553099635,2.06959379129596,21.507978823912,0.000995930757245408,0.0034067455800262
"635","XM_053611813.1","LOC128599827",4.63082305701478,3.41301438341022,120.205503103215,8.5042849919652e-07,2.75334730899865e-05
"643","XM_053611844.1","LOC128599846",1.89015656484422,2.85901645834758,35.2455012502612,0.000158334683064914,0.000858909060485989
"677","XM_053611958.1","armc3",5.94077324100118,8.43894580274426,147.578389679145,3.23616424214996e-07,1.54534002218064e-05
"678","XM_053611962.1","tnfrsf11a",3.00205115559906,3.23719258524289,34.6762805540086,0.000169837781178639,0.000902219838681804
"726","XM_053612097.1","rb1cc1",1.7396061006416,2.01204383993107,18.9021102635623,0.00154441944859196,0.0047913112368353
"728","XM_053612099.1","galnt1",1.87761987058791,2.72256435845721,20.2681553181068,0.00121124495387306,0.00394281787920713
"729","XM_053612100.1","galnt1",2.31818088293248,3.97026993365267,37.3667484707096,0.000125398473885638,0.000728887071906897
"755","XM_053612159.1","LOC128600037",2.38051308435477,4.21842538335313,42.8144720126128,7.26810926973049e-05,0.000494977504663009
"775","XM_053612270.1","ndel1b",1.71536453076384,8.12475552742447,81.9903944071889,4.60105459393928e-06,8.05934304928819e-05
"778","XM_053612288.1","parp10",2.34319848676874,1.28739956286857,24.6445323800393,0.000606204417010408,0.00231280629332182
"804","XM_053612346.1","stmnd1",5.85705902844032,1.11807448654955,62.0065172401638,9.07791405726571e-06,0.000123386459075581
"805","XM_053612347.1","stmnd1",4.56597939521415,3.51286357846168,121.538168237167,8.26613575985319e-07,2.72067231006463e-05
"808","XM_053612359.1","macf1a",2.33210430119609,2.46645446474083,38.2441082525355,0.000116220787884476,0.000689656200247029
"821","XM_053612419.1","cdip1",3.41571000683102,4.28864312676802,154.334514372853,2.65167758275768e-07,1.4027894349569e-05
"830","XM_053612452.1","si:ch211-165g14.1",1.77748459369329,1.24141679520705,16.9608598520229,0.00222128528740734,0.00640280737759081
"845","XM_053612499.1","rnf216",1.8472659464116,4.11842198698384,54.102029331795,2.76497262643313e-05,0.000260835529584496
"858","XM_053612551.1","LOC128600227",3.0217393380811,1.51827281201627,29.0670261904248,0.000313466079588137,0.00141387263760734
"868","XM_053612579.1","rims2b",1.59788266050925,6.9437889563369,69.9111214331306,9.23979527855222e-06,0.000124541054095923
"883","XM_053612624.1","cart4",2.42393809294054,3.49113635971401,54.8220150578335,2.62409647658528e-05,0.000251950615438686
"886","XM_053612629.1","drc3",5.54532759390654,7.43675009521349,195.738522489846,8.73073156543289e-08,8.77845233423774e-06
"891","XM_053612636.1","scin",2.64729730045717,2.18891863722365,21.9618772204724,0.000931684224877559,0.00323026434618075
"912","XM_053612673.1","col8a2",2.3412885454673,2.593859160958,33.9569170187855,0.000184645493507777,0.000960180291970412
"918","XM_053612687.1","ubfd1",2.02367388643343,6.12413241672151,114.868887261418,1.01739629220212e-06,3.13706879584151e-05
"925","XM_053612706.1","cdca8",1.79259415361229,7.75088237600415,70.9143659646187,8.68534341109547e-06,0.000119556410832324
"942","XM_053612756.1","pithd1",2.5858276112082,2.58332952888949,40.8803529044995,8.93058929260026e-05,0.00057119075254292
"946","XM_053612766.1","mpg",4.3085544294684,0.506493903327893,40.8041294706292,2.28213413383126e-05,0.000229034019581279
"959","XM_053612834.1","b9d1",1.81883990632538,4.87388746199761,81.9066557847852,4.62449278263687e-06,8.05934304928819e-05
"964","XM_053612851.1","ndrg1a",2.36068955782525,2.92486603387758,47.9869585500484,4.59692154161372e-05,0.000363887363890674
"965","XM_053612853.1","ccn4a",2.62947162565725,4.04678788560595,80.3776401644528,5.0377725090673e-06,8.51724313757461e-05
"968","XM_053612860.1","cfap20",3.55121047739913,3.06159545930439,58.0554103347607,2.12950489266168e-05,0.000218041905138566
"974","XM_053612876.1","fbxl20",2.80109683133258,3.93999813181466,95.7623655148914,2.319861542959e-06,5.36484552248861e-05
"990","XM_053612931.1","btr02",2.30751194362712,2.91320147661571,45.2697858396906,5.83570631584969e-05,0.000424577140858313
"991","XM_053612947.1","ptpn2b",2.77715997586736,1.98742650351135,26.6564573706568,0.000465285243679721,0.00188832664878075
"1013","XM_053612995.1","LOC128600468",2.302968825518,0.879256417488422,17.9864299370528,0.00172183638827532,0.00522359210146194
"1026","XM_053613040.1","LOC128600497",4.04266100142188,4.95026822266402,142.927205063236,3.77328412571162e-07,1.6779326862267e-05
"1029","XM_053613044.1","bet1",2.37909868050474,1.13879157816522,18.0840387318326,0.00174089601936522,0.00526562495543428
"1038","XM_053613060.1","ptpn23b",1.81786749649154,1.84301034637805,23.4443636484866,0.000737853631550556,0.00269341199753764
"1049","XM_053613088.1","pgls",1.68250445840059,4.15086518313147,18.9849510683823,0.00150707417958215,0.00470248974924361
"1062","XM_053613113.1","acot13",1.95096094025909,3.96146960366739,54.2263667819733,2.73933742574486e-05,0.000259172380175089
"1092","XM_053613215.1","trappc3",2.53492795618207,6.68069644747408,100.022662992747,1.89980888313155e-06,4.7314009538667e-05
"1099","XM_053613227.1","LOC128600621",5.91368790634774,6.18253898650751,434.667432844162,2.04433123839503e-09,3.69081115879312e-06
"1119","XM_053613283.1","mllt11",1.84157100726251,2.58187742235646,32.4371802040878,0.000218997003403955,0.00108652728968077
"1129","XM_053613309.1","LOC128600665",3.04688733185652,5.38549505591669,124.653875194622,7.02067635718789e-07,2.43363402291558e-05
"1149","XM_053613359.1","LOC128600700",2.63940066344497,3.51995725956301,27.0756157567723,0.000431482173965723,0.00178731664077715
"1158","XM_053613375.1","LOC128600714",5.19143537834298,7.76928729879089,186.659980410925,1.08859762487424e-07,9.03703505203291e-06
"1164","XM_053613390.1","asf1ba",2.50384170833836,2.47720005097919,24.2186552577704,0.000655161635816319,0.00246187478193931
"1179","XM_053613434.1","LOC128600749",2.58145156633231,3.69776991455958,35.6751488928885,0.000150707672991235,0.000831142527311723
"1185","XM_053613448.1","casd1",2.47142727002283,2.04330351915351,26.7910327940971,0.000457648701296692,0.00186657021330079
"1189","XM_053613464.1","dnm2a",2.99631420173326,1.01647388546214,34.129530295171,0.000139600637555918,0.000788435312860528
"1190","XM_053613468.1","dnm2a",2.54459425499617,5.27997125261614,89.4478280198333,3.13133651117741e-06,6.37901892614515e-05
"1206","XM_053613492.1","vwa3a",4.50562883891007,6.03944556155441,342.640647021948,6.21721768132485e-09,3.87093537789564e-06
"1209","XM_053613497.1","LOC128600799",1.91537567213023,7.92971778829549,51.6245381404876,3.36091622479076e-05,0.000299101219609197
"1224","XM_053613525.1","LOC128600823",1.78577006378242,1.77909147245033,14.372793328167,0.00372560781678127,0.0098113127278437
"1231","XM_053613533.1","heyl",2.15723653748499,0.986483916189882,15.3847232433757,0.00294385607371541,0.00806902594928147
"1245","XM_053613568.1","LOC128600859",2.63845621021505,1.22097889163876,27.3892487110458,0.000393079693271455,0.0016688104051084
"1250","XM_053613588.1","slc22a2",3.47269365537848,0.587730610504264,26.7034325743813,0.000223363025100984,0.001100700350178
"1263","XM_053613650.1","pak6b",2.36036736365619,6.01522935880045,109.923175164403,1.24190248512553e-06,3.53942208260777e-05
"1270","XM_053613684.1","gpcpd1",2.2050953254149,6.74321822404946,85.1994504042934,3.88361987273981e-06,7.20137898051685e-05
"1271","XM_053613688.1","gpcpd1",3.20228691621512,1.43477519515448,24.7743565337611,0.000538775253170943,0.00210923869112025
"1272","XM_053613690.1","napbb",2.06314648549646,1.31058768453158,16.2157909082963,0.00255511439091759,0.00717470802431465
"1293","XM_053613738.1","fntb",2.06074453344685,5.82907375532208,102.611564314197,1.69390335025912e-06,4.33189690900389e-05
"1314","XM_053613784.1","serinc1",2.64458479227291,0.888806106933491,27.4848827891725,0.000351214573280538,0.00153398305118252
"1315","XM_053613785.1","serinc1",5.90724076085486,8.49259876951565,116.795108319935,9.4385580419924e-07,2.97838942658427e-05
"1324","XM_053613811.1","LOC128600983",2.32533650477916,3.0430501234668,40.9994658113961,8.70448126912019e-05,0.000562416315209522
"1325","XM_053613812.1","LOC128600984",2.90015830951986,2.38419788781122,47.3091167168135,5.00057949580215e-05,0.000385473242276406
"1327","XM_053613815.1","LOC128600985",3.06040029809335,6.69688827415562,88.6592059411393,3.25562981933576e-06,6.46462243679254e-05
"1342","XM_053613855.1","fam184ab",1.90341626845998,2.86141557852473,22.6153018894306,0.000827091613999915,0.00293875308328153
"1363","XM_053613915.1","tbc1d32",2.20122481832109,4.28503299848317,53.4731024088877,2.90436482281934e-05,0.000268355352464609
"1379","XM_053613966.1","cfap61",5.44984044999975,9.24529780960948,137.07669997999,4.54170097883354e-07,1.86109616079302e-05
"1400","XM_053614009.1","dhcr24",1.88218578887834,5.40503050738264,59.0755529881654,1.90508997482551e-05,0.000203311220983568
"1401","XM_053614010.1","LOC128601093",5.76452907840358,7.94449842164509,153.366948339121,2.71092421048799e-07,1.42013752389202e-05
"1419","XM_053614092.1","LOC128601126",4.38884169081809,2.1821724108243,72.6981895316864,5.08539227815258e-06,8.56631947957689e-05
"1440","XM_053614157.1","pomcb",2.39720106500953,3.57516644685576,18.0377751253961,0.0017893720636773,0.00538708479948078
"1447","XM_053614174.1","si:dkey-174m14.3",2.02357346699431,3.88063395389125,65.4186883373813,1.23343624617448e-05,0.000150433350867205
"1457","XM_053614199.1","katnbl1",2.44898873345473,2.01868781084613,29.8093938043974,0.00030791030624003,0.00139620505249681
"1458","XM_053614203.1","katnbl1",1.94433823657782,3.24989394945863,42.3598636917828,7.60261496453223e-05,0.000509400376845396
"1459","XM_053614204.1","emc7b",2.88116887502207,5.82932794986359,222.907914642079,4.741945209293e-08,6.57565059922325e-06
"1461","XM_053614208.1","ttbk2b",3.54482136951321,4.72869411502027,189.612960574156,1.01643911671028e-07,8.91435783832918e-06
"1462","XM_053614210.1","ttbk2b",2.27179989275976,1.83096443638554,23.8081717949446,0.000701654033885134,0.00259378290497352
"1465","XM_053614215.1","ttbk2b",3.34617786424371,6.63841398808851,130.448675516845,5.70060675390098e-07,2.16623056648237e-05
"1469","XM_053614225.1","ak7a",4.59005070558666,7.78313232692771,198.627189871284,8.14069143356041e-08,8.3937269379921e-06
"1490","XM_053614285.1","LOC128601243",2.97914980873899,4.08530009950472,135.762869722942,4.77405849145801e-07,1.89522214461762e-05
"1500","XM_053614315.1","sod2",2.01560897351402,7.28186520004737,135.765207638956,4.7457912814104e-07,1.89223815919881e-05
"1505","XM_053614334.1","ywhaqa",1.86003375491918,8.82620959267844,86.0725317829476,3.71178347699516e-06,7.00307120344961e-05
"1508","XM_053614339.1","slc30a1a",3.01268825827009,2.57969056954063,26.6749108751755,0.000464254359078916,0.00188616046613318
"1513","XM_053614347.1","eif5",2.16978432863313,6.00373430118177,90.756225364306,2.93417623602613e-06,6.14468886271553e-05
"1523","XM_053614390.1","smpdl3a",5.48033987225717,5.50926887664978,282.351688825121,1.61147232017561e-08,4.76668285650951e-06
"1528","XM_053614402.1","LOC128601310",3.04958327409892,0.883414245412054,20.1228560127469,0.000994195098198727,0.00340234873515395
"1544","XM_053614466.1","scara3",1.86834207753321,6.25880335510055,29.179586635046,0.000325354402251906,0.00144892353883187
"1547","XM_053614474.1","pnocb",5.63312510230072,5.28499386916393,179.536789811609,1.37504105126024e-07,9.89296201680031e-06
"1555","XM_053614501.1","actr10",1.80008189478647,7.40839651406011,77.1859567071684,6.00021201709677e-06,9.56018032802781e-05
"1560","XM_053614517.1","mettl2a",1.60486243138858,4.0315635243433,42.4130243653147,7.5473533777691e-05,0.000506716248179584
"1562","XM_053614519.1","LOC128601366",4.81149052766863,6.57804629166329,272.344799902915,1.84723044112315e-08,4.90212563621337e-06
"1574","XM_053614557.1","mgat2",1.61509725627801,1.62180439497953,16.4658295462382,0.00243804048106435,0.00689861900148046
"1576","XM_053614562.1","aven",1.65780236051002,5.54155194285677,42.6892057070939,7.34639105445604e-05,0.000498298532603439
"1577","XM_053614570.1","cep135",1.75330828803664,2.83571688055162,23.5660946097761,0.000714351507799905,0.00263115408606709
"1610","XM_053614655.1","LOC128601443",5.67615121826915,6.46718443594177,349.549445165981,5.69092634972338e-09,3.69081115879312e-06
"1613","XM_053614664.1","LOC128601449",4.44175422238745,4.42174112142946,91.7683656936752,2.86487073047109e-06,6.06048591589359e-05
"1614","XM_053614666.1","LOC128601449",4.00245910718049,1.25102268716458,26.3794442254125,0.000280059681709519,0.0012990275437002
"1621","XM_053614685.1","si:ch73-111k22.3",2.28230767180993,6.13702386686379,70.6867097955946,8.80922853894702e-06,0.000120544202526183
"1628","XM_053614696.1","unc93a",3.57395585092541,3.77435547660025,50.5122083482713,3.73172951581883e-05,0.000319964181155059
"1630","XM_053614701.1","si:dkey-51e6.1",1.78395748652708,3.27554243590326,41.0187549069391,8.65133768377489e-05,0.00055974362280155
"1633","XM_053614709.1","spata18",7.86565904468376,1.3065459092071,54.8509611910591,8.81239617374596e-05,0.000567054392723403
"1634","XM_053614719.1","ilvbl",2.09112765650816,5.6251003803382,94.1523688671946,2.49104476123423e-06,5.56994067248297e-05
"1652","XM_053614811.1","cramp1",6.62894301485385,1.81329800391153,77.5606906318811,3.17083187142006e-06,6.40816808171634e-05
"1656","XM_053614822.1","si:dkey-86e18.1",1.81348777710104,4.56639194953409,46.5796504473596,5.14837420173974e-05,0.000393080706462199
"1662","XM_053614857.1","zgc:112001",4.64794684941633,6.33902075911131,159.222498606056,2.28229477280741e-07,1.27840096132202e-05
"1663","XM_053614858.1","LOC128601560",5.84394496892228,8.75898572989627,98.9920810344371,1.99074296965878e-06,4.85333542060788e-05
"1671","XM_053614871.1","tcte1",2.30666096823455,3.52706596852168,54.5101596072409,2.68576981212881e-05,0.000255899009527612
"1675","XM_053614880.1","pak5",4.54253444445023,1.71831191723329,34.858416080479,8.4551772786886e-05,0.000551016142461397
"1684","XM_053614902.1","LOC128601597",4.61970334426184,5.7068534245768,349.475265433794,5.67665794943777e-09,3.69081115879312e-06
"1719","XM_053615001.1","tmco3",4.20767406041416,1.65290428392706,35.9085203254028,8.90575714645193e-05,0.000570278467906502
"1720","XM_053615003.1","tfdp1b",2.04894575529943,4.30490574746072,49.4719949407086,4.01643083923666e-05,0.000334425284046834
"1735","XM_053615051.1","cfap58",3.84874508285925,0.870137305760548,60.2622580853045,4.61088856842714e-06,8.05934304928819e-05
"1736","XM_053615053.1","cfap58",5.94958454545823,1.90720565873563,52.0953583828941,6.33293553176276e-06,9.91494959926748e-05
"1738","XM_053615062.1","LOC128601730",1.66773910720188,2.80363340321012,23.6814910662361,0.000701926947654603,0.00259378290497352
"1741","XM_053615067.1","LOC128601736",4.651256411577,4.40406395482445,145.173841720071,3.64623507275299e-07,1.66276703903245e-05
"1742","XM_053615068.1","LOC128601736",3.22797128396504,2.61272480616426,40.8238643911805,9.08367348361354e-05,0.00057840163774458
"1761","XM_053615145.1","mdh1b",3.19833835252321,5.97572683613428,222.9032249747,4.74277417784335e-08,6.57565059922325e-06
"1774","XM_053615176.1","pcca",1.80557694629862,1.98585924350746,21.1110448760123,0.00106197837793995,0.00356651656150527
"1775","XM_053615177.1","marchf4a",4.96137884386774,1.47729408969917,56.6591065666212,4.29425406915534e-06,7.68975496366003e-05
"1782","XM_053615196.1","mpc2a",1.61169895917752,6.30403272715399,37.8044422421287,0.000119569727441891,0.0007038526355743
"1789","XM_053615212.1","tmem86b",2.73544942740551,0.817851218140223,25.8992825210057,0.000416867566366927,0.00174299541752064
"1801","XM_053615234.1","LOC128601839",4.96735327220309,7.5351966332997,446.496989360343,1.75012080083661e-09,3.69081115879312e-06
"1804","XM_053615237.1","LOC128601841",2.83852947128724,2.69955501329548,22.5527300772674,0.000844537011276619,0.00298566611455469
"1807","XM_053615241.1","col5a3b",3.40663827482721,3.09578195954109,56.7743432700981,2.32808351991131e-05,0.000232779592466488
"1824","XM_053615270.1","dpy30",2.55619266474156,1.74165772537895,17.8235918660995,0.00188374419754782,0.00560964883552318
"1836","XM_053615291.1","LOC128601875",3.01639320514866,3.10633696667418,56.173687496592,2.40521021832958e-05,0.000237363879526078
"1847","XM_053615317.1","samd1b",2.69502445713333,7.32198545643607,119.926566579357,8.36476976848782e-07,2.73111579623085e-05
"1849","XM_053615325.1","tecrb",2.23251373702779,2.05547791624783,15.5533615655911,0.00291851987058345,0.0080157787012224
"1850","XM_053615326.1","tecrb",3.26597765407051,1.50588672883425,23.5235012096988,0.000653761529063293,0.0024571840335446
"1878","XM_053615398.1","exosc1",5.90400972495541,1.16560041801725,35.8847783511098,0.000101712991299195,0.000628446527920368
"1902","XM_053615448.1","rasd3",1.58621384597982,2.7689335959123,16.8688195816643,0.00222908900219425,0.00641958597536392
"1907","XM_053615467.1","cfap221",3.58346435402965,4.14474943420904,70.885042718273,8.78060845052755e-06,0.000120280419636151
"1908","XM_053615468.1","cfap221",3.51208045094955,3.34176046732451,56.2252252360905,2.41205573153199e-05,0.000237363879526078
"1916","XM_053615489.1","LOC128601998",3.24298270210436,3.36856753538658,90.8297442467184,2.99373547687366e-06,6.23264723481369e-05
"1919","XM_053615495.1","LOC128602001",2.06072552880837,5.90651017106283,56.0228799375261,2.38493877314023e-05,0.000235986484471846
"1924","XM_053615509.1","dpcd",3.39828897427693,4.72430369711968,126.986522713675,6.46906505506564e-07,2.34275671390162e-05
"1930","XM_053615528.1","mxa",2.43013066001452,5.16835092678588,24.1878997513596,0.000648931955664403,0.00244300244146403
"1936","XM_053615540.1","tekt4",4.32497153235158,3.54406821368018,67.088972479427,1.1542891790294e-05,0.000144240670301398
"1944","XM_053615565.1","aftpha",2.27851193288226,0.744976307315972,17.8959091425145,0.00171273039683756,0.00520334022475743
"1959","XM_053615585.1","LOC128602059",2.03718478850947,3.56492441352987,22.6665469088244,0.000818846950295737,0.00291842677925746
"1968","XM_053615602.1","vps54",2.02476147620875,1.14310478941483,16.8806406748262,0.00223343745009977,0.00642867806582773
"1971","XM_053615606.1","LOC128602066",3.47442507957596,4.32599470080762,76.0684124308196,6.43332052744832e-06,9.99449066202815e-05
"1972","XM_053615609.1","mast1a",2.95030738389107,2.89545140726955,63.2486946668979,1.46231631241274e-05,0.000169813317541876
"1977","XM_053615615.1","LOC128602066",3.00393659468832,0.679541921780118,19.6572344941343,0.00100367263282803,0.00342556453304241
"1982","XM_053615631.1","LOC128602066",3.44341095130985,1.87086276336241,18.6164837131977,0.00155316000394877,0.00481381469345638
"1984","XM_053615636.1","LOC128602089",5.02323310912576,3.52697010841054,142.643922888618,3.62202155568409e-07,1.66276703903245e-05
"1994","XM_053615671.1","LOC128602066",2.86195791392847,3.73728067093243,75.8156906652131,6.53142703922556e-06,0.000100791936044789
"2015","XM_053615728.1","LOC128602145",4.56599402270586,6.76449486690905,448.778801381643,1.70912412557492e-09,3.69081115879312e-06
"2020","XM_053615754.1","rasd2b",4.67645582126879,3.1901988932831,66.0901476514794,1.14327153666625e-05,0.000143690059282246
"2023","XM_053615760.1","rnaseh2a",1.74834307376919,5.26032150519117,65.2500149547662,1.24528042986008e-05,0.00015134083782714
"2024","XM_053615762.1","snrpb2",1.64904176937527,5.66202023248102,45.0511558526911,5.90040009464677e-05,0.000427745977304711
"2033","XM_053615813.1","arl6",3.29572076283759,2.89102126702671,73.5940233504624,7.70670256029778e-06,0.000111290009853792
"2046","XM_053615874.1","mcoln1a",2.63317791936883,8.26016850878138,171.852380136603,1.59818741414318e-07,1.06466904774279e-05
"2051","XM_053615882.1","ypel3",1.999739155607,5.45034268264439,27.4032483065511,0.000411383876008779,0.00172567854547881
"2055","XM_053615895.1","mb",1.83233666335685,4.60064818456726,38.243534494418,0.000114257421440725,0.000682909400667939
"2057","XM_053615901.1","LOC128602229",2.15384051571325,4.34069893351057,57.1612296646597,2.19258440212711e-05,0.000222529344223216
"2063","XM_053615913.1","rfx1b",3.20919939389058,1.67887180648294,45.7681387416466,5.14556683866618e-05,0.000393080706462199
"2080","XM_053615965.1","LOC128602271",2.88643524564173,5.91245384423211,72.5108473439372,7.88680013064092e-06,0.000112983646473288
"2086","XM_053615974.1","LOC128602279",3.66949280778438,3.39811260748368,53.3018864882361,3.02565182298335e-05,0.000276811916184105
"2094","XM_053616004.1","LOC128602293",5.68724161686378,3.39618443191849,121.040615736531,4.52949964681135e-07,1.86100356047163e-05
"2100","XM_053616019.1","syngr3b",3.26295095643048,6.08547727667608,191.941288163867,9.55602132583629e-08,8.91435783832918e-06
"2110","XM_053616049.1","fam161a",3.78598922149579,4.95948277595354,259.794125276058,2.31697127807312e-08,5.31286197132585e-06
"2112","XM_053616080.1","alg11",1.67929060032941,5.11613163795741,70.8084369530153,8.74549388861494e-06,0.000120078078938845
"2115","XM_053616084.1","cpb2",1.97338711927382,1.19016199763822,17.3817020823027,0.00203933248583255,0.00598324042396208
"2122","XM_053616096.1","acta1a",4.5255658718115,8.60680424938928,420.885689309449,2.32014450018401e-09,3.69081115879312e-06
"2137","XM_053616150.1","svilc",1.62812037793242,2.84741720823509,16.6514488678662,0.00232397160490317,0.00662848286938724
"2153","XM_053616191.1","htr1fb",2.97753275318623,2.14121791330079,25.1337450627604,0.000576077567773934,0.0022193107251605
"2184","XM_053616293.1","parn",2.16417044762343,7.53538400655702,120.421690942572,8.20846161755685e-07,2.71735330603293e-05
"2192","XM_053616326.1","LOC128602484",1.89694418311025,3.57711650589822,15.9940269070954,0.00264105615046447,0.00736873784276436
"2200","XM_053616353.1","mvb12a",1.69691790829149,7.06207787039628,40.6638707050453,8.9368632333462e-05,0.000571366279705404
"2222","XM_053616438.1","rpgrb",2.617197044295,1.51295295569972,25.3982148606895,0.000543552248869538,0.00212229228285096
"2226","XM_053616443.1","LOC128602564",3.05471355782034,5.11651282925089,188.160855613071,1.0498993525913e-07,8.91435783832918e-06
"2237","XM_053616463.1","si:dkey-23n7.10",3.03728103487882,3.24354527666292,44.662285529701,6.19872295341665e-05,0.000443611525950083
"2258","XM_053616504.1","LOC128602614",5.44049132689446,9.61122176715937,172.552492704229,1.56851467759725e-07,1.04921965293158e-05
"2260","XM_053616507.1","pamr1a",2.37747724981523,2.26870539579545,36.4328896928581,0.000141622116250956,0.000795746314473261
"2264","XM_053616512.1","strc1",2.02852930099831,5.35069496809088,24.8905297016619,0.000585194074572776,0.00224854537839642
"2272","XM_053616528.1","LOC128602633",4.79954143554966,3.10805726172669,79.3294930869811,4.80050240749791e-06,8.256922303351e-05
"2278","XM_053616551.1","wdr83os",2.46213147278194,4.60943180435373,85.6936095488074,3.79015754873176e-06,7.09307172241269e-05
"2282","XM_053616573.1","zgc:165481",1.90969079945234,4.54997795292405,24.4705722288997,0.000622402706043721,0.00236346587038136
"2307","XM_053616673.1","slc16a6b",2.92329789724331,1.64749134274772,30.2496795527791,0.000279871376325389,0.00129852617940825
"2313","XM_053616691.1","slc16a6b",3.19651432179002,1.30444467338283,38.7851901785738,8.84215106978833e-05,0.000567327552587132
"2314","XM_053616696.1","vps33b",2.40168770033596,2.14588692211434,25.3862099225184,0.000555695311362395,0.00215970212065437
"2315","XM_053616697.1","vps33b",3.70696690778652,4.31812886209472,96.0206876997262,2.30295091170196e-06,5.34099847544861e-05
"2321","XM_053616709.1","LOC128602730",3.03933021111799,3.88968694893982,26.5649891943569,0.000462729364474498,0.0018816033539596
"2322","XM_053616710.1","tex9",2.33871287058682,1.43330781980609,28.4043547659373,0.000364771284401808,0.00157801110419467
"2323","XM_053616714.1","cln6a",3.4877796293103,2.66240107645745,82.0891116667192,4.80213886289437e-06,8.256922303351e-05
"2324","XM_053616716.1","calml4a",3.32420203273584,6.63629283170957,167.775167059211,1.78742301929364e-07,1.13469818965982e-05
"2348","XM_053616786.1","zgc:193811",3.6368973722219,1.93857074697447,53.3718214369215,2.59171281340191e-05,0.000249730041805655
"2349","XM_053616796.1","zgc:193811",2.66931961619678,1.35743440195838,32.9306943906228,0.000198910670821161,0.00101372531684383
"2350","XM_053616798.1","tppp3",4.68889589103663,2.45260165936682,83.5573258128854,2.65274664898513e-06,5.78742085630341e-05
"2351","XM_053616799.1","tppp3",4.92826157686668,1.78745822347118,66.3188407410918,2.77604049072525e-06,5.94425178093392e-05
"2366","XM_053616839.1","zgc:110699",2.66456504643594,3.35322593736962,25.9609540475736,0.000504135680395552,0.00200462466072126
"2368","XM_053616841.1","LOC128602796",2.50252727923137,9.15081993699088,143.031184554463,3.73489682412466e-07,1.6687489116959e-05
"2374","XM_053616856.1","LOC128602801",1.75735382118012,4.07612409765702,21.1164524097048,0.00104833707720932,0.00353330847509148
"2395","XM_053616920.1","abcc12",4.6960523555307,2.08991899009836,62.4826365505182,7.18125215819032e-06,0.000106651477006225
"2400","XM_053616937.1","LOC128602850",3.38170364735066,5.26751815233446,15.6414603711167,0.00283309936778206,0.00781964408621585
"2440","XM_053617065.1","ccnt2b",1.88372077888576,7.30813058177771,107.174561987815,1.39203665639158e-06,3.8258555846633e-05
"2445","XM_053617071.1","ttbk1a",2.46021756574583,6.55269132604063,106.814885854716,1.41354231149089e-06,3.86309073834054e-05
"2452","XM_053617082.1","kif18a",1.76355968245112,6.5109535644437,67.3219118869617,1.08800045940268e-05,0.000138029399975005
"2464","XM_053617118.1","hsd11b2",4.56119939236556,6.46554382861154,90.5553630422623,2.96661426922961e-06,6.19658732777921e-05
"2465","XM_053617120.1","kcnq1.1",2.44060730787578,0.986364941993296,18.538638457965,0.00155523932327429,0.00481933655535302
"2484","XM_053617161.1","si:dkey-1h4.4",3.17291500453713,4.68748895497335,91.1613478717299,2.8834574233739e-06,6.06200113890607e-05
"2522","XM_053617239.1","adam10a",2.32619585721944,1.01043265052758,18.8093935700602,0.00150763738949153,0.00470273704565679
"2526","XM_053617247.1","map1aa",2.69101245912238,2.0734266109411,33.0077958039322,0.000209091173362077,0.00104986597840735
"2527","XM_053617250.1","ppip5k1a",1.9712006813085,1.11108793340261,16.513140410314,0.00239849842372138,0.00680815228532381
"2529","XM_053617260.1","plekhh3",2.44004175342254,3.05229729529251,42.9287085900839,7.23861023621818e-05,0.000494424567527004
"2548","XM_053617329.1","brsk2b",2.30624959304086,2.62381533103267,22.5158896593416,0.000844421084716591,0.00298566611455469
"2558","XM_053617354.1","fmnl1a",3.01465257095194,6.42355636384212,169.28336376835,1.71468087819464e-07,1.10018783550362e-05
"2559","XM_053617355.1","pcyt2",3.57065867475796,9.79362857227391,163.39432846072,2.01992731418613e-07,1.2095665670807e-05
"2563","XM_053617361.1","mns1",4.8559441415128,3.1526211423622,132.525469571482,4.61494222129776e-07,1.87219283754565e-05
"2564","XM_053617362.1","mns1",6.95093508600053,3.34756488889416,147.603359898137,1.76983456889556e-08,4.77501366688023e-06
"2569","XM_053617371.1","LOC128603141",3.94036407925523,3.70460519088306,105.478317040649,1.55650530017169e-06,4.11039278942565e-05
"2595","XM_053617463.1","LOC128603198",5.36340020898963,9.26488244562779,377.153575201208,3.91993949352918e-09,3.69081115879312e-06
"2596","XM_053617464.1","LOC128603199",5.65159998174803,8.28515427323632,265.424567345284,2.08270119086928e-08,5.10829801178666e-06
"2607","XM_053617506.1","kptn",1.78697273949779,3.21655982865813,32.3711895625551,0.000219702186019681,0.00108929218599896
"2620","XM_053617546.1","LOC128603237",3.83794276015241,5.56595830513924,91.7898121503862,2.79423364796097e-06,5.96742141071137e-05
"2623","XM_053617553.1","LOC128603243",3.82809003118229,3.87066853250843,113.111084448486,1.12170001681412e-06,3.3317577747132e-05
"2660","XM_053617630.1","LOC128603322",3.25683528892738,4.57520152121706,69.2443590091342,9.65911336284981e-06,0.000127731768239412
"2666","XM_053617638.1","LOC128603328",2.00778193024417,5.36800069480681,40.7844807161752,8.83340808854044e-05,0.000567327552587132
"2692","XM_053617732.1","LOC128603369",1.92602905213083,1.34091255644499,18.4960821479443,0.00167185770353541,0.00510353243538209
"2694","XM_053617735.1","brwd3",6.19122768685138,3.499372208612,154.669716698054,7.72191721222828e-08,8.17009123082035e-06
"2695","XM_053617739.1","LOC128603372",2.05569372715849,0.801564060408948,14.8318805247423,0.00326644361275588,0.00878942639682383
"2696","XM_053617740.1","LOC128603372",4.50191613278668,5.87905602989812,157.417105742239,2.40866826620183e-07,1.31728114504308e-05
"2697","XM_053617742.1","chmp1b",1.85994312279405,8.24634166979717,94.5783694424041,2.44055483156615e-06,5.51783542086491e-05
"2705","XM_053617768.1","ndor1",1.6373324723791,5.68831583954413,42.8819707388225,7.21327087150428e-05,0.000493318246167771
"2730","XM_053617827.1","med22",1.65672257687635,5.10002547116742,26.862743360668,0.000442855207378972,0.00182177432538702
"2735","XM_053617837.1","LOC128603424",4.90859270825961,7.99479231074214,85.0933168761906,3.90606475078798e-06,7.20770903997649e-05
"2750","XM_053617881.1","si:dkey-111e8.4",4.79571151214607,4.21830549413373,171.650209791837,1.71728842271324e-07,1.10018783550362e-05
"2756","XM_053617905.1","crata",3.17298033585419,3.52469424665161,67.0833268680678,1.1201098882838e-05,0.000141327660729058
"2759","XM_053617911.1","LOC128603465",5.1963930789037,5.20013827658281,262.579889353543,2.27434566705197e-08,5.31286197132585e-06
"2761","XM_053617927.1","ccdc103",3.60646026280658,4.86465760162427,161.107905399556,2.16611521670531e-07,1.24786737110411e-05
"2763","XM_053617931.1","pigl",1.71036785343673,5.54008169096223,72.1749598025422,8.04642005411648e-06,0.000114459971736413
"2767","XM_053617939.1","si:dkey-283b1.7",2.50188600944308,5.57858850757857,46.5557723389231,5.15796205670639e-05,0.000393080706462199
"2775","XM_053617954.1","LOC128603485",3.04702056729967,1.19232845582975,22.6927881407509,0.000717436285078645,0.0026395133142848
"2777","XM_053617959.1","LOC128603485",2.3022244731426,3.20807203986399,42.4929746910933,7.52111884942387e-05,0.000506034380442534
"2778","XM_053617962.1","LOC128603485",2.94693262199731,5.02198510836607,68.392954045693,1.01734402506808e-05,0.000131855605106502
"2785","XM_053617977.1","ncs1a",2.37169504153419,5.07598248636954,64.795167057699,1.28367111281372e-05,0.000154613600998724
"2786","XM_053617978.1","ncs1a",3.16774441855802,5.48221468218177,126.638971274347,6.53241663736815e-07,2.34471752828638e-05
"2789","XM_053617981.1","alkbh4",1.9563190304351,3.51894933922779,42.4519608304015,7.5293502422883e-05,0.000506167449012305
"2811","XM_053618034.1","atp6v1g1",2.50975785501111,6.81334660641876,192.49884606729,9.42221357667623e-08,8.88927452087021e-06
"2815","XM_053618041.1","LOC128603536",3.87051592638154,5.31104239838776,83.8404157480274,4.1796881347479e-06,7.55986497489375e-05
"2816","XM_053618042.1","gfm2",2.14712648376811,5.18603047617915,98.667387375331,2.02060943606405e-06,4.91874068436163e-05
"2818","XM_053618048.1","ssna1",2.71550279263859,5.01484201447227,160.334700809255,2.20802133592798e-07,1.24977095755252e-05
"2819","XM_053618050.1","LOC128603543",2.55579562499121,0.938731098447845,20.8936176164663,0.00100138417942283,0.00342063876271296
"2820","XM_053618051.1","LOC128603543",2.10284092764915,2.68822428353934,25.7769918841403,0.000518540447646932,0.00204730362483978
"2824","XM_053618058.1","fubp3",3.5320990664081,2.14232652010972,39.0886412898109,0.000102504230940003,0.00063140734035646
"2840","XM_053618099.1","zgc:55461",2.22129888165224,4.07848078073291,65.67081569092,1.21305860325699e-05,0.000148877882255679
"2841","XM_053618100.1","zgc:55461",2.24549065776679,3.40676701117275,49.6067943452428,3.98254901398297e-05,0.000332831716253775
"2851","XM_053618118.1","iqcd",3.07323680321952,5.29288790038852,166.573734486041,1.84998630908301e-07,1.15182993736291e-05
"2852","XM_053618120.1","tbx5b",1.64397215326613,3.10957248369075,15.3962477077719,0.00297989230774626,0.00814563209557424
"2854","XM_053618124.1","cfap73",1.90108400401615,5.17418693776512,49.739520793434,3.92514849896915e-05,0.000331113230445435
"2859","XM_053618134.1","zgc:153990",2.14987600537027,3.28083993222518,46.2581872754676,5.31476337052993e-05,0.000400466724519397
"2870","XM_053618175.1","cwc15",3.25286505692987,0.864257711611703,39.4131810159552,5.97185971073678e-05,0.000431380923683208
"2884","XM_053618215.1","LOC128603637",1.99877587498299,4.34995115474084,54.795834456334,2.62027807868049e-05,0.000251949540236148
"2891","XM_053618232.1","ywhag1",2.28651498273771,6.76218922245435,127.022689047988,6.43652892338022e-07,2.34145011711638e-05
"2894","XM_053618237.1","ift74",3.96777199240147,8.58297174044647,248.479171736594,2.84210327946708e-08,5.48545753464729e-06
"2896","XM_053618239.1","LOC128603652",2.3183056096322,4.26994629119651,78.0892956709056,5.71146871002767e-06,9.24839359730306e-05
"2902","XM_053618255.1","si:ch211-26b3.4",1.83032376324652,5.81890528052566,31.6546095809963,0.000238892437934469,0.00115611084761829
"2904","XM_053618259.1","rundc1",2.33159776814958,2.67637527066684,45.463639946664,5.76454844093271e-05,0.000421224316024606
"2907","XM_053618268.1","rundc1",7.3813898998444,0.883454655632377,40.93119808845,0.00023871117161295,0.00115584677126411
"2928","XM_053618317.1","ftr83",3.98344561509393,0.664478790085206,29.9344813264535,0.000107426562086844,0.000653030862584238
"2937","XM_053618336.1","fmnl1b",3.09703108753243,2.56606275024775,54.5608406618239,2.7702743998984e-05,0.00026103144345492
"2962","XM_053618402.1","slc25a46",4.49330808488356,4.73711340118296,212.551847525584,6.07134007808509e-08,7.28101150074063e-06
"2963","XM_053618403.1","slc25a46",2.86710813669115,4.07324673712122,113.591636708301,1.07524580919805e-06,3.25956538563634e-05
"2966","XM_053618406.1","tmem150ab",2.86511368001786,2.04844777769418,17.063189720025,0.00217330059925074,0.00630152070583395
"2967","XM_053618407.1","tmem150ab",3.39804730583357,0.527579375104223,23.8097735934235,0.000363059545251826,0.00157354964351715
"2976","XM_053618421.1","LOC128603760",3.01303068647925,1.01090694430496,17.8720525916243,0.00159671128929112,0.00491705698518376
"2977","XM_053618423.1","ruvbl2",3.40368034344984,7.16150956455051,157.689263557492,2.38183734825702e-07,1.3114688093056e-05
"2983","XM_053618442.1","hoatz",4.43896784590953,3.39193343435247,58.1839255788885,2.09865460085225e-05,0.000216802939876173
"3011","XM_053618554.1","hsf5",2.44732019253048,2.89047747454363,54.1105717657675,2.79551845109292e-05,0.000262171955332285
"3012","XM_053618559.1","supt4h1",2.66703673080954,4.45893758438403,113.217141216494,1.08873222924977e-06,3.28201067543673e-05
"3024","XM_053618590.1","LOC128603856",4.47345496031629,5.05633219796848,255.7916199635,2.51413319457194e-08,5.48545753464729e-06
"3030","XM_053618611.1","ccdc15",1.8870826095273,1.73142352286019,18.1971661035854,0.00176301883480715,0.00531803318207228
"3042","XM_053618636.1","usp2b",3.2336150155078,5.69370154891522,135.478410927865,4.79632761968263e-07,1.89836067255312e-05
"3044","XM_053618639.1","tbcelb",2.12708902292728,1.79404531280865,23.7517199282576,0.000707399409199211,0.00261208522721643
"3067","XM_053618722.1","spag8",5.01586389943317,3.4095742815763,92.6440667402111,2.4911274072632e-06,5.56994067248297e-05
"3080","XM_053618755.1","LOC128603985",5.4944987429469,8.06783879885526,182.698556367281,1.20308163649976e-07,9.27404072936098e-06
"3081","XM_053618756.1","LOC128603986",4.42551513917039,5.94533825729348,78.089903045362,5.71311687503278e-06,9.24839359730306e-05
"3082","XM_053618760.1","dnah6",3.16098226677666,1.91736853894237,32.4295413719553,0.000216702090700143,0.00107871262123429
"3083","XM_053618761.1","dnah6",3.89107378724121,1.9039444355845,54.9179699663919,2.0145808630881e-05,0.000210808241833679
"3102","XM_053618792.1","LOC128604021",2.14967554702187,3.35305250523487,41.1871415664392,8.51628751564714e-05,0.000553439029720176
"3104","XM_053618798.1","LOC128604027",2.20145855686813,2.68006424528614,33.7831045346552,0.000187636361668016,0.000970743823164538
"3105","XM_053618800.1","LOC128604029",4.65929517392242,5.09518301107077,214.691390461818,5.75033523434217e-08,7.1350436483712e-06
"3109","XM_053618814.1","LOC128604042",4.55807151266109,6.06934550305802,225.676581155281,4.48669706604351e-08,6.57565059922325e-06
"3125","XM_053618851.1","LOC128604072",6.087817165031,9.64401009354377,96.8059883694044,2.19976927149206e-06,5.17585246612113e-05
"3147","XM_053618933.1","LOC128604110",2.50798325575764,6.36842344432071,125.317917483522,6.84673586218506e-07,2.41470501387912e-05
"3149","XM_053618937.1","zgc:92594",3.608004425817,2.11854678076173,50.0973349537814,3.63109036713423e-05,0.000314828199200424
"3153","XM_053618952.1","ank2a",1.89903626503522,6.67383366828279,36.8629291962577,0.000132115198537389,0.000758128618902252
"3164","XM_053618986.1","gatb",2.86669628875125,2.37683395849376,46.900750136118,5.18019674945035e-05,0.000393325633114926
"3165","XM_053618987.1","gatb",1.86181916690445,1.10775741329113,16.2573447355514,0.00253107654336906,0.00711585048351135
"3169","XM_053618993.1","wdr19",2.16645914294729,7.53482786684941,111.770541316575,1.15139962337889e-06,3.38888310968316e-05
"3170","XM_053618994.1","primpol",2.05533623896644,6.51526013301515,77.1416972808231,6.015922874371e-06,9.57578756050321e-05
"3171","XM_053618995.1","chs1",2.53356595714229,2.34088480905678,14.453283576086,0.00366058179913801,0.00966559929468705
"3172","XM_053618998.1","mpc1",3.5852742176863,7.56095223413582,308.972852625215,1.01315499672082e-08,4.76668285650951e-06
"3173","XM_053619000.1","clec19a",2.68320989871824,3.22370719519597,31.98074087687,0.00023123219712678,0.00112866321437731
"3176","XM_053619007.1","pds5a",2.01213073605433,1.98856787578081,21.2999533650014,0.00103240839520737,0.00349353423010762
"3181","XM_053619017.1","ube2kb",2.3382319355617,3.80154725107164,48.035555693617,4.54339564331025e-05,0.000361240121188145
"3188","XM_053619036.1","LOC128604162",2.71942211673973,1.29903800206409,26.8493502090684,0.000424113536238663,0.00176673955857732
"3190","XM_053619040.1","LOC128604164",4.91112331355833,10.3782949469968,204.987563679278,7.02100644092035e-08,7.89278140733462e-06
"3208","XM_053619099.1","cfap97",3.72555017074158,7.95398066350643,183.276072290107,1.18476524438145e-07,9.18474456670145e-06
"3213","XM_053619121.1","si:dkey-16l2.17",1.72989768495233,4.58946451725906,32.4146662621479,0.000218160018926632,0.001083970038792
"3223","XM_053619169.1","ugt8",1.69733393804843,1.87791396005234,15.2018471834971,0.0031273558586933,0.00847858593879202
"3229","XM_053619181.1","si:dkey-16l2.16",2.38688203476303,1.39544616102484,22.4841746037717,0.000846378039211078,0.00298891092904645
"3231","XM_053619185.1","LOC128604234",3.16102191515284,2.31512369954612,53.0561242899398,3.10474508004116e-05,0.000282357378402845
"3232","XM_053619186.1","LOC128604234",3.22007296882036,3.86769171612261,103.883965805936,1.61877600637496e-06,4.18606165993577e-05
"3233","XM_053619187.1","LOC128604234",2.99739598164971,3.51797374704842,91.4870583054619,2.86709562917284e-06,6.06048591589359e-05
"3234","XM_053619192.1","LOC128604234",2.50728010066166,3.70734559423215,40.9759301637989,8.69093037784843e-05,0.000562080627073953
"3235","XM_053619193.1","LOC128604234",3.75371785400617,2.03533737278181,53.6889458989274,2.52336498346123e-05,0.000244453814196711
"3236","XM_053619195.1","LOC128604234",2.80195273197293,3.53754998089684,71.6171008699567,8.38813200205376e-06,0.000117224813627049
"3243","XM_053619228.1","slc34a2a",2.83616558464254,3.01270302817241,49.5850500021016,4.041656565598e-05,0.000335772730860174
"3246","XM_053619236.1","gtf2e2",2.81996750902666,6.78362847842544,169.067578853016,1.72453347725502e-07,1.10018783550362e-05
"3249","XM_053619255.1","LOC128604258",5.2722510520512,1.29808035888626,69.4085067954011,1.31979152130859e-06,3.6772435709025e-05
"3263","XM_053619296.1","LOC128604282",3.98429628576512,6.08639371479852,289.523330859784,1.38155856440487e-08,4.76668285650951e-06
"3270","XM_053619324.1","LOC128604295",2.79818588988418,1.01509018609695,15.9381747077764,0.00244428595176913,0.00691266614032822
"3276","XM_053619334.1","LOC128604302",2.30271125779501,2.3552853676002,23.1988883293809,0.000763222951080618,0.00276461247081966
"3277","XM_053619336.1","LOC128604302",2.23316991404452,4.04708918459048,68.8686116101721,9.8802900608061e-06,0.000129717871455255
"3283","XM_053619357.1","rtn4b",3.31305334137776,7.77330307663322,280.852261068097,1.59298695450388e-08,4.76668285650951e-06
"3285","XM_053619362.1","rtn4b",2.16024506435648,3.01527851413974,43.2878155712588,6.98289697834717e-05,0.000482248874938072
"3305","XM_053619442.1","LOC128604353",2.71743454437248,3.17848228848957,77.7476818058588,5.89474232184142e-06,9.44792957484841e-05
"3306","XM_053619443.1","LOC128604353",2.78934716093882,3.20035614373089,61.0936153316247,1.67215825221663e-05,0.000185844708341981
"3327","XM_053619536.1","LOC128604417",3.10300849349467,2.72565458941733,51.8593301851283,3.41106801121589e-05,0.000302235188645664
"3328","XM_053619537.1","LOC128604418",5.19842816260688,5.32626263604659,280.851509566958,1.64383209726676e-08,4.76668285650951e-06
"3333","XM_053619555.1","LOC128604430",1.60673877658371,2.16023803026079,14.2666001066927,0.00378868338096972,0.00994667638195553
"3346","XM_053619577.1","LOC128604446",4.72039365176984,2.32672022723566,54.2936683475348,1.68317681970522e-05,0.000186881113562333
"3347","XM_053619579.1","LOC128604447",4.68536461207489,2.87679458386918,142.061900378094,3.10695550515118e-07,1.50585017117926e-05
"3348","XM_053619581.1","LOC128604448",4.49297498334745,3.59373891275148,120.881024167621,8.55415320105458e-07,2.76396471095153e-05
"3352","XM_053619588.1","LOC128604454",5.77259334278569,6.1130156371618,221.885298436981,4.93656202897986e-08,6.65942217709383e-06
"3362","XM_053619620.1","klhl2",2.41473312346886,2.60565223631839,38.0345174047331,0.000118544833436783,0.00069909062428949
"3366","XM_053619630.1","pgm2",3.05370281543482,8.82442425143321,203.099664006061,7.33186348356375e-08,7.98426590408052e-06
"3368","XM_053619634.1","klf3",2.07289145733408,2.92183934780717,22.9441018748467,0.000786257307272325,0.00282842962002764
"3376","XM_053619655.1","LOC128604485",2.9372707471313,5.4174362459203,92.559058759839,2.6894687502998e-06,5.80176527256322e-05
"3383","XM_053619673.1","LOC128604502",1.86768201184379,6.80856267232017,62.7309646706693,1.47422385585118e-05,0.000170950829359018
"3384","XM_053619674.1","grhprb",3.65479805301978,6.18008231230713,175.38770034154,1.45518190212041e-07,1.00212869822866e-05
"3392","XM_053619687.1","epdl1",1.75684353064652,3.14241290563465,16.6705624496993,0.00231419509761511,0.00661017216238545
"3406","XM_053619727.1","LOC128604532",3.80477021023986,7.19814525474942,222.514001371353,4.78020147569972e-08,6.57565059922325e-06
"3411","XM_053619744.1","LOC128604611",1.76165343357949,4.36866510519147,23.5458878331063,0.000714658709241066,0.00263168680281947
"3413","XM_053619746.1","LOC128604613",1.95733199042121,3.93232399055773,16.8415565780569,0.00223741632095916,0.00643555355431536
"3423","XM_053619769.1","LOC128604645",2.16119404939279,4.48865206599318,35.2096153770619,0.000158315965992983,0.000858909060485989
"3424","XM_053619775.1","LOC128604649",1.99613928073416,6.11230006507193,68.6678368147695,9.98793313918146e-06,0.000130601503761769
"3425","XM_053619776.1","LOC128604650",2.75757139530738,4.95675652922641,74.5245265278524,7.0037192784929e-06,0.000105075261983543
"3428","XM_053619784.1","LOC128604671",2.38833705779977,3.38943955537013,39.2936657095992,0.000102926135589395,0.000633042660684321
"3432","XM_053619791.1","LOC128604682",5.38554048534518,6.10233952900407,113.913843718964,1.06445321457932e-06,3.25472881492636e-05
"3434","XM_053619803.1","LOC128604701",1.65730784816179,4.68852050932769,14.8455226930268,0.00333501981228443,0.00893829482140072
"3443","XM_053619840.1","LOC128604715",1.61615729246745,6.54132814278414,31.6591442714484,0.00023875025928288,0.00115584677126411
"3444","XM_053619841.1","LOC128604716",2.40078405679616,4.81233283274648,30.2983362185592,0.000282385184774504,0.00130756618167325
"3445","XM_053619842.1","LOC128604718",2.59843602832271,2.62649047962325,39.3670423108481,0.000103748620624682,0.000636167678284979
"3448","XM_053619845.1","LOC128604721",1.67913399040756,7.35066458696603,18.4385619481996,0.00166098818462107,0.00507609528651045
"3450","XM_053619847.1","LOC128604723",2.82957091884089,5.00123170722108,25.9946364738894,0.00049983677183282,0.00199343623119726
"3465","XM_053619888.1","LOC128604795",2.86754309955795,3.82056777848504,58.0812213338214,2.0566669088606e-05,0.000213829954532019
"3475","XM_053619915.1","LOC128604853",5.87635896063451,7.53655642779562,150.13162599516,2.99449023594476e-07,1.47926735325404e-05
"3477","XM_053619917.1","LOC128604855",2.17233433351613,2.09613037598731,23.5544734976523,0.000725432174432775,0.0026604657996642
"3478","XM_053619918.1","LOC128604857",5.71504598225076,8.90884464079778,149.360457123332,3.06073550176411e-07,1.49689384599871e-05
"3490","XM_053620011.1","LOC128604899",5.55893739091321,6.69747648591817,175.402079257686,1.46029316333223e-07,1.00212869822866e-05
"3491","XM_053620012.1","LOC128604900",5.44502337544659,8.38386520426386,99.5498457274273,1.94118953957049e-06,4.7756802836728e-05
"3500","XM_053620042.1","LOC128604919",4.17749799022064,1.82291947723725,83.1200961665162,2.29590524660656e-06,5.33229757992352e-05
"3506","XM_053620062.1","LOC128604957",3.06822408811332,4.37875146424388,103.290630931187,1.6500882863695e-06,4.23322174005539e-05
"3520","XM_053620096.1","LOC128604973",3.60382601941313,2.01137120876907,53.0902899435995,2.75577931660717e-05,0.00026027161947046
"3521","XM_053620097.1","LOC128604976",1.82787500123515,4.14957076785119,21.2169682584948,0.00103120927163867,0.00349230453750769
"3540","XM_053620130.1","LOC128605023",3.50674875380319,3.83827637710182,80.6370342200056,5.02573743362908e-06,8.51724313757461e-05
"3544","XM_053620147.1","LOC128605037",1.97460094561278,2.49598927470812,22.8119773654763,0.000805153914515074,0.00287913222181798
"3561","XM_053620181.1","mycla",5.35557598019547,1.83073325123141,64.7467692186778,2.07823435825299e-06,4.99887931521538e-05
"3567","XM_053620204.1","mnat1",2.50502329616767,6.24017110780092,85.9916078272574,3.72813269491978e-06,7.02115809415133e-05
"3568","XM_053620205.1","pcnx4",1.82497304945951,6.13022655421375,56.0414092265944,2.38141645331123e-05,0.000235986484471846
"3581","XM_053620227.1","kcns3a",2.36296514066241,5.18436477787319,42.321100780713,7.61049919915209e-05,0.000509717670814539
"3588","XM_053620247.1","arg2",2.34247581722745,3.1561969438397,39.2505495191316,0.000103538701665447,0.000635361828112304
"3589","XM_053620248.1","arg2",2.34447563481535,3.80506362675095,25.2684201387303,0.000554744137785933,0.00215766412841871
"3600","XM_053620271.1","tmem39b",2.95686903004893,2.82741900152171,36.989956380025,0.000133068078689541,0.000762515418699569
"3602","XM_053620274.1","dcdc2b",2.02856004489382,6.77673143628023,61.2914856387529,1.62810859160095e-05,0.000183408642177009
"3630","XM_053620378.1","LOC128605181",2.53114758906917,4.20876104725978,49.6792212601575,3.95023886597069e-05,0.000331500605299811
"3649","XM_053620430.1","LOC128605216",5.57585821912328,6.59611886638017,225.073849685395,4.55658285925608e-08,6.57565059922325e-06
"3659","XM_053620471.1","psap",2.070550903347,8.59477696774556,118.771937009189,8.7399774763484e-07,2.81277843711984e-05
"3678","XM_053620521.1","dnaaf10",3.6541285182639,5.82034456765759,308.418856940217,1.02342209187295e-08,4.76668285650951e-06
"3680","XM_053620523.1","cnrip1b",3.0354281993999,4.48315924371577,78.9490321771695,5.44861707681576e-06,8.94932247751572e-05
"3683","XM_053620527.1","psmb1",1.60471038886177,5.63877016827694,40.5881254075808,9.00511107357863e-05,0.000574286472596384
"3686","XM_053620532.1","si:ch73-52p7.1",3.82206878344685,1.6867864174756,34.762560661899,0.000128989322943922,0.000744413247706312
"3699","XM_053620576.1","LOC128605302",5.38830718393608,7.72473355938488,292.336706589052,1.31888466946259e-08,4.76668285650951e-06
"3704","XM_053620585.1","gpr158a",1.73582591949834,4.17595682577732,26.343938129784,0.000475976388515125,0.00192003632626036
"3708","XM_053620608.1","slc29a1a",1.779178181684,7.35431614660743,51.4092535585864,3.42003703269579e-05,0.000302698520969269
"3724","XM_053620658.1","kcnk12",4.31704919274094,2.95285927112692,64.3973704132508,1.30747922667189e-05,0.000156718189389056
"3739","XM_053620723.1","LOC128605360",2.39480439050539,2.63367062541149,51.2449961473822,3.52863313436759e-05,0.000308764936103474
"3748","XM_053620737.1","cobl",2.40094283843719,2.44589321929513,44.2188554537791,6.50610218946107e-05,0.000459514756732093
"3757","XM_053620783.1","lrrc73",1.9119253471415,4.27360653407198,62.559871288753,1.49305020052957e-05,0.000172639261758376
"3773","XM_053620823.1","LOC128605416",4.90356472684044,3.19373085346407,47.607109131703,4.35161122719617e-05,0.000351867545184074
"3776","XM_053620829.1","six2a",2.15314153895815,3.38864286410668,26.0104248319441,0.000499530675782987,0.00199319757938748
"3780","XM_053620835.1","ppm1ba",1.63643474624264,4.81742198967949,33.7922665797546,0.000185737352174275,0.000964000082397296
"3782","XM_053620865.1","sdccag8",3.27775552503559,4.66928446568444,120.364440060629,8.25504756690481e-07,2.72067231006463e-05
"3783","XM_053620866.1","sdccag8",2.98391893906651,5.32203584500378,137.829174002484,4.43321936314114e-07,1.85143899962841e-05
"3784","XM_053620868.1","LOC128605436",4.05889443244584,5.12443807120665,186.169360671502,1.10781423125739e-07,9.05722059373465e-06
"3811","XM_053620942.1","nsd2",2.15204733074239,1.31928266357889,19.5183630213657,0.00138726027503126,0.00440678362091955
"3815","XM_053620959.1","atrn",1.91462307825999,3.00261412594906,21.3567777471202,0.00100996750945325,0.00344052063195059
"3816","XM_053620960.1","atrn",1.6903571181218,4.87912233548354,61.1748776563766,1.64200779069857e-05,0.000184205281467973
"3819","XM_053620970.1","noto",5.74756400725806,5.79487848207449,227.600598659795,4.43897940593633e-08,6.57565059922325e-06
"3830","XM_053621016.1","LOC128605517",5.45686111980102,8.98794615947014,227.05534697977,4.34673062378928e-08,6.57565059922325e-06
"3833","XM_053621026.1","LOC128605523",2.0814492348478,1.25172544853291,18.9966803810457,0.00151920133164828,0.00473226078970147
"3834","XM_053621028.1","si:ch211-198a12.6",2.09266018000158,3.64602494954256,65.8485353938888,1.20023341123095e-05,0.000147612260540861
"3835","XM_053621029.1","si:ch211-198a12.6",4.60717346391853,2.20594343757468,66.0898840722944,6.75735526933495e-06,0.000102327471562202
"3836","XM_053621030.1","si:ch211-198a12.6",2.34917179762529,5.36145151121191,95.0393263704754,2.38935996439687e-06,5.44863051900661e-05
"3837","XM_053621031.1","si:ch211-198a12.6",4.86912677755647,3.79426808790514,129.501172949451,6.19348189998411e-07,2.2983571722293e-05
"3839","XM_053621040.1","zgc:110319",2.70980670100719,2.99012063041326,58.318928084355,2.04474460703389e-05,0.000213137963288246
"3840","XM_053621041.1","zgc:110319",2.79382449203258,1.11330058780821,27.2652170865828,0.000376836648374446,0.00161424494942724
"3849","XM_053621083.1","LOC128605538",5.60583528111121,9.17214296486318,142.386436332463,3.81442567662112e-07,1.6779326862267e-05
"3851","XM_053621085.1","ifit8",2.94811601918033,5.59423451803643,21.4611206716722,0.000990729957289867,0.00339427228541976
"3860","XM_053621143.1","bag5",2.6465304034944,1.81765322683132,36.9165616749097,0.000134692975436357,0.000768291009994274
"3875","XM_053621205.1","dhx57",3.13734326853934,6.10331187269503,170.892293199717,1.64133925370307e-07,1.08893441962891e-05
"3880","XM_053621214.1","prpf3",1.83767687441233,1.95228737876594,19.0824913812005,0.00149930201859867,0.00468388619571705
"3882","XM_053621218.1","morn4",1.8222117458914,3.69841131765705,43.6872793325479,6.69815874642918e-05,0.000468141560050851
"3910","XM_053621290.1","ppifa",2.00340192440366,5.24691875759052,81.948453671,4.61371871038468e-06,8.05934304928819e-05
"3925","XM_053621328.1","c3h10orf53",2.17428175729692,2.38428747248313,30.9864040736907,0.000262840324454421,0.00123989333370974
"3951","XM_053621407.1","eef1a1a",5.14156534561125,4.87734464633563,134.22949356359,5.21770586950416e-07,2.03038996671955e-05
"3952","XM_053621408.1","eef1a1a",4.79168074231527,2.17585420084694,48.9169892321184,2.25017722811119e-05,0.000226635802925466
"3953","XM_053621409.1","eef1a1a",5.30609217302348,3.2026606615798,113.699276965557,7.22290536160797e-07,2.47197446075496e-05
"3980","XM_053621471.1","LOC128605757",2.95160683339622,3.66641251381968,48.345309051641,4.44152526697611e-05,0.000356290441138797
"4009","XM_053621574.1","spef1",6.04264622035867,5.1994099909039,280.754066408071,1.74028863998839e-08,4.7748800854461e-06
"4010","XM_053621575.1","spef1",4.73376679568887,3.67679277041663,193.051901607025,9.87859109798168e-08,8.91435783832918e-06
"4011","XM_053621576.1","spef1",4.27158854573034,0.479881967720687,37.6629270324631,3.41345860054615e-05,0.00030228155265668
"4017","XM_053621584.1","echs1",2.28081010616091,6.87031784088123,115.140116790644,1.00651111991811e-06,3.12367252773442e-05
"4022","XM_053621599.1","acta1b",1.95917141361441,3.15874568719332,15.523056659109,0.00290501433268741,0.00798545967355133
"4026","XM_053621615.1","LOC128605837",2.53004320229646,4.97164291537284,115.567924290801,9.90691148448207e-07,3.08409775213069e-05
"4037","XM_053621662.1","LOC128605856",1.98593959209835,1.26940963198635,18.8145214328034,0.00157469782416827,0.00486102371808467
"4040","XM_053621668.1","LOC128605860",2.70882731858075,3.08784138945448,36.5245238749036,0.000138367825204857,0.000783455178179862
"4046","XM_053621697.1","cpeb3",3.9839150093432,2.23222475949323,55.9590400973222,2.10668562968487e-05,0.000217078465775548
"4063","XM_053621770.1","usp54a",1.80519718235553,3.68953799898387,23.6588405982696,0.000702947859507657,0.00259624000677845
"4064","XM_053621773.1","LOC128605911",3.90256879793456,6.40824194237035,348.749639780467,5.69991839447913e-09,3.69081115879312e-06
"4065","XM_053621774.1","LOC128605912",2.91308994421988,1.80993802099126,42.6699483250152,7.41854724968406e-05,0.000501425648759439
"4066","XM_053621776.1","LOC128605913",4.82680045444255,0.922345322301916,42.2534427318026,1.89624204198116e-05,0.000203198032843694
"4078","XM_053621813.1","kifbp",2.32148193715141,6.30172894866633,145.759291067886,3.42449582413042e-07,1.60336677566923e-05
"4089","XM_053621844.1","LOC128605949",5.34814924147065,10.0162939233695,203.013079158683,7.34758151075455e-08,7.98426590408052e-06
"4094","XM_053621873.1","vwa11",2.602247787186,1.99653811428708,33.2614051229797,0.000203051715594993,0.00102750906615702
"4112","XM_053621910.1","cabp2a",3.81294169177171,3.19429804678373,44.2401614327683,6.5677181587682e-05,0.000462034604379867
"4113","XM_053621911.1","med19b",3.58480196993647,1.47904599099176,29.2371792127109,0.000258255987738119,0.00122455505053103
"4118","XM_053621920.1","LOC128605990",5.89371431781844,6.32198635826363,179.057307727226,1.3403487235196e-07,9.83419827359691e-06
"4128","XM_053621941.1","tesk1a",2.8901686044902,3.70158300425243,71.1843597432874,8.60149972085858e-06,0.000118806380103463
"4139","XM_053621972.1","LOC128606023",1.83096946136633,5.8140520086427,57.952625220376,2.06652806841182e-05,0.00021471730662035
"4149","XM_053622021.1","ucp1",3.45568689938655,3.29781958909281,61.6804319263131,1.62979095143525e-05,0.000183418585496725
"4150","XM_053622027.1","elmod2",2.66631777170351,4.29045042571685,59.9858653918659,1.78809729531184e-05,0.000194527681562555
"4152","XM_053622031.1","tbc1d9",4.01131724350285,1.85545237272129,41.8588175543768,5.93901449760834e-05,0.000430160029920733
"4158","XM_053622045.1","smarca5",1.72471650703448,7.31946805480542,78.6135355713483,5.53662269516352e-06,9.0532169888189e-05
"4159","XM_053622049.1","LOC128606061",4.6210213580041,5.16443851867917,226.350522046344,4.47365612979892e-08,6.57565059922325e-06
"4200","XM_053622140.1","gpm6ab",2.07472270724886,1.4059734877362,14.9990194162012,0.00327058666882763,0.00879911201512077
"4201","XM_053622144.1","gpm6ab",3.19269085007497,3.24342473614165,78.4027073175469,5.74550229842991e-06,9.28225461147538e-05
"4204","XM_053622149.1","LOC128606119",2.8899432809283,4.76787754080087,26.4115770586106,0.000471609693493988,0.00190669773183833
"4215","XM_053622175.1","ccdc149b",1.70267921560581,4.83845379100323,34.2414544884432,0.00017644898311267,0.000927388356697369
"4223","XM_053622195.1","spag5",1.89984903439716,6.89912903163733,107.560749070812,1.36971924862208e-06,3.78361599272707e-05
"4239","XM_053622243.1","cdkn2a/b",1.64064664327045,5.78906147195051,48.9034144733676,4.20986120620041e-05,0.000344710334880993
"4241","XM_053622246.1","prelid3a",1.72166352717176,2.20072793249531,15.1580234615188,0.00314379616225362,0.00851317702819699
"4242","XM_053622248.1","LOC128606214",5.23442799027057,6.11792330686715,175.59645029994,1.45612967971268e-07,1.00212869822866e-05
"4245","XM_053622263.1","prelid3a",3.79873134227693,2.95293048832541,76.3376102794171,6.59538205512378e-06,0.000101232115156186
"4254","XM_053622278.1","si:dkey-261j15.2",3.70397903468269,1.22806852929402,36.8556721466107,7.98297190242596e-05,0.000528109314084476
"4279","XM_053622346.1","LOC128606311",2.00134587850801,3.53078121080844,31.4724784557413,0.00024463571692947,0.00117651900940412
"4282","XM_053622370.1","LOC128606334",2.63642288293069,1.01059915404173,28.6389005841454,0.000313637150166843,0.00141425019133729
"4287","XM_053622387.1","LOC128606345",1.98461068481777,1.66923968730794,16.7918791082837,0.00229338529899206,0.00656388281826085
"4300","XM_053622432.1","cfap161",5.85516496709254,6.92477532820755,188.015311514994,1.05729966948308e-07,8.91435783832918e-06
"4316","XM_053622481.1","iqcg",5.06035168543148,5.60928729620206,286.914572634762,1.46154017395343e-08,4.76668285650951e-06
"4324","XM_053622511.1","LOC128606388",4.92779667638347,0.360156111188945,33.1802240738385,0.000143213208122816,0.00080158145547051
"4332","XM_053622525.1","LOC128606416",5.17649124925557,6.10274927716827,219.361571293455,5.14689145198952e-08,6.72990864135966e-06
"4333","XM_053622531.1","LOC128606421",4.63422699037086,5.88764926689046,270.114059087912,1.92531925546869e-08,4.94715366786146e-06
"4337","XM_053622545.1","pdcd5",3.44151262093507,1.36807970351366,31.0300833242733,0.000204495222007891,0.00103319870594998
"4373","XM_053622629.1","mob2b",2.41704461997088,0.728286751032353,21.4942060381286,0.000877675380792504,0.00308186098965175
"4380","XM_053622650.1","prss1",2.37065452025736,3.04880716487025,32.3321602826931,0.000221527300300995,0.00109465321650565
"4383","XM_053622660.1","bckdha",3.40919453905478,7.59612057679692,254.250900158254,2.55025809785761e-08,5.48545753464729e-06
"4394","XM_053622690.1","cngb1a",4.95139529755433,6.14098454867814,199.11912442074,8.08255004506107e-08,8.3937269379921e-06
"4395","XM_053622694.1","cep126",3.22556107226262,0.845316161003124,26.1591407366508,0.000334613852906022,0.00148200521226886
"4404","XM_053622718.1","arfgap2",2.54497064763666,1.34514410334961,30.1390361821668,0.000284007388350851,0.00131209885979517
"4405","XM_053622726.1","qpctla",1.96741367672542,2.54826165511539,37.5192675891759,0.000124392147551102,0.000723817427950119
"4406","XM_053622727.1","qpctla",1.91521361746007,1.46505819888086,21.9765286522178,0.00093120048051845,0.00322927878719637
"4410","XM_053622738.1","pcyt1ab",1.94838803641297,6.23883986964966,74.7194464506376,6.91733243388768e-06,0.000104262362606866
"4411","XM_053622745.1","dcun1d5",3.10383253856847,5.66306890495524,82.7547194358601,4.41937629274068e-06,7.8443929196147e-05
"4465","XM_053622920.1","si:dkey-79d12.5",2.61275921372617,3.36583534407269,80.1823958893089,5.12084759397974e-06,8.57380278672005e-05
"4469","XM_053622944.1","lrriq1",5.5451020047465,2.87455562909704,63.5778928355677,6.5622511191296e-06,0.00010107490115744
"4474","XM_053622963.1","swap70b",2.32548502977017,7.3087308458401,86.2697933397006,3.67457832372193e-06,6.96810835943875e-05
"4475","XM_053622964.1","swap70b",2.35689027949859,3.97683557686119,71.0399540270306,8.63967472080873e-06,0.000119231930418117
"4476","XM_053622965.1","LOC128606649",2.47905661269048,2.99558530334669,45.162447734679,5.89756546451057e-05,0.000427732032883052
"4478","XM_053622967.1","LOC128606651",3.49346186703736,3.73204821554631,32.9779405832324,0.00020605008332824,0.00103749261241603
"4498","XM_053623011.1","si:ch211-212o1.2",2.39371773930718,4.41154341051845,55.8047418923594,2.42709075504046e-05,0.0002383305679489
"4538","XM_053623098.1","cftr",1.81401621724852,6.33090158698062,61.0581463963488,1.6548528371241e-05,0.000185000085084872
"4548","XM_053623131.1","got2a",2.98880525240773,1.7093136301859,46.4579495566689,5.10195225160007e-05,0.000391609307960654
"4549","XM_053623132.1","calb2a",1.69111640639067,4.64151678635041,55.5457446172255,2.47339639931011e-05,0.000240621039134808
"4551","XM_053623134.1","LOC128606753",5.50331783495621,10.4548300237447,298.067872392894,1.20135878056982e-08,4.76668285650951e-06
"4552","XM_053623140.1","LOC128606755",4.95232333648147,2.86064239268001,86.4088740620694,2.59675634619141e-06,5.7094217087663e-05
"4553","XM_053623145.1","LOC128606755",6.90506374166927,3.30354932507055,92.0941084879335,2.85820293686118e-07,1.44231420294368e-05
"4554","XM_053623150.1","LOC128606758",3.51464097103091,8.93661914333657,133.454507108371,5.13411209500787e-07,2.00267485768644e-05
"4570","XM_053623179.1","nudt21",1.87363180170864,4.79213908811735,41.1184408802177,8.54950889042482e-05,0.00055455685544107
"4617","XM_053623368.1","dner",4.13367703968997,4.59468923814716,48.3103794375881,4.46213834071648e-05,0.000357235882589112
"4619","XM_053623374.1","daw1",5.13152536395017,6.24769593538049,288.260994638994,1.41649757314044e-08,4.76668285650951e-06
"4626","XM_053623382.1","sertad3",2.01078191044521,4.35337613579153,33.2390938964781,0.000198071442338646,0.0010111575239918
"4633","XM_053623413.1","LOC128606887",4.2363929548544,4.07348585051003,119.053411615415,8.97537716452527e-07,2.86574764377387e-05
"4635","XM_053623416.1","pdcd10a",1.64649776326774,2.4292169128665,19.4422182563952,0.00139671693973223,0.00442726724503337
"4664","XM_053623510.1","lepa",2.50321117194264,1.01890181078506,25.6992156557989,0.000487289972543779,0.00195398812869425
"4676","XM_053623538.1","rabl2",4.24741691765274,2.8874144886708,65.9230781189712,1.18191444139844e-05,0.000146077056173579
"4677","XM_053623540.1","odf3b",7.19239311164646,0.724405294285011,46.7427568403466,0.000153425960737988,0.000841918458449676
"4684","XM_053623552.1","cfap45",6.18730619244964,2.61386780554198,92.7831758063882,2.74587994179765e-07,1.42013752389202e-05
"4696","XM_053623584.1","LOC128606992",2.35513335343272,3.20296677050696,17.6357149427259,0.00192933390738175,0.0057222530767123
"4699","XM_053623591.1","LOC128606996",2.37155833637345,2.04118748004043,30.5863973507611,0.000279197802322842,0.0012965157842806
"4707","XM_053623608.1","LOC128607006",7.12847511253875,0.670412448034199,55.7588609461817,8.41025502710732e-05,0.000548972614430698
"4748","XM_053623711.1","LOC128607083",6.18826589542478,4.18667720162948,178.598550319216,9.41308638556956e-08,8.88927452087021e-06
"4755","XM_053623748.1","atosa",6.50999743900095,2.43370840356719,91.3812558948392,2.74332341367955e-07,1.42013752389202e-05
"4762","XM_053623780.1","gnb5b",3.10165161478406,1.57627473555036,18.35826268061,0.00162738564853489,0.00499225296162267
"4763","XM_053623781.1","bcl2l10",6.05959800173144,4.87533248024498,305.877770823402,1.12662191879944e-08,4.76668285650951e-06
"4764","XM_053623784.1","bcl2l10",5.24789083992757,6.43484925601544,266.957179969048,2.03598630073735e-08,5.08464918043694e-06
"4765","XM_053623785.1","bcl2l10",5.1562747009529,4.3908180890819,126.788355774957,6.90607375460877e-07,2.42506555183529e-05
"4785","XM_053623832.1","enkur",6.08435620331273,7.99891194926645,121.493258738421,7.89572687653918e-07,2.64082699746728e-05
"4793","XM_053623863.1","si:dkey-30c15.17",2.58752016382863,4.6961532573312,86.8867739783164,3.5650181698155e-06,6.81732440938253e-05
"4795","XM_053623866.1","LOC128607176",2.10684089037358,2.50047000454276,23.6583576150496,0.000708340416601329,0.00261468321703494
"4823","XM_053623940.1","LOC128607267",2.4810382536899,2.65260384872199,24.6915389858608,0.000608970007854172,0.00231953093815137
"4838","XM_053623994.1","pla2g1b",3.34026318892406,4.56861540565838,16.9152492653424,0.0022070899987591,0.00637208979230335
"4847","XM_053624042.1","elmod3",1.63721525257791,3.72748591061717,24.9411951446946,0.000581286006279935,0.00223618295381644
"4850","XM_053624048.1","ccdc157",5.57677532020738,5.44194836797906,304.07542051599,1.14769018737861e-08,4.76668285650951e-06
"4852","XM_053624051.1","LOC128607317",1.77708585159262,2.45410560204293,16.7442782529642,0.00228866252862083,0.0065573219492591
"4861","XM_053624070.1","glt1d1",4.6416695756219,1.53878554719246,78.5140602012014,1.14477104040945e-06,3.37551067434393e-05
"4862","XM_053624074.1","glt1d1",3.77437309193394,4.28299591352286,97.1874537881175,2.18595215464636e-06,5.15833724189727e-05
"4866","XM_053624087.1","LOC128607341",5.84292794558907,7.54878341045998,123.546173498156,7.31874632345962e-07,2.49949083299925e-05
"4876","XM_053624124.1","LOC128607359",3.78604588221797,5.10716993272068,174.91222862444,1.47861716488536e-07,1.00995167363562e-05
"4877","XM_053624132.1","prnpa",3.5442437078623,2.58025299005975,56.458886522103,2.38410454593516e-05,0.000235986484471846
"4880","XM_053624136.1","LOC128607365",6.26716056599655,10.864311497139,97.54435553774,2.12590544770476e-06,5.07583442292695e-05
"4885","XM_053624147.1","adgrd2",1.73077260355848,5.9716869361703,20.0616510660373,0.00124981898262355,0.00404965366107087
"4886","XM_053624148.1","LOC128607376",2.68433530884241,5.988461782403,144.573534493553,3.55645687743339e-07,1.64929096041311e-05
"4897","XM_053624170.1","stx2b",1.67330175149403,1.47620148888998,14.9384382261861,0.0033183391485665,0.00890686024490044
"4903","XM_053624198.1","ncor2",2.46037420719042,2.17477715587916,14.7800370725372,0.00342224325987907,0.00912673375468245
"4905","XM_053624205.1","ccdc92",2.42456102171857,7.35411910347737,165.332556358751,1.91264789562373e-07,1.17280091418019e-05
"4907","XM_053624218.1","ogdha",5.64453882407822,4.69197976545072,178.772330513295,1.4259482841968e-07,9.99274927470903e-06
"4909","XM_053624223.1","ogdha",3.00435393021269,4.52039231089989,88.0003076643521,3.37338853323227e-06,6.59521903091353e-05
"4910","XM_053624230.1","ogdha",3.66135141684329,6.05022477620986,115.053625128522,1.01073568029723e-06,3.1284491764152e-05
"4911","XM_053624231.1","ogdha",2.45683957959323,0.74742100316726,19.3727053138122,0.00126495580120936,0.00408724640917707
"4912","XM_053624232.1","ogdha",3.37691832270366,3.01722235126029,73.3960226748426,7.78190523985467e-06,0.000111976428464682
"4923","XM_053624254.1","bcl2l16",1.90766493558156,0.894899002769942,17.7194465580059,0.00188564716447459,0.00561428293149065
"4925","XM_053624261.1","LOC128607421",4.58003053813456,1.16017882844177,30.6081553657037,9.66705528348251e-05,0.00060374340636194
"4926","XM_053624262.1","LOC128607420",3.7247389602208,4.67891629492894,133.850395604208,5.09761818051164e-07,1.9932425871044e-05
"4935","XM_053624294.1","acsl2",1.68820933867734,4.70947218621053,43.933140965965,6.53917760684801e-05,0.000460845481496106
"4936","XM_053624295.1","bin3",2.11290726331314,5.96298324496501,125.518423362763,6.79725343140698e-07,2.41402943329081e-05
"4954","XM_053624334.1","iqsec2b",2.48575846163082,2.17496517838485,41.3171076666982,8.64012682399477e-05,0.000559241795389154
"4955","XM_053624335.1","iqsec2b",3.04477305362957,4.54561454479048,128.006847809852,6.23288113793344e-07,2.2983571722293e-05
"4957","XM_053624341.1","timm17b",2.20113033191985,5.28047369584991,94.2878234459671,2.47566745087257e-06,5.55840564420598e-05
"4967","XM_053624367.1","qng1",1.60453488751759,1.81502056986348,16.2400414903163,0.00254000001741924,0.00713598061124307
"4968","XM_053624372.1","adamts13",1.94790160847327,4.3198768276166,23.3715617697751,0.000733914083278039,0.00268388933007185
"4980","XM_053624401.1","LOC128607499",2.3797795885032,1.39272209041641,20.1921597778883,0.00122910320406995,0.00399372193245369
"4986","XM_053624416.1","LOC128607509",2.68966189473869,3.87395111504665,66.5097781405552,1.15078688948754e-05,0.000144186827918145
"4990","XM_053624420.1","rfk",2.46315036926221,6.79275350527587,90.3335438929187,2.99542843383065e-06,6.23264723481369e-05
"4994","XM_053624441.1","LOC128607527",5.38091438293924,8.14505627741034,317.041818544206,8.96861367612401e-09,4.76668285650951e-06
"4996","XM_053624449.1","LOC128607532",2.28256074634926,1.39128831816638,25.6431356264459,0.000531665204011021,0.00208745969501102
"4998","XM_053624465.1","otoa",2.22724009283937,6.58835380228163,62.3605663135043,1.51209718739689e-05,0.000174343513316103
"5007","XM_053624504.1","mfn2",1.84283277499858,2.45152242216614,16.4612779286118,0.00241830847241945,0.00685116862994856
"5015","XM_053624526.1","LOC128607565",4.37815302629696,2.33166961451081,77.2351601628471,4.36164572561729e-06,7.75893637431787e-05
"5040","XM_053624588.1","gnl1",2.32541666687475,8.13921147592035,148.931504777358,3.10039068415081e-07,1.50585017117926e-05
"5041","XM_053624591.1","ift122",2.98033387770214,2.40870020504635,49.5911401673229,4.12220522081492e-05,0.000339594188878127
"5042","XM_053624595.1","ift122",3.39127348092438,2.97781708898973,79.5904948173912,5.47846238794635e-06,8.97975413634646e-05
"5048","XM_053624624.1","mib2",2.06631246356062,2.63521158999353,31.5219403852541,0.000244710873432178,0.00117653092340959
"5063","XM_053624727.1","selenok",2.19899311182739,5.1004754771859,124.970573208013,6.93755885782412e-07,2.42972959119591e-05
"5074","XM_053624756.1","actr5",3.88687662610991,5.49963626926539,186.998996323477,1.08170334670909e-07,9.02608957552925e-06
"5091","XM_053624810.1","dynll1",2.98495014071491,2.99881642815994,73.0264063913637,7.85012557263649e-06,0.00011275761558992
"5092","XM_053624811.1","dynll1",6.1241645089363,3.64919131839979,198.465478660742,3.08351018457832e-08,5.51634745151216e-06
"5154","XM_053624986.1","znf526",1.72151781885292,4.22892960283161,29.9744945443385,0.00029413852072832,0.00134729605812015
"5168","XM_053625008.1","LOC128607818",2.25572278816928,6.20818350295358,136.453592965481,4.63769043647026e-07,1.87219283754565e-05
"5169","XM_053625012.1","LOC128607819",3.55690747457354,2.71864683286497,71.0992072125642,8.97465323568506e-06,0.000122497206221981
"5173","XM_053625018.1","LOC128607824",2.6855661024945,2.51182108380533,41.2708436661022,8.63596696358129e-05,0.000559241795389154
"5194","XM_053625066.1","rassf11",3.41374420620539,0.780002803182482,36.4165624443815,7.01531604532508e-05,0.000483045240926084
"5197","XM_053625071.1","pdzd4",2.07822080497852,3.65914111666402,25.2515350833037,0.00055605432577313,0.00215970212065437
"5209","XM_053625100.1","LOC128607834",4.49827176069864,2.43106287017214,45.817764577662,4.37371751161676e-05,0.000353125880688539
"5212","XM_053625107.1","LOC128607834",5.50285572926339,2.83602353464295,99.3573503323481,7.38798201487975e-07,2.51782427067102e-05
"5220","XM_053625127.1","cfap276",2.56213992274092,1.46095555162149,29.0016281376063,0.000332630634107726,0.00147402811523018
"5225","XM_053625136.1","LOC128607875",3.54307057230771,3.86264328339262,113.987808661014,1.07273962017275e-06,3.2580692253952e-05
"5230","XM_053625144.1","LOC128607875",4.46890305523187,4.83649717853538,246.75652996299,2.99836937854129e-08,5.48545753464729e-06
"5234","XM_053625159.1","LOC128607902",1.999201089695,2.61919523591935,16.6304505153259,0.00233904197406934,0.00665923522269338
"5250","XM_053625209.1","tmem81",3.6452179169559,4.51608232080284,79.6004596561178,5.27090526970668e-06,8.75972595154813e-05
"5251","XM_053625212.1","LOC128607930",3.83048677468684,7.42377511119858,247.996477058892,2.86888168254469e-08,5.48545753464729e-06
"5255","XM_053625224.1","cacna1sb",2.07089458696108,2.26264070709032,25.9514417277404,0.000509252817600756,0.00201833260508031
"5265","XM_053625260.1","tlr21",1.61288778323115,3.57745931919715,23.6729921951539,0.000701432190343745,0.00259378290497352
"5275","XM_053625291.1","eps15",2.29734506957016,6.49601440497686,97.1145108379763,2.16841801983268e-06,5.14697227346795e-05
"5282","XM_053625311.1","agbl4",2.06731080982177,5.67156893803284,99.3446687071014,1.95898587349063e-06,4.80354661215162e-05
"5303","XM_053625370.1","LOC128608015",2.98476562029841,1.80154370883358,38.1144558997824,0.000115540692016844,0.00068662728427631
"5311","XM_053625396.1","LOC128608018",3.05354075734586,1.44331915966241,33.9489166675777,0.000167173756523965,0.000893156118968264
"5312","XM_053625397.1","slc13a3",4.13943341011621,3.44633048794504,118.251463443161,9.46869400668229e-07,2.9820859645948e-05
"5313","XM_053625399.1","ocstamp",3.54388140904564,1.58655505793794,32.4018825352033,0.000183111774791668,0.0009547692079026
"5327","XM_053625438.1","LOC128608054",6.12506304530048,7.49525658107997,141.924715946817,3.8829960344528e-07,1.68972956466995e-05
"5355","XM_053625508.1","rab3c",5.51920942867917,4.10138682179493,128.138912535933,6.12045887911278e-07,2.28290295702944e-05
"5358","XM_053625519.1","cdca3",1.83946636563389,6.57652813853196,56.9290816851359,2.22837166243517e-05,0.000224893269772447
"5360","XM_053625523.1","LOC128608097",2.77950339137207,4.00824041886119,55.9249203742402,2.40972102203676e-05,0.000237363879526078
"5361","XM_053625526.1","LOC128608097",2.71241482289919,2.31126443382825,45.4869779543865,5.86394699111815e-05,0.000425990529247798
"5362","XM_053625530.1","LOC128608100",2.30828448705315,2.32344242436504,30.3348336167599,0.000285918741309748,0.00132013565330295
"5363","XM_053625533.1","LOC128608101",3.88318281074152,5.20423615081071,143.635085540866,3.6772337532346e-07,1.66276703903245e-05
"5364","XM_053625535.1","LOC128608101",2.95452034340495,2.48931089867576,56.2696406855717,2.4326643337969e-05,0.0002383305679489
"5401","XM_053625654.1","slc6a8",1.86892586993855,3.1978190160946,45.6712418968788,5.59681602519406e-05,0.000414840924065208
"5405","XM_053625662.1","pim2",2.08392597152296,7.78633255818187,154.503996894478,2.61683332172195e-07,1.39269692814749e-05
"5410","XM_053625669.1","usp11",3.1728919436077,1.41605518505144,39.6619709919252,8.54989716590999e-05,0.00055455685544107
"5446","XM_053625807.1","trpv6",1.71561992484738,1.20552687931784,15.6413009392309,0.00287569578158776,0.0079210078802693
"5447","XM_053625811.1","fcho1",3.22283289936349,3.12199622404345,41.4098736705634,8.4795024360597e-05,0.00055193480271385
"5456","XM_053625871.1","zgc:194990",2.68563925446648,3.84988347552563,36.7848490468371,0.000133567710237289,0.000764026181385593
"5458","XM_053625875.1","cept1a",1.62510926129485,7.10289995853782,69.7445881801263,9.33560517191203e-06,0.000125103291823603
"5459","XM_053625896.1","lrriq3",3.94405183844986,1.20018022003997,35.4203295096236,7.88861531612959e-05,0.000523779105430268
"5464","XM_053625907.1","nat14",2.79420793442037,2.07593851834275,37.8914384491309,0.000122063852064965,0.000715671726630803
"5473","XM_053625919.1","LOC128608284",2.65209228576233,2.290802382808,51.1490182276156,3.61883222315745e-05,0.000314279270539018
"5481","XM_053625930.1","cep350",1.80018499092107,1.54206037081643,18.8900832269273,0.00155988195502435,0.0048290787457439
"5483","XM_053625938.1","il11a",1.71373614216783,4.33715779560326,58.8490252628414,1.93744522168219e-05,0.000205607728415224
"5488","XM_053625956.1","mindy4",3.53135066137988,1.09142014706142,44.7709325954168,3.39153604053609e-05,0.000300833892735333
"5501","XM_053625995.1","npl",1.69602619740586,7.14118085746471,75.3978793011928,6.64867464837687e-06,0.000101632431735529
"5504","XM_053626010.1","zgc:77486",1.81949271625104,3.40512770251511,38.7334014301851,0.000108790261315558,0.000659076739406238
"5525","XM_053626070.1","LOC128608409",1.82137171316962,4.34237542502083,43.0626142142399,7.09545698175699e-05,0.000487526560359432
"5539","XM_053626128.1","LOC128608436",3.46436911451078,2.94359894198399,44.1526170067271,6.61491917228825e-05,0.000464010419827679
"5566","XM_053626204.1","pofut2",3.25683463750821,1.23061717438003,19.7641808935881,0.00112846818943129,0.0037317598812642
"5568","XM_053626209.1","hibch",4.37885001895108,0.557183631176095,27.3107509485157,0.000158326499343106,0.000858909060485989
"5578","XM_053626263.1","ttn.2",2.98995755754672,9.6986530434446,150.027545381029,2.99728003377394e-07,1.47926735325404e-05
"5579","XM_053626264.1","ttn.1",1.74082922938167,7.7135307273792,26.9930229622738,0.000434927803478929,0.00179696866701403
"5592","XM_053626317.1","LOC128608531",1.96414516318471,5.33344706658395,44.1311867971906,6.41966045728817e-05,0.000455596069629903
"5606","XM_053626363.1","lcp1",4.44136441131252,2.87529042085803,101.626085497134,1.64449980214882e-06,4.23229933182592e-05
"5608","XM_053626374.1","LOC128608562",3.69780958757514,1.71310131572592,39.8208297316537,7.89163107329148e-05,0.000523779105430268
"5618","XM_053626398.1","LOC128608576",3.32949963929685,3.05093022194971,24.152260637173,0.00066300676022486,0.00248443366539816
"5619","XM_053626409.1","pgap1",1.61511371307413,7.35229558349766,65.5206216892825,1.22287754548187e-05,0.000149550912888015
"5631","XM_053626447.1","ndufa10",1.64742468942995,5.98783831311236,82.1992555622891,4.55025240099791e-06,8.02390913587735e-05
"5636","XM_053626473.1","rnd3b",1.60262165877664,5.69479149957262,46.1904074695542,5.32658887060998e-05,0.000401054979708997
"5648","XM_053626510.1","cenpj",2.46276126573294,2.13413182061991,37.0266280638732,0.000133553816899842,0.000764026181385593
"5654","XM_053626523.1","ptpn4a",2.50290477069022,7.78122704377459,170.510980066125,1.65744168779497e-07,1.09116745440104e-05
"5659","XM_053626538.1","LOC128608644",1.860969996726,2.29108307787274,15.5646005193491,0.00289376927454697,0.00795725106444136
"5660","XM_053626539.1","LOC128608644",1.83847619039089,1.85656203414739,24.7538424293363,0.000607538948376627,0.00231626012631202
"5662","XM_053626546.1","LOC128608649",2.09642497018829,2.13049603923933,29.3957246821637,0.000322192737167677,0.001441983972704
"5685","XM_053626610.1","uxs1",2.28396210928156,1.71553201486472,17.3772109161868,0.00205258777112314,0.00601181307019023
"5690","XM_053626620.1","cfap91",3.65985670115807,3.17187082794001,55.7745025424047,2.51980245074707e-05,0.00024425486271074
"5698","XM_053626666.1","slc10a2",1.73492326619792,4.26390599889761,35.7591250112125,0.000148993138379272,0.000824299700643764
"5703","XM_053626681.1","dbr1",1.68649881258769,4.74086814190982,47.587031834968,4.71373016467063e-05,0.000370057535915074
"5728","XM_053626747.1","gabpa",1.9421823506169,2.92738359593197,33.5714593925201,0.000191291385100843,0.000984026528854259
"5732","XM_053626758.1","upf3a",4.933084406022,1.00525011955421,35.3378859620377,4.64812985921628e-05,0.000366328754435215
"5734","XM_053626760.1","upf3a",4.40051728227209,2.34157361956851,48.2896045310484,3.49184514669832e-05,0.000306706398452265
"5735","XM_053626764.1","p2ry8",3.75632902539679,3.78499089427044,125.738540041609,6.94937485003526e-07,2.42972959119591e-05
"5738","XM_053626772.1","shox",1.76277449533185,3.48624132706347,20.8007994113071,0.00110497379288972,0.00366844047565602
"5739","XM_053626774.1","ppp2r3b",2.11782558207498,2.06278284586595,24.1917270041673,0.000659488684545388,0.00247468772031079
"5740","XM_053626776.1","ppp2r3b",3.26064265443873,3.50868717982233,75.4296243661936,6.7530771284946e-06,0.000102327471562202
"5741","XM_053626777.1","ppp2r3b",2.4495317389671,1.4420964085771,30.2480533215885,0.000286094350006728,0.00132020961741987
"5743","XM_053626803.1","ddx3xa",3.04300981242676,2.66452740396563,43.0015263861169,7.34765627208061e-05,0.000498298532603439
"5744","XM_053626810.1","nyx",2.29013397090715,3.37905936587058,45.7238950940959,5.57431215030461e-05,0.000413843498882978
"5747","XM_053626820.1","efhc2",4.79751240335858,4.26645335623046,127.034660847077,6.80297326542604e-07,2.41402943329081e-05
"5748","XM_053626822.1","efhc2",4.81230129158732,3.1091986372073,118.774239988895,7.65705814914311e-07,2.58657250132304e-05
"5759","XM_053626862.1","stx19",2.14998675858414,5.15329918600551,96.8795810915282,2.19312945878824e-06,5.16774085572985e-05
"5760","XM_053626863.1","deptor",2.69118159180435,6.97058408152855,88.0664498209175,3.35368423914228e-06,6.58506332059086e-05
"5785","XM_053626940.1","LOC128608839",1.84957354975254,3.11390688173788,22.9836640687274,0.000780155456947925,0.00281085166638616
"5815","XM_053627041.1","ankib1b",3.69925851348641,0.761974946001231,27.302225994,0.000202591443193621,0.00102645907008683
"5816","XM_053627045.1","sp9",3.02550552149406,1.98451959519344,42.987310799755,7.26271497733976e-05,0.000494977504663009
"5817","XM_053627046.1","cir1",1.81116083741332,3.25463477307749,25.5228373340536,0.000535086004080258,0.00209783778979201
"5821","XM_053627052.1","LOC128608886",2.91652295386373,1.44745485461451,44.5844752063311,5.7484806934369e-05,0.000420999910007284
"5826","XM_053627061.1","hoxd3a",4.52107141619002,4.43466952404414,110.857741568958,1.2331411364457e-06,3.53297136508819e-05
"5840","XM_053627147.1","spc25",2.07148210995924,1.09393193998312,19.4381415739359,0.00139289745141187,0.00441862119213312
"5852","XM_053627189.1","tmem37",2.58542656119999,2.97352735927896,48.5442221285069,4.39412139501989e-05,0.000353714754562815
"5854","XM_053627191.1","dbi",2.06047828329929,7.29598247587274,71.9595924956842,8.15026794103916e-06,0.000115127868612166
"5856","XM_053627194.1","marco",2.35610351969295,2.7456096119625,19.4750207705501,0.00139144066051986,0.00441713409293796
"5870","XM_053627233.1","ttll4",3.30961637488166,1.39099481430737,26.7249335001495,0.000388286624741102,0.00165374525299031
"5871","XM_053627235.1","ttll4",2.65229730660984,1.33505054543516,32.6964743474501,0.000204292403151542,0.00103249622922796
"5877","XM_053627245.1","cfap65",3.7884020099747,1.64766654333607,49.7027352424292,2.81336707156604e-05,0.000262645825573881
"5880","XM_053627252.1","ptprna",2.02999541766916,3.66513339767404,14.92781128283,0.00328033213580191,0.00882083755560165
"5882","XM_053627254.1","dnajb2",2.80032498334117,7.30718903530045,94.217489368088,2.48286287033409e-06,5.56683990927538e-05
"5883","XM_053627255.1","dnajb2",3.46132754891836,1.66229406449245,49.2648278076984,3.45354609592159e-05,0.00030449893355544
"5891","XM_053627278.1","zgc:172182",4.08944301898172,2.45222001310034,57.8830013730927,1.90902554914148e-05,0.000203311220983568
"5904","XM_053627342.1","ccdc12",1.70066822113621,5.48354411813888,63.258080876173,1.42250334083249e-05,0.000166503861759916
"5921","XM_053627410.1","c4b",2.60838829904211,7.16727363034471,33.5797614188397,0.000190289968364769,0.000981648823419021
"5922","XM_053627411.1","nme9",3.01489014043478,5.13145921667812,105.625026156092,1.48865042099788e-06,3.98318562233285e-05
"5927","XM_053627446.1","LOC128609084",3.61246384424001,2.03087232817444,54.5328441581391,2.46617233353935e-05,0.000240062523964732
"5935","XM_053627469.1","LOC128609093",3.30263077303655,5.51645812780865,191.514112849429,9.66333394355112e-08,8.91435783832918e-06
"5938","XM_053627487.1","upp2",1.70937589731449,4.30775237102467,27.6612637296014,0.000397456519181546,0.00168034111582942
"5941","XM_053627490.1","c6h2orf49",1.71624781966442,6.68464855022734,88.9792639818084,3.20350525862412e-06,6.43403760876019e-05
"5960","XM_053627543.1","LOC128609104",2.41945748187167,0.962205523107308,27.2345217334002,0.000392896094288338,0.00166846851373022
"5972","XM_053627574.1","LOC128609152",2.44646130539698,1.18402866622669,27.8786305645509,0.000375786025385402,0.0016114501136262
"5973","XM_053627575.1","LOC128609152",2.53040599013217,1.94327738208814,19.1464609979363,0.00149002344624122,0.00466460408507745
"5976","XM_053627581.1","LOC128609156",3.14289927393102,1.26569465053789,38.482261861406,9.1422139333103e-05,0.000580141745011474
"5977","XM_053627584.1","LOC128609158",2.35322659269515,5.83847743706148,91.1574142623974,2.8773247803783e-06,6.06200113890607e-05
"5983","XM_053627618.1","si:dkey-100n23.5",2.13310207856043,1.48782976089466,24.5915785852603,0.0006241898317063,0.00236636650952262
"6005","XM_053627692.1","dnajb11",1.82960835762954,5.86752248193325,85.3128920940502,3.8610278193615e-06,7.17659627306707e-05
"6039","XM_053627773.1","LOC128609264",3.28335488414559,3.30936349871807,106.332277330523,1.48683851087279e-06,3.98318562233285e-05
"6040","XM_053627776.1","LOC128609265",4.37094447332484,6.25023582577243,116.043927506315,9.72877485998799e-07,3.04621677821055e-05
"6056","XM_053627805.1","LOC128609285",2.061567991996,4.03806470071154,53.5922607118068,2.8780371217918e-05,0.000266378873227934
"6074","XM_053627848.1","trappc2",3.31121467728805,5.60445991665814,266.581807151982,2.04164934969361e-08,5.08464918043694e-06
"6090","XM_053627875.1","dnah7",2.82441987660914,7.22430591488835,100.809420888122,1.83406243063294e-06,4.60307017474202e-05
"6099","XM_053627889.1","LOC128609357",3.92804563085985,6.07445995446116,131.218188109213,5.55424343614004e-07,2.12998035647624e-05
"6111","XM_053627919.1","LOC128609384",2.02817297256163,1.28263202792622,15.4749633479031,0.00296183181702929,0.00810722581232164
"6128","XM_053627951.1","smg7",1.62948208839895,3.97662187606383,16.2981894587009,0.00248598169551502,0.00700854609665571
"6140","XM_053627986.1","tnn",3.0332617606831,2.287165519682,16.4285413382775,0.00245744768057051,0.00694261135306725
"6146","XM_053628003.1","LOC128609515",1.95739937105991,1.09626569687372,18.0222241644439,0.00180433450937818,0.00541902913503043
"6148","XM_053628010.1","LOC128609519",4.27895147924305,3.45065646402088,110.889864904867,1.26445208918584e-06,3.56888146876475e-05
"6151","XM_053628020.1","LOC128609529",4.87224336099759,7.56600387782182,113.096683535388,1.09212438030357e-06,3.28611700155281e-05
"6159","XM_053628040.1","tmem53",2.19974971834065,5.74921385750586,87.7412483452848,3.40983069289904e-06,6.65040232007827e-05
"6165","XM_053628069.1","slc4a2a",3.09438006864764,3.53157020305607,72.7449929224756,7.87370148868868e-06,0.000112972014028884
"6166","XM_053628071.1","slc4a2a",3.89261981225898,5.98939334252094,158.584682238848,2.32310718847285e-07,1.29677445403443e-05
"6170","XM_053628087.1","ubtfl",2.74999456904365,3.18715153332139,56.0359472828689,2.41079995590397e-05,0.000237363879526078
"6172","XM_053628092.1","abcf2a",2.23315907649921,1.63942969100105,26.8811125138879,0.000452235127177623,0.00185055162759134
"6182","XM_053628121.1","ranbp9",2.11209901385625,7.77408215675563,70.8969219975508,8.69463996143093e-06,0.000119582694728669
"6188","XM_053628151.1","LOC128609589",2.71417949732701,8.0212487261105,194.748112493883,8.92304170400031e-08,8.86173000640228e-06
"6191","XM_053628158.1","lpin2",2.31465031090436,1.87866565175662,22.922852325378,0.000802383423604655,0.00287176273741149
"6223","XM_053628282.1","LOC128609643",3.97831116154923,7.77434330660302,259.671719869367,2.30857026486979e-08,5.31286197132585e-06
"6224","XM_053628283.1","psmb5",2.17437167337547,2.07778067313718,26.3028737189091,0.000487560650350272,0.00195458935311298
"6246","XM_053628369.1","cdc14aa",1.88008024757753,2.95244908889379,18.1236182379716,0.00176270447104171,0.00531803318207228
"6266","XM_053628428.1","pigk",2.17598324688687,5.89274835412383,88.031250446184,3.36005825476158e-06,6.58506332059086e-05
"6276","XM_053628456.1","selenot1a",2.21135327801765,4.99302295386183,48.6954561462878,4.28637449538928e-05,0.000348489135055062
"6278","XM_053628459.1","otol1a",4.0246617908527,5.57413830045669,145.606109553605,3.45003423169131e-07,1.60948571016193e-05
"6285","XM_053628479.1","dcst1",2.59815691363374,6.85063228360259,61.8562065800645,1.56554934533681e-05,0.000178646448242583
"6292","XM_053628499.1","rnf32",4.2668447978403,1.21268703287613,31.4174815863371,0.000107895613342389,0.000654898458487662
"6294","XM_053628505.1","dcst2",2.9499546572375,5.49908413595679,98.5546594488097,2.03127282249779e-06,4.92767217288535e-05
"6323","XM_053628616.1","si:ch211-107p11.3",2.66922619690813,1.35731820479545,36.3666134810236,0.000134751498506939,0.000768318596349311
"6324","XM_053628621.1","insl5b",7.65728531640821,1.12233856872655,61.4416497401888,5.95301691012956e-05,0.000430788724815277
"6328","XM_053628630.1","LOC128609815",2.95951302768086,6.58327195275153,93.6176597012733,2.55501891856254e-06,5.65809114277571e-05
"6331","XM_053628643.1","LOC128609823",5.96243880963354,8.20777455093949,238.076077463267,3.48102588559893e-08,5.89560784585025e-06
"6333","XM_053628647.1","LOC128609826",3.63566417927419,1.92285952650569,31.6295729464486,0.000219989603044924,0.00109004949314087
"6334","XM_053628648.1","LOC128609828",3.33861147284441,2.09076420659452,48.60889511497,4.29966345592006e-05,0.000349061945960049
"6337","XM_053628665.1","samd7",2.54847855176259,5.60686579665198,132.908133739629,5.23436957923543e-07,2.03198980212622e-05
"6340","XM_053628672.1","zgc:101744",2.622300375902,4.57063970482717,101.511985069809,1.78072725144177e-06,4.50412699161554e-05
"6357","XM_053628727.1","myom1b",3.93814777327294,2.70232289118852,63.5739563988621,1.40557779768543e-05,0.000165600388565733
"6365","XM_053628749.1","sdr16c5b",4.03819630820934,4.24562526229028,97.8797299501686,2.13337340577726e-06,5.08616328316971e-05
"6372","XM_053628805.1","crygn2",4.68153450728635,1.23416817141682,36.7122985502826,4.01814416525261e-05,0.000334425284046834
"6380","XM_053628826.1","cth1",2.53611050759845,3.99200604268545,78.2403017871814,5.67061012047031e-06,9.20720527885391e-05
"6383","XM_053628848.1","men1",4.92233065021045,4.544820274319,307.370164627975,1.11316888073378e-08,4.76668285650951e-06
"6384","XM_053628850.1","rtn3",2.52048135602305,6.56606658514265,106.607152898948,1.42601377588516e-06,3.87971613513091e-05
"6385","XM_053628851.1","map4k2",1.64601342251267,1.53382483420718,14.8136940728587,0.00340266354922209,0.00908349563568719
"6387","XM_053628857.1","rgs12a",2.31809698245319,1.76982694092729,26.043770780268,0.000507874835693342,0.00201457432987107
"6394","XM_053628883.1","ndufs2",1.63670321312599,5.15114134601266,40.6352769128454,8.96438717890504e-05,0.000572366573432431
"6399","XM_053628895.1","amdhd1",2.30970269533293,7.50042989315119,136.924641600525,4.56421531896977e-07,1.86109616079302e-05
"6400","XM_053628896.1","amdhd1",4.5734979687053,0.709012994214449,49.945332072559,7.981296386036e-06,0.000113733473501013
"6401","XM_053628898.1","amdhd1",2.42289317374494,2.71299951637011,16.7468637104646,0.0022922200776861,0.00656286852097322
"6411","XM_053628929.1","LOC128609966",1.73926777390107,5.11249203546429,44.7154947985659,6.08469083872733e-05,0.000437362587105962
"6413","XM_053628935.1","LOC128609968",3.37993240409685,3.51328143992463,67.8017744547196,1.07568057248152e-05,0.000137187104806131
"6425","XM_053628963.1","LOC128609981",6.13128542710639,6.56503344288455,170.434474532406,1.68514289051042e-07,1.10018783550362e-05
"6437","XM_053629011.1","slc1a1",5.3655891775163,6.05459627272006,184.638616202281,1.15574514341491e-07,9.13882167033001e-06
"6441","XM_053629026.1","elp5",2.65849182801017,1.75462730383473,30.1289036897343,0.000293536072362971,0.00134572697236244
"6452","XM_053629044.1","vgf",3.68368768118492,3.02449044905318,65.8418728310199,1.25090534932573e-05,0.000151796520201536
"6473","XM_053629106.1","LOC128610062",1.79945799355534,3.72360305251045,29.5845095585994,0.000309221904517256,0.00139979982950932
"6490","XM_053629170.1","LOC128610090",4.25488166433047,3.43198138100943,116.634701133539,1.00726282399146e-06,3.12367252773442e-05
"6491","XM_053629172.1","LOC128610090",4.12782330611963,2.67810145174903,63.7775662611096,1.33302691598625e-05,0.000158903090692087
"6493","XM_053629182.1","fis1",2.38731901603385,7.60404722637119,143.670151292164,3.65924657565488e-07,1.66276703903245e-05
"6502","XM_053629200.1","si:ch211-212k18.15",2.9917886203265,2.84053855173616,16.7706471388293,0.00229108870039315,0.00656195043913026
"6503","XM_053629201.1","zgc:194655",3.06292345331764,3.31340979616477,19.4710564839689,0.00139248607600951,0.00441862119213312
"6512","XM_053629224.1","plaa",1.7670866538844,6.36370105844906,99.9071093276671,1.90961359527354e-06,4.74123080986013e-05
"6515","XM_053629230.1","tbc1d19",2.39346766391811,5.95271426069063,142.487921730785,3.8022624827513e-07,1.6779326862267e-05
"6566","XM_053629374.1","tmem102",4.38335549260874,0.560264471897449,46.0708290236619,1.22316165470553e-05,0.000149550912888015
"6599","XM_053629471.1","LOC128610263",4.01507682068389,2.14507750823701,67.0452508190445,9.02337826672832e-06,0.000122932304154
"6603","XM_053629489.1","ccdc166",4.78277925189802,6.01752211008776,191.175392944867,9.77330491456245e-08,8.91435783832918e-06
"6604","XM_053629501.1","dhrs4",2.39154975903375,4.61657972711425,81.0037404909676,4.85913590258888e-06,8.28869251750356e-05
"6607","XM_053629507.1","nedd8",1.89869666386763,6.43036330114213,92.3912375734794,2.70949536122061e-06,5.83262113130842e-05
"6624","XM_053629548.1","LOC128610314",6.36415373401711,8.99761557087839,110.514535517495,1.21251011309561e-06,3.48634346550474e-05
"6662","XM_053629651.1","znf830",2.47078104518008,4.54622173775971,94.9714555910981,2.39946021087558e-06,5.45540195135588e-05
"6674","XM_053629680.1","hormad1",2.01195736279993,2.75314910985665,14.5374367202446,0.00356836145045848,0.00945875800884589
"6680","XM_053629706.1","LOC128610404",2.71433491194585,1.49030684458511,32.1966820187413,0.000220741566003864,0.0010924379304404
"6685","XM_053629719.1","LOC128610411",3.31303026826312,6.54876037435651,83.3167003066331,4.28776953807891e-06,7.68664598919395e-05
"6696","XM_053629767.1","fggy",1.83183164071286,2.81258849203426,30.2825950531521,0.000284012503380422,0.00131209885979517
"6713","XM_053629812.1","LOC128610475",3.09658741484268,1.59460434150017,31.1254944210382,0.000241716786475707,0.00116803323566231
"6717","XM_053629830.1","shrprbck1r",2.83294829648749,8.60828113929399,151.846037554959,2.83518819381119e-07,1.44231420294368e-05
"6723","XM_053629869.1","esyt2b",2.01825526125855,7.57668351919832,71.8686466227412,8.19499961994162e-06,0.00011555806084287
"6729","XM_053629878.1","LOC128610511",5.32270543124985,6.61523747213991,153.973972075279,2.66859874387576e-07,1.40714255589123e-05
"6735","XM_053629896.1","ccdc96",4.99179641408081,1.50796232338042,116.741936263026,7.20653607916337e-08,7.98426590408052e-06
"6748","XM_053629933.1","LOC128610550",8.10799912639588,1.52732764048728,82.4831171063591,2.09272022694187e-05,0.00021663025375911
"6765","XM_053629982.1","ccdc13",5.18356761925709,1.22039441835221,43.7652598867116,1.58144059915245e-05,0.000179539821669957
"6767","XM_053629988.1","LOC128610579",4.73067813915969,7.20351713904681,144.472876697976,3.56941987275972e-07,1.64929096041311e-05
"6788","XM_053630045.1","ssx2ipa",1.74035811954713,0.959584694339652,14.4940619430833,0.00361668757858621,0.0095758813415364
"6806","XM_053630076.1","LOC128610659",2.8003143406629,3.88570112345943,42.8437127893636,7.2618989351436e-05,0.000494977504663009
"6807","XM_053630081.1","LOC128610663",4.89044260072713,4.91738059872555,320.41718729522,8.87081359261242e-09,4.76668285650951e-06
"6810","XM_053630088.1","LOC128610671",4.47568122835472,5.05421595183913,184.991622474415,1.14880659933514e-07,9.13882167033001e-06
"6833","XM_053630126.1","chrnb1l",3.14910959662871,4.73048355203417,77.261215434934,5.98783504208244e-06,9.54985947401286e-05
"6836","XM_053630131.1","poln",3.27709528405907,6.20931154370501,74.5993846060123,6.96821254606862e-06,0.000104834037821337
"6854","XM_053630170.1","LOC128610752",2.04658958193158,4.27165334291158,53.1976331369322,2.96753805723734e-05,0.00027279009346946
"6861","XM_053630180.1","LOC128610764",3.79596013741281,6.45251833501903,196.911214331512,8.480804550466e-08,8.58045400393397e-06
"6863","XM_053630197.1","LOC128610779",1.95818268649278,1.89679419721552,18.9020406533589,0.00155104056712263,0.00480908728224116
"6871","XM_053630231.1","ntrk3a",2.68490193293306,6.53547068406345,46.9547083530335,4.9792965215373e-05,0.000384651281378462
"6876","XM_053630263.1","LOC128611041",2.87617492877132,4.25446424536741,70.8831119464146,8.72721961136218e-06,0.000119928888852913
"6894","XM_053630312.1","znf711",2.63833045452486,0.882665325098667,28.315485525636,0.000313224952908537,0.00141342717771784
"6898","XM_053630322.1","abcb7",1.84351532093702,6.83679631673589,66.6806178455928,1.1338885785514e-05,0.000142732412982815
"6902","XM_053630326.1","atrx",2.56388349468722,3.38756778719239,61.9825234812748,1.5623799046818e-05,0.000178614448425063
"6904","XM_053630329.1","nup62l",2.32730652448658,6.77026623127732,142.620332023086,3.78518871668036e-07,1.6779326862267e-05
"6908","XM_053630349.1","nsdhl",2.65206020401462,1.32822149450167,14.9860341181683,0.00318657812852194,0.00859882092757345
"6915","XM_053630368.1","LOC128611100",2.03441462951342,3.17708154476435,51.280126641124,3.47108586127322e-05,0.000305380097403755
"6919","XM_053630385.1","LOC128611109",2.37864563236086,1.61573363569639,34.1984477649828,0.000181673099029514,0.000948685202287025
"6921","XM_053630392.1","LOC128611112",3.64233339486644,3.47273654564636,104.795018762091,1.59941968301266e-06,4.16260543868312e-05
"6936","XM_053630426.1","arl13a",2.16952198745581,2.97063665072357,35.310760013861,0.000157315182862473,0.000855718474522082
"6947","XM_053630466.1","LOC128611154",2.78865082153739,0.518192373817901,17.9246862762379,0.00140201618330829,0.00444232491199737
"6948","XM_053630467.1","LOC128611154",6.1993587018362,1.42051198455734,73.5701608736338,4.07715476939014e-06,7.43597688906488e-05
"6951","XM_053630477.1","gria1a",1.96354367844092,0.541124138859015,16.607599677807,0.00220449873817248,0.00636642562481515
"6952","XM_053630481.1","cyfip2",1.67411140230335,8.41954646502795,56.2977134211123,2.3357502219958e-05,0.000233114208345672
"6957","XM_053630489.1","c1galt1c1",2.21483309492623,5.33543877531452,88.5149017167713,3.28017698570495e-06,6.49932742283864e-05
"6960","XM_053630501.1","stard14",2.1042665795238,6.21398117397552,92.2413514666719,2.72930204083961e-06,5.86745570213965e-05
"6974","XM_053630540.1","gpr174",2.71410320230725,3.97030402853619,76.1756061431748,6.38024393683144e-06,9.95023013963655e-05
"6988","XM_053630588.1","LOC128611225",1.77202246230416,6.24759647441559,49.2854514519525,4.07617611698639e-05,0.000338141972006003
"7013","XM_053630662.1","ccdc160",3.98039221617984,3.65291345921426,107.283883891519,1.44874736238634e-06,3.92836219469179e-05
"7032","XM_053630699.1","ulk4",3.42671179136828,3.15478133320575,93.389385676132,2.69157753872929e-06,5.80176527256322e-05
"7033","XM_053630702.1","LOC128611313",5.87628920183735,4.53714091538427,353.298777245527,5.45142973910634e-09,3.69081115879312e-06
"7069","XM_053630807.1","cab39l1",1.67558219981095,1.76122267204553,15.5581805951445,0.0029133700108632,0.0080029923189977
"7070","XM_053630808.1","cab39l1",2.71390289628182,2.74012094446288,42.0987575684697,7.92490130806657e-05,0.000525707579059159
"7071","XM_053630809.1","cab39l1",2.51755701098431,6.0410376738967,112.856940466369,1.10240999900625e-06,3.31091151464066e-05
"7073","XM_053630814.1","ints6l",1.65476583556773,1.7243070277482,18.8245568747523,0.00157208876696936,0.00485543537439809
"7074","XM_053630815.1","ints6l",1.76275975096086,4.12159836560129,40.0329809310178,9.52346307747208e-05,0.000597541939139992
"7076","XM_053630822.1","ctnnb1",2.20621149389097,4.85243242151548,105.109252918039,1.5210592722218e-06,4.04982031229055e-05
"7078","XM_053630829.1","fhl1a",2.4852296016067,1.77173248594228,28.2359027431938,0.000376529587458151,0.00161335652773228
"7079","XM_053630830.1","slc9a6a",2.60088071067403,8.34091058830845,190.041674339734,1.00030854814231e-07,8.91435783832918e-06
"7080","XM_053630831.1","uvssa",1.70201519011671,5.06571869738055,62.3244353618967,1.51634838808409e-05,0.000174584976574006
"7101","XM_053630901.1","nxt2",3.71203530737742,5.83874774666702,209.982568761066,6.28229239581735e-08,7.31638484197779e-06
"7107","XM_053630924.1","fgfbp2a",2.53469047683082,3.98960262327045,46.5467645101718,5.17175924569037e-05,0.000393080706462199
"7112","XM_053630944.1","LOC128611437",3.10599396310291,2.58022994344699,73.7314721396029,7.67793279364882e-06,0.000111127939221926
"7118","XM_053630959.1","cep76",5.1046987128523,1.94827116002373,65.2800931343682,3.01347182698669e-06,6.25411306862315e-05
"7132","XM_053630981.1","fat2",2.71895881418255,8.55404199935617,38.3942602452293,0.00011243285136383,0.00067459710818298
"7152","XM_053631052.1","ctsf",2.53822986010077,6.65963728919147,104.240220245082,1.57786558247365e-06,4.1290855464398e-05
"7154","XM_053631061.1","LOC128611502",3.5468005371229,0.630728036917485,25.4135329719315,0.000274669757219003,0.00127952633952841
"7166","XM_053631081.1","ehd1a",2.74078860577104,7.66385579220801,165.584064097447,1.89921080303296e-07,1.16898952393527e-05
"7183","XM_053631133.1","si:ch211-59o9.10",2.03766360236095,2.37656028857234,23.0664439179989,0.000775941948434986,0.00279816178687136
"7184","XM_053631134.1","si:ch211-59o9.10",5.66060725771748,4.03312175665425,189.402930212327,9.19437890156943e-08,8.88927452087021e-06
"7189","XM_053631141.1","LOC128611548",2.46494849913545,2.59988589654576,39.5290439098848,0.000101828636631285,0.000628826108836744
"7193","XM_053631146.1","tmem60",3.44364486888403,1.20225882990218,38.2401771667383,7.83552741811251e-05,0.000521337927843836
"7194","XM_053631147.1","tmem60",3.89774037475094,5.02455108038086,41.2651562028609,8.44479503100742e-05,0.000550561183898301
"7204","XM_053631175.1","LOC128611567",2.50346751719703,1.22200303870633,24.4236556523533,0.00061133506344449,0.00232634979008919
"7217","XM_053631210.1","gramd4b",2.86113829792965,0.903590030054564,33.2446286504655,0.000155131623847487,0.000847257330243967
"7220","XM_053631217.1","LOC128611587",4.82982237045995,2.20784447585581,51.3020037093734,1.80278148857559e-05,0.00019565925673584
"7229","XM_053631241.1","samm50",1.62545498707156,4.3779969252964,55.0018251934236,2.57857927729003e-05,0.000248612515430441
"7230","XM_053631246.1","cremb",2.44700601952035,1.88002919374196,22.543583911573,0.000850858955141908,0.003003424501927
"7233","XM_053631259.1","LOC128611610",4.25955972670641,1.20248742336304,46.6005452922772,1.67171557930119e-05,0.000185844708341981
"7260","XM_053631332.1","c8hxorf65",5.6724201593096,4.25070360496872,185.037743577569,1.11922413266192e-07,9.10452274348299e-06
"7261","XM_053631334.1","psmd13",1.58976262788633,5.91464471474155,56.4786279267743,2.30457268532876e-05,0.000230713807236252
"7262","XM_053631335.1","LOC128611656",2.040702894562,5.14047537045644,103.373596090531,1.63902071977746e-06,4.22491519295503e-05
"7265","XM_053631339.1","dnajc24",2.44935747353773,4.36401534430517,113.721052413657,1.0668072019606e-06,3.25472881492636e-05
"7273","XM_053631391.1","LOC128611677",6.46706522250341,1.66359048296712,60.1043014730829,1.04360694594888e-05,0.000134291806367412
"7275","XM_053631397.1","far1",1.88598427954072,2.7679809440748,20.6209701006825,0.00114133560807372,0.00376368727306933
"7292","XM_053631425.1","ribc2",4.81981665296879,2.39618958478215,80.5563638282269,2.6456917272278e-06,5.7798188502515e-05
"7302","XM_053631456.1","slc25a43",2.08798603461404,5.77663299313847,64.9590911126194,1.26927622727752e-05,0.000153107627177113
"7306","XM_053631462.1","irgq1",1.59817497578273,2.15303540175967,22.0759850963535,0.000904668701457118,0.00315348340637119
"7312","XM_053631476.1","selenot2",2.22293019924104,6.19427884035574,122.320652008522,7.64543380754712e-07,2.58657250132304e-05
"7326","XM_053631520.1","LOC128611752",4.9411738309097,3.54835293101293,180.62564255994,1.25378420865058e-07,9.44727359726849e-06
"7330","XM_053631526.1","poc1b",2.16743597095603,4.2423958565749,52.1045509716729,3.23738357300026e-05,0.000290825556491278
"7342","XM_053631557.1","uba2",1.71497380348166,6.8065550787067,77.2322570966402,5.98482505035385e-06,9.54985947401286e-05
"7364","XM_053631632.1","LOC128611822",2.4051800974857,1.81750178756095,16.1220165117797,0.00261133102536675,0.00730216386917204
"7375","XM_053631660.1","tmem231",2.40348002657424,0.844582490282761,21.5564359887436,0.000899389264593715,0.00313981311521308
"7376","XM_053631663.1","tmem231",3.24124900131256,2.37421944911464,54.8279436862714,2.70560690156338e-05,0.00025733469167161
"7404","XM_053631732.1","LOC128611889",5.28885664165551,0.641891503411187,43.673657785319,4.4231803691045e-05,0.000355170852257261
"7405","XM_053631733.1","LOC128611889",3.37667918160758,1.14708371347808,50.0798866264938,2.41164814592146e-05,0.000237363879526078
"7406","XM_053631734.1","LOC128611889",1.71420991251722,3.1855340925768,23.3857199278804,0.000733203799376116,0.00268228318741256
"7414","XM_053631748.1","ran",6.58736398315728,2.50802773016066,145.903375542511,1.69757971680708e-08,4.76668285650951e-06
"7416","XM_053631761.1","bbs7",3.11742972896396,2.45900186435205,46.6123592943235,5.31630214351486e-05,0.000400466724519397
"7417","XM_053631764.1","bbs7",3.37010679007062,3.96599721750722,111.894149404559,1.15878301877493e-06,3.39825715723343e-05
"7418","XM_053631765.1","ccna2",1.92487608517529,6.98923183155801,60.9040846915044,1.67269421827444e-05,0.000185844708341981
"7419","XM_053631776.1","prom1a",3.4484641771723,1.88367109792575,68.5870961352053,9.13987727107344e-06,0.000124020396700869
"7426","XM_053631799.1","LOC128611926",6.12866523015943,5.50485126258218,194.146322842157,9.71153543010601e-08,8.91435783832918e-06
"7428","XM_053631803.1","simc1",1.96545794341372,2.13192107988613,15.8210122472784,0.00275618559511865,0.00763861195236787
"7449","XM_053631860.1","psmd10",2.62209709838229,5.82315915666526,175.22498334507,1.46097339252511e-07,1.00212869822866e-05
"7458","XM_053631895.1","LOC128611994",3.03358517229888,1.30529220886028,20.1568362262119,0.00113364356834617,0.00374518818048731
"7459","XM_053631896.1","LOC128611998",3.70627979222316,2.8561886441,28.3945740740232,0.000368768564206896,0.001589716450952
"7461","XM_053631902.1","rom1b",8.10704866642828,1.52633626396556,86.8758262337464,1.73696151214515e-05,0.000191148422560202
"7464","XM_053631919.1","LOC128612020",5.7328631899138,5.60855097357297,285.358882943225,1.5478451301573e-08,4.76668285650951e-06
"7486","XM_053631988.1","gria2b",2.99919812244546,1.40257709798848,33.02924766081,0.000186397537039467,0.000966713693938672
"7487","XM_053631989.1","spata4",4.90024635003437,6.67138067801714,245.745713900835,3.00135068624337e-08,5.48545753464729e-06
"7525","XM_053632134.1","LOC128612213",2.82879257895279,3.41238267300771,31.1391951828508,0.000255820931350864,0.00121836694225001
"7546","XM_053632211.1","LOC128612252",1.96532657866471,6.35456800520712,49.9302368815259,3.86217210630788e-05,0.000328538318743626
"7558","XM_053632249.1","LOC128612273",1.61131705112559,4.17794711903704,38.2328712316906,0.000114408839548521,0.000682909400667939
"7559","XM_053632261.1","ttc8",1.63774491386847,3.38446663873813,30.8292934865888,0.000264617850040282,0.0012447144668654
"7561","XM_053632274.1","fsip1",5.56727925772228,2.66047154584598,53.5002225019739,1.15923592823152e-05,0.000144240670301398
"7562","XM_053632275.1","fsip1",4.15320680021558,4.83658070500306,184.629123816953,1.15731309761407e-07,9.13882167033001e-06
"7563","XM_053632279.1","fsip1",4.7794781319318,3.18599666751093,92.2479868415731,2.54052550222953e-06,5.64701539333064e-05
"7567","XM_053632316.1","LOC128612294",5.46158705863337,7.7361130693049,142.308713480655,3.82690212906333e-07,1.67885885271754e-05
"7568","XM_053632317.1","LOC128612295",4.89276079768762,7.18270134770983,193.387643286192,9.23108822078206e-08,8.88927452087021e-06
"7584","XM_053632374.1","ppp1r13ba",2.02305601199677,2.31580746709244,18.8676689972081,0.00155142856190939,0.00480936912297763
"7586","XM_053632381.1","ptp4a2a",1.92862199170138,5.18000957622921,73.8079617230456,7.30073905581233e-06,0.000107636032637058
"7587","XM_053632387.1","pacrg",5.19917654991155,7.36848124317773,503.264299301195,9.86515066722687e-10,3.69081115879312e-06
"7593","XM_053632407.1","myt1lb",5.37038811415195,7.10313237539214,189.130259485943,1.02538386659037e-07,8.91435783832918e-06
"7612","XM_053632488.1","LOC128612373",2.45465889538099,6.80842305648604,147.277533313991,3.26465565272544e-07,1.54599403443438e-05
"7613","XM_053632494.1","LOC128612375",2.89002356849847,4.21359139340036,66.4239355023034,1.15625507546175e-05,0.000144240670301398
"7614","XM_053632495.1","LOC128612375",3.20063634029941,3.12353738451699,62.9079461574504,1.49575409003263e-05,0.000172828459739102
"7626","XM_053632530.1","cfap99",3.80223822005593,6.48241472036283,202.455201484718,7.44764116330714e-08,7.98426590408052e-06
"7633","XM_053632546.1","plk4",8.28951047866162,1.6935837869299,60.2415239038905,6.35505046693197e-05,0.000451803060863833
"7645","XM_053632575.1","LOC128612423",3.94259611747273,2.51912472625154,57.1282940610611,2.13920943031633e-05,0.000218758826645362
"7646","XM_053632580.1","dnajc5gb",3.39865922664079,2.36580634962623,50.1804283499017,3.87645020613208e-05,0.000328799026390208
"7664","XM_053632676.1","wdpcp",1.65736283342133,4.20368247233129,36.3291995171242,0.000140015705548897,0.000789747122447923
"7673","XM_053632704.1","foxn3",3.29207061244116,1.65846675669262,22.894969677387,0.000742839894643695,0.00270615953111896
"7674","XM_053632706.1","efcab11",2.88088144918819,5.9228390026781,215.824652802738,5.51812924528976e-08,7.0883577695567e-06
"7675","XM_053632709.1","LOC128612470",5.9991911588022,8.98996392371579,131.136787525544,5.56573814423925e-07,2.12998035647624e-05
"7691","XM_053632753.1","LOC128612491",3.75242998204906,4.917746030482,109.477156887506,1.26996614446556e-06,3.57534120810583e-05
"7692","XM_053632755.1","LOC128612492",3.54673874308295,4.69869936838408,116.22194497857,9.68981584797869e-07,3.03989804161006e-05
"7705","XM_053632787.1","LOC128612508",1.62053004538802,7.75618295014723,41.6876648865667,8.08536931896755e-05,0.000533443683160519
"7707","XM_053632791.1","LOC128612510",1.92722267557971,5.65959889832782,73.4581332251384,7.45177556628585e-06,0.000108773077427444
"7712","XM_053632799.1","LOC128612517",5.60956949210808,6.14922103822977,189.78450151447,1.01963289038554e-07,8.91435783832918e-06
"7713","XM_053632800.1","LOC128612517",4.15289904568521,4.29430355507475,142.785715343678,3.86113792513698e-07,1.68474665046139e-05
"7714","XM_053632801.1","LOC128612518",3.46788364275299,2.27306738564651,40.9643446746991,8.73437197707602e-05,0.000563314795079309
"7715","XM_053632807.1","LOC128612520",3.46104909062214,1.03710196694992,30.9310324209481,0.00016901817295963,0.000899188464005792
"7716","XM_053632810.1","LOC128612522",2.57934641709177,2.31900786358135,31.007757069365,0.000264418543072112,0.0012447144668654
"7718","XM_053632815.1","LOC128612525",1.98403515790808,5.33706155744227,37.3016061079074,0.000126105429881243,0.00073220756776096
"7720","XM_053632817.1","LOC128612527",1.79698908675799,4.3048779478036,19.3941393303612,0.00140253704449771,0.00444310561180604
"7721","XM_053632818.1","LOC128612528",2.74100940964533,3.20918409250544,56.1817885744834,2.38285426008017e-05,0.000235986484471846
"7724","XM_053632823.1","LOC128612534",2.84189626455738,2.96015898053113,42.5920503052451,7.53723041442378e-05,0.000506486865706485
"7742","XM_053632856.1","vash1",2.1819689117109,6.35450947737842,101.30170969642,1.79444424482051e-06,4.53174156554671e-05
"7748","XM_053632863.1","LOC128612565",5.76184636443841,5.04457182506877,58.0985837270096,2.12678866271459e-05,0.000218039612869055
"7764","XM_053632909.1","LOC128612602",2.05967233688259,6.85767914446451,94.9588403623794,2.39741971788947e-06,5.45540195135588e-05
"7768","XM_053632917.1","LOC128612610",6.12540737174533,8.8958304494778,109.614714901598,1.25809833024366e-06,3.56674181610935e-05
"7780","XM_053632945.1","fabp7a",3.32049263591967,5.19414646387635,40.5964900823318,9.00542995553181e-05,0.000574286472596384
"7785","XM_053632962.1","dnali1",2.73614951497536,4.0651965128868,89.6888727497404,3.10342280623771e-06,6.34320812971921e-05
"7801","XM_053633004.1","sanbr",2.0000061793985,2.26222454905815,28.5632392555607,0.00035715379709663,0.00155377738978776
"7810","XM_053633028.1","afg1la",1.80021143377002,6.00872489683577,36.5013697093718,0.000137355100206743,0.000778537941928134
"7815","XM_053633041.1","kctd3",1.72435493830464,6.12844566077854,82.164891720942,4.55863374642617e-06,8.02994157640336e-05
"7818","XM_053633044.1","LOC128612696",5.43468743914907,9.59657716682279,245.547336402572,3.0057998746048e-08,5.48545753464729e-06
"7843","XM_053633109.1","sec23a",3.91155160604847,0.62000742074926,18.5541405436766,0.000854206721355358,0.00301458434822336
"7844","XM_053633110.1","sec23a",1.93662684681512,1.29209827983995,17.5976258328219,0.0019673740146562,0.00581377337518339
"7845","XM_053633113.1","LOC128612738",1.85076564545644,3.38000889422799,40.789284487636,8.84707258529353e-05,0.00056741842714236
"7847","XM_053633115.1","LOC128612740",5.47590059709352,6.99372796065144,105.829823279156,1.47701995637989e-06,3.9651739724507e-05
"7856","XM_053633138.1","si:ch211-125o16.4",1.63261799748563,3.34883788237805,22.7042683763868,0.000813958104063988,0.00290483990048233
"7857","XM_053633141.1","ppp1cb",1.93197131044278,9.52514140484555,59.2133542669368,1.88575868976908e-05,0.000202834961262338
"7858","XM_053633146.1","zfyve19",2.75366203564677,3.52174359510416,60.1271291855769,1.77905225903122e-05,0.000194196210176651
"7863","XM_053633160.1","slirp",1.72766568659778,3.10477551404916,25.9087799990408,0.000506708424076682,0.00201142618169527
"7866","XM_053633165.1","preb",1.86027737703696,4.7816968182244,66.0467819847581,1.18211603402143e-05,0.000146077056173579
"7894","XM_053633252.1","spata17",4.32779808246422,2.41822256691979,63.8999592733953,1.11182423856492e-05,0.000140391659702721
"7895","XM_053633253.1","spata17",3.4336322607024,4.31376102997466,60.301414389061,1.75357794678176e-05,0.000192063056850495
"7900","XM_053633268.1","qpct",2.95270374533666,4.33106182145336,110.685783896287,1.20769543566517e-06,3.47867859653875e-05
"7925","XM_053633337.1","LOC128612869",2.21968123386558,3.48068808766344,35.2624347047535,0.000157693656540564,0.000856913364242579
"7933","XM_053633357.1","mcm8",1.6988395784775,6.22684827899206,35.1012617830835,0.000160140847514982,0.000867002151249268
"7939","XM_053633384.1","dpysl5a",1.82102151167115,6.94449190219386,55.9136866255248,2.40431009506625e-05,0.000237363879526078
"7941","XM_053633389.1","sptbn5",2.08654811516374,2.16286343715271,23.4742438092219,0.000732456400394494,0.002681973356613
"7942","XM_053633392.1","ehd4",2.43617979369811,8.51802995578378,124.193405074454,7.13248897313277e-07,2.46213110266934e-05
"7945","XM_053633395.1","LOC128612903",3.44954134440909,5.35876904741664,239.91207394354,3.36065010965925e-08,5.78746850799617e-06
"7954","XM_053633408.1","cnsta",3.29143139973955,7.7962278536276,127.252490929577,6.38356912333486e-07,2.32741479658884e-05
"7965","XM_053633430.1","cmpk2",2.35268781577463,3.68301848330094,14.8605589817629,0.00332743741349945,0.00892582512479325
"7990","XM_053633497.1","spata7",3.10907691217382,6.7672320105175,215.454285472307,5.56104173915061e-08,7.0883577695567e-06
"7992","XM_053633507.1","adam17a",1.60589717438688,2.57302242040796,17.8803032295689,0.00184493090036131,0.00551333605594403
"8006","XM_053633541.1","fank1",4.19714157516794,1.83612889943344,68.6151153809028,5.66842647229202e-06,9.20720527885391e-05
"8034","XM_053633596.1","LOC128613052",4.78893979953028,4.52291677550225,70.7937498219479,9.0248144382459e-06,0.000122932304154
"8040","XM_053633617.1","LOC128613060",4.78125904721669,1.31743354766142,59.6606414373911,3.25056920608074e-06,6.46439979214189e-05
"8076","XM_053633699.1","vcpkmt",1.62587806053962,3.86680484506413,33.7346259077932,0.00018708277988666,0.000968189271357178
"8085","XM_053633746.1","LOC128613145",2.75730247388343,0.673599379423936,25.4667823132303,0.000412865884110954,0.0017301250147523
"8095","XM_053633766.1","LOC128613161",5.41780456596698,9.09559227218806,120.49735423738,8.18680607385473e-07,2.71573804761394e-05
"8101","XM_053633781.1","bahd1",2.20326128445993,3.11934575211899,48.5070541023283,4.37812289280039e-05,0.000353237864801596
"8116","XM_053633821.1","LOC128613188",4.96882441439041,0.390037965976299,36.3262530259304,9.81504829844225e-05,0.000611335136033794
"8117","XM_053633822.1","LOC128613188",4.69786057528393,2.08577694534716,73.2272319527999,3.33703459804479e-06,6.57176594563858e-05
"8134","XM_053633863.1","ttll5",1.74888458908869,4.80788405672844,35.4704819911366,0.000153756737478336,0.000843037881573043
"8136","XM_053633878.1","ttll5",3.20338591061625,0.825703988050146,19.3924184217831,0.00105194783588793,0.00354179109137975
"8137","XM_053633879.1","ttll5",4.42104533534538,1.02235834649919,40.6177152754998,2.44316881270785e-05,0.000238479787439433
"8138","XM_053633880.1","ttll5",3.09079513028984,2.92318275638968,44.1726202348781,6.55134805218938e-05,0.000461301532269864
"8147","XM_053633897.1","syne1b",2.46642602948856,9.0607292627347,93.0037130559231,2.63051431242232e-06,5.76221457232646e-05
"8150","XM_053633910.1","wapla",3.29967583521461,1.95749161072001,61.5586406738653,1.55734831414092e-05,0.000178291050278029
"8159","XM_053633947.1","cant1b",3.16345774393547,2.98929922984791,56.4356036271144,2.37827498605379e-05,0.000235986484471846
"8162","XM_053633957.1","tk1",1.72004725146799,1.2768709375412,15.653462657514,0.00287002759049112,0.0079067404075681
"8166","XM_053633970.1","LOC128613303",4.19865576382114,4.71469070714399,173.433900432092,1.55356673641464e-07,1.04788076371167e-05
"8167","XM_053633971.1","LOC128613304",1.63630695646702,6.94161009938422,34.1751759844319,0.000177731997221659,0.000932545335932452
"8169","XM_053633974.1","lrrc39",4.14786602186963,4.45964790216582,163.957165245082,2.02840045954571e-07,1.2095665670807e-05
"8188","XM_053634005.1","LOC128613337",5.52078310763922,3.79158231764202,141.305873215144,3.42701324673557e-07,1.60336677566923e-05
"8197","XM_053634027.1","LOC128613348",5.63487104534301,9.16640746810254,165.735445976918,1.89158857513701e-07,1.16898952393527e-05
"8198","XM_053634031.1","LOC128613351",3.72653835662179,5.03858379787133,27.1090568917703,0.000428686246588495,0.00177937768199347
"8201","XM_053634039.1","rcor3",2.0087742880129,4.67868841892674,55.3180189757344,2.51691478185065e-05,0.000244121129350499
"8209","XM_053634073.1","strn",1.87274772631407,8.57661639347277,89.3287502129103,3.1478508277218e-06,6.37901892614515e-05
"8234","XM_053634126.1","comp",3.27403120935349,1.06667055967341,37.7058287549974,8.33286553087896e-05,0.000545681339861928
"8256","XM_053634191.1","dda1",1.99011636698766,6.99392940004297,103.883154413722,1.6022921349815e-06,4.16338765346398e-05
"8257","XM_053634192.1","abhd8b",2.17569449477962,1.25893266686888,21.4440103123994,0.00100055901913968,0.00341901398887134
"8263","XM_053634209.1","stx6",1.93456992417685,7.07832415122065,64.386137656195,1.31832222021834e-05,0.000157614476372928
"8264","XM_053634211.1","stx6",2.82299636126719,3.32185502804087,75.0414702034746,6.87314112595962e-06,0.00010369283182389
"8269","XM_053634226.1","btf3l4",1.92543381852448,1.28136254777547,17.8553473339621,0.0018758864639308,0.00559139202322072
"8295","XM_053634315.1","polr2h",3.39789613374284,1.73220501732717,63.8289721069743,1.19515243882667e-05,0.000147350553539422
"8310","XM_053634401.1","LOC128613532",1.58916998792876,5.57146084969948,37.5260648528156,0.000123132189033151,0.000719330160977496
"8316","XM_053634412.1","sh3gl3a",1.96685241031823,8.95992232559423,95.3071302608301,2.35825119700341e-06,5.40727625737836e-05
"8318","XM_053634421.1","ccl44",2.60023798338807,1.6519465680461,18.1589834317417,0.00176315073438238,0.00531803318207228
"8370","XM_053634586.1","LOC128613639",6.20635995335498,8.63670877529743,136.479370879948,4.63654154194228e-07,1.87219283754565e-05
"8388","XM_053634681.1","tdrd3",1.58752883053998,6.22117029925527,64.625930697721,1.29750845558475e-05,0.000156048045163491
"8389","XM_053634682.1","pi4kb",2.21257903980305,2.49840614788783,20.9073123174932,0.00109409478505177,0.00364578146982668
"8400","XM_053634725.1","LOC128613689",4.58605943980985,2.51787210665633,73.4909219220111,5.45097106673493e-06,8.94932247751572e-05
"8426","XM_053634796.1","kcnh1b",3.93688204998523,8.64936173859986,119.636443992841,8.45740444046746e-07,2.74365657479534e-05
"8431","XM_053634808.1","slc30a7",2.04791696169215,1.07572273719304,16.9623792256542,0.0021872520206626,0.00633403143300289
"8432","XM_053634809.1","nmur1a",2.34371377091662,2.58886827045218,25.5280332737787,0.000539439590398483,0.00211081655532285
"8450","XM_053634866.1","si:ch73-63e15.2",2.29112159792696,4.67896143773253,82.2304233281067,4.54682637351787e-06,8.02390913587735e-05
"8452","XM_053634868.1","si:ch73-63e15.2",1.9517016525779,4.69351725552877,45.6829720380685,5.57568983854568e-05,0.000413843498882978
"8461","XM_053634890.1","marchf2",3.40538878206827,1.6063147531688,44.2129031150655,5.44091197982529e-05,0.000407388913642052
"8462","XM_053634893.1","stk33",3.91194322021358,5.59991045292261,138.67459491599,4.31552305969714e-07,1.82020142028765e-05
"8469","XM_053634912.1","helz2a",2.22656260491074,3.88332010022718,23.2529360223176,0.000747746335331856,0.0027213394056547
"8475","XM_053634927.1","slc4a10a",3.82862066476204,5.55899870397172,106.83034502321,1.41513022475657e-06,3.86309073834054e-05
"8476","XM_053634937.1","lgsn",3.16751995544448,2.62295641226248,42.7771524459621,7.5258152682141e-05,0.000506139998179684
"8535","XM_053635116.1","cilp2",3.39094784364078,5.14837108770043,124.007984196439,7.19701880106579e-07,2.46833348202655e-05
"8548","XM_053635148.1","si:zfos-943e10.1",1.99936866365094,3.22360982132076,43.1064851682915,7.0855547586712e-05,0.000487052910545093
"8557","XM_053635161.1","ankrd29",2.72087091237886,0.656100094289069,23.3784913973997,0.000574301391404367,0.00221457620868363
"8566","XM_053635184.1","yjefn3",3.55656123504828,3.89287264716214,71.5100210445888,8.49105524036071e-06,0.000117884392993961
"8567","XM_053635185.1","rsph3",5.27899418615659,8.61590451167154,188.496415498201,1.03958767336649e-07,8.91435783832918e-06
"8573","XM_053635199.1","LOC128613984",1.69994447906108,7.33311761207907,89.8854828842721,3.0620894571406e-06,6.29848845389987e-05
"8588","XM_053635252.1","LOC128614016",3.0469220341254,1.0538505407761,34.2198164753952,0.00013798821858123,0.000781579175085006
"8591","XM_053635257.1","thap11",1.93525155943688,5.79525101563281,75.7105267529652,6.53076891152849e-06,0.000100791936044789
"8611","XM_053635329.1","LOC128614056",6.12218592141224,4.58639356383014,157.956947714087,2.25291227587534e-07,1.2663244417316e-05
"8613","XM_053635331.1","ttc21a",4.55162533858285,2.74753338737199,66.1610924128582,1.01472410455907e-05,0.000131825760368333
"8619","XM_053635355.1","LOC128614063",3.13907582506339,3.49404071661708,75.4110457879928,6.74404792801252e-06,0.000102327471562202
"8622","XM_053635361.1","LOC128614068",3.05324916969341,2.99046829610733,34.1000220580561,0.000182432325534243,0.000952342626813392
"8629","XM_053635372.1","LOC128614081",2.67499652850477,3.13637655930638,31.0421663392088,0.000259323019588297,0.00122746229271794
"8671","XM_053635471.1","LOC128614152",3.07067749141525,6.96707112782618,213.384616520167,5.81804893492092e-08,7.1350436483712e-06
"8673","XM_053635480.1","LOC128614158",4.1248281967149,3.44551715302918,119.825844972808,8.91825449852483e-07,2.85313643917233e-05
"8674","XM_053635485.1","LOC128614161",3.23011142744619,5.16026382617908,98.0725258700615,2.07821934251604e-06,4.99887931521538e-05
"8688","XM_053635519.1","fam32a",2.10725459346365,7.04072810595463,91.7859767995014,2.79001399364552e-06,5.96628091534131e-05
"8695","XM_053635532.1","efl1",3.54885399309019,1.27999023859226,44.0313136755914,4.24535178448607e-05,0.000346607146611556
"8696","XM_053635541.1","saxo2",4.18550091689643,9.84459112723449,178.046112291876,1.35556899978391e-07,9.84033675717573e-06
"8707","XM_053635565.1","slc12a7b",2.50330772724975,5.86947154835265,65.0488097887296,1.26183497791745e-05,0.000152577678550119
"8712","XM_053635593.1","ankmy1",3.74510114177271,8.69336957304008,247.022118761013,2.92175188713831e-08,5.48545753464729e-06
"8722","XM_053635616.1","asb7",1.66120323053684,2.47430868739031,16.7621340285695,0.00227906234401386,0.00653559986269202
"8730","XM_053635649.1","LOC128614253",6.06211054431325,7.69966561847902,193.363515582598,9.24943901164153e-08,8.88927452087021e-06
"8731","XM_053635650.1","dynlt2b",3.65528500073689,4.35628504342867,73.7712980305336,7.36568573400497e-06,0.000108078976261055
"8735","XM_053635659.1","LOC128614263",3.88955147712787,4.80594879247818,178.346972965641,1.35527261751655e-07,9.84033675717573e-06
"8740","XM_053635667.1","LOC128614263",3.57542742951207,3.52365943932803,110.26404667076,1.26538512917758e-06,3.56888146876475e-05
"8753","XM_053635707.1","nme7",2.95178586119766,5.9551905502239,230.512971039637,4.04983494336387e-08,6.42732628070336e-06
"8756","XM_053635710.1","atp1b1a",1.81040904495902,8.94815168684823,89.0033608731022,3.19932251520081e-06,6.43403760876019e-05
"8758","XM_053635714.1","LOC128614437",1.68674103105691,7.35406296818465,76.1801092730989,6.35509238331068e-06,9.92056272912568e-05
"8769","XM_053635733.1","zc3h3",1.6071056954282,7.55208050036638,75.0150084554356,6.79829015792919e-06,0.000102851141193045
"8770","XM_053635734.1","cyldl",2.22977527479452,6.97426354354349,105.219464459232,1.51270756215413e-06,4.03421911303972e-05
"8773","XM_053635750.1","LOC128614458",5.57972827042273,2.38816556292463,73.8096619395045,1.5787541253167e-06,4.1290855464398e-05
"8774","XM_053635753.1","tubgcp5",2.54695816926913,1.8203217388973,31.5522870209967,0.000247974314155265,0.00118784932297542
"8811","XM_053635866.1","ralaa",3.22777192459713,2.30396610615246,51.9724903349655,3.37155449497098e-05,0.000299883099805441
"8849","XM_053636021.1","opa1",1.73908673447092,7.84480588744451,89.0800222295399,3.18711200075265e-06,6.42502728121843e-05
"8866","XM_053636082.1","znfx1",2.33511234512433,1.89910790474737,31.5469180896903,0.000248671458261138,0.00118991828741688
"8881","XM_053636151.1","larp4ab",2.02233181588362,3.80061435360799,44.0729131172524,6.46302031082951e-05,0.00045718585595167
"8888","XM_053636184.1","rreb1a",3.42357401058438,5.69679020866348,227.878502303978,4.27808737445514e-08,6.57565059922325e-06
"8903","XM_053636227.1","camkva",2.18335699796764,4.06305672967516,41.981007046908,7.869983868651e-05,0.000523200406019394
"8906","XM_053636233.1","sycp1",2.03608160407831,7.94771101034202,41.3540460887264,8.35164197154604e-05,0.00054624800095106
"8911","XM_053636247.1","glmnb",1.61731567932821,3.94122649078637,15.6937900603053,0.00280337197328079,0.00775281210686421
"8917","XM_053636257.1","ghrhrb",2.81316875115201,3.41707028988988,67.7156826366844,1.07124835450739e-05,0.000136761580147994
"8942","XM_053636341.1","inhbaa",2.05898182440443,5.94073671620857,41.5758997219294,8.17456211112403e-05,0.000537926062824698
"8957","XM_053636366.1","prok2",5.47263291605621,4.63963390367272,23.7909434157026,0.000702716263168716,0.0025959769210806
"8963","XM_053636379.1","pfkmb",3.03201248339947,3.08353988758238,71.8315770380132,8.41843448836467e-06,0.000117224813627049
"9004","XM_053636468.1","mrpl47",1.90384159965192,5.54601580221232,95.3505203257856,2.35418349559172e-06,5.40560601796295e-05
"9007","XM_053636476.1","mast2",1.97759474781771,4.13081277784478,57.6085664821977,2.12169996023377e-05,0.000217793779050503
"9010","XM_053636480.1","LOC128614845",4.97696567925841,7.0908929047348,396.270581115074,3.10047922068518e-09,3.69081115879312e-06
"9014","XM_053636488.1","erich2",4.34679805573321,4.48834515796627,252.101803994404,2.73934564124753e-08,5.48545753464729e-06
"9036","XM_053636542.1","tnni1b",2.29878743330712,2.7606988256857,25.9117135749978,0.000509243565372656,0.00201833260508031
"9039","XM_053636545.1","pde4ba",3.37399878278545,2.81181511170148,64.5631544388659,1.35945116331559e-05,0.000160843094584979
"9040","XM_053636550.1","pde4ba",1.72955718497905,5.20303380500367,48.6393315063852,4.30602257651521e-05,0.00034922792318952
"9041","XM_053636551.1","pde4ba",2.15310691809846,1.22917971072163,20.8894206741072,0.00109511069068268,0.00364616451270492
"9042","XM_053636552.1","pde4ba",2.09899488794164,2.62942731607471,27.7208242831316,0.000397174354438537,0.00167959252906213
"9082","XM_053636688.1","cfap20dc",5.51898382004656,0.83129301599461,44.3611320004652,4.11200147564659e-05,0.000339098725867381
"9086","XM_053636696.1","ruvbl1",1.83669996014877,7.16362449668404,91.3785129976176,2.84568379830203e-06,6.04539754946368e-05
"9101","XM_053636726.1","si:ch73-206p6.1",3.12693306537197,5.61586805460444,109.865972119918,1.24552556141453e-06,3.54214959351595e-05
"9103","XM_053636745.1","LOC128614977",4.26345214309344,1.20921527798992,38.9452087823888,3.9893293337035e-05,0.000333226332579939
"9122","XM_053636805.1","akap14",5.01432274658386,5.45608323656207,198.298177352785,8.33235404467875e-08,8.52336391818039e-06
"9140","XM_053636864.1","ttll3",5.0713135013487,6.88163543837971,208.773459332228,6.45841713810814e-08,7.36259553744328e-06
"9144","XM_053636873.1","LOC128615048",2.89643194658722,2.85155249714162,49.5268003771101,4.08793047008517e-05,0.000338141972006003
"9147","XM_053636878.1","LOC128615052",4.07761937816733,8.99458457775832,235.000211832441,3.69617611909657e-08,6.11923443544277e-06
"9153","XM_053636905.1","acbd5a",5.68490353380935,2.4939352692031,152.777595750423,2.87915682746802e-08,5.48545753464729e-06
"9157","XM_053636921.1","acbd5a",2.04743442649972,1.98065805174091,23.5794000966674,0.000723188730326043,0.00265563843671404
"9161","XM_053636939.1","tusc2a",4.54037083266445,1.44178090004043,36.5681654015163,5.3528967822713e-05,0.000401727830836383
"9164","XM_053636944.1","dnai4",3.34201777373167,4.05872416974475,120.168121547431,8.36813340085557e-07,2.73111579623085e-05
"9167","XM_053636947.1","LOC128615068",5.71641954806106,6.48109178262546,384.463672049351,3.61640460256501e-09,3.69081115879312e-06
"9177","XM_053636963.1","nipa1",2.12489734290698,5.28816326077177,27.5256236444566,0.000404670101281998,0.00170504934918089
"9224","XM_053637093.1","LOC128615209",2.85348185835112,1.38651718772517,25.9021057753626,0.000483304757968011,0.00194185590021995
"9229","XM_053637104.1","p4htmb",1.90682319814199,3.63192386694474,32.7630463858391,0.000209591237244868,0.00105108492728291
"9232","XM_053637112.1","zmynd10",4.81650506485113,6.69783414139094,156.360953988903,2.48073470815144e-07,1.34758837099179e-05
"9236","XM_053637129.1","LOC128615240",3.60230209677939,2.12278634735908,46.8209518914468,4.82187506837183e-05,0.000375813739079457
"9238","XM_053637139.1","LOC128615240",3.81526895562756,3.35888630219125,95.2983950989907,2.47562629332053e-06,5.55840564420598e-05
"9239","XM_053637149.1","LOC128615240",3.22664088157671,2.90531227804154,38.4771476965901,0.000114368366894536,0.000682909400667939
"9246","XM_053637192.1","slc15a1b",2.06038149052836,4.01188804192943,43.438372591356,6.85343329190841e-05,0.000474928844732077
"9248","XM_053637195.1","cfap90",2.67387177464964,5.54794168107728,157.981202524996,2.36251951753752e-07,1.30974198458553e-05
"9250","XM_053637197.1","glcci1a",1.78281620567388,5.72060558302566,59.9881617088898,1.78458979791235e-05,0.000194527681562555
"9253","XM_053637205.1","aicda",3.35121505980486,6.46671346984725,211.995215842049,6.00136727769936e-08,7.28101150074063e-06
"9257","XM_053637209.1","LOC128615271",2.4337545225627,5.42985852077603,22.0303909625855,0.000904097696374836,0.003152171765866
"9258","XM_053637218.1","ccdc14",1.94367844560052,5.32698106956837,65.5607047704747,1.22009838946387e-05,0.000149402063000311
"9261","XM_053637221.1","LOC128615281",1.97124781328477,6.7817548444553,49.2064389985392,4.10333828941524e-05,0.000338566037593752
"9272","XM_053637249.1","LOC128615297",1.92428216661564,4.05820075392169,50.7112444820605,3.62487068317661e-05,0.000314466273415128
"9282","XM_053637287.1","LOC128615312",5.46493847594465,5.75541938574854,139.967515010597,4.19884137320161e-07,1.79817048014253e-05
"9293","XM_053637312.1","mgat1b",2.88277035597505,2.63853440866504,47.2817205683467,4.98075184147585e-05,0.000384651281378462
"9295","XM_053637318.1","mgat1b",2.81048088973528,2.4243350282126,28.7971840850716,0.000349773158392195,0.00153030483460888
"9303","XM_053637348.1","mpp4b",2.40596135202469,2.90031584096192,39.7568836304396,9.87634346270256e-05,0.000612795124470023
"9308","XM_053637371.1","LOC128615361",2.94747321959305,1.48152839462785,16.8766323993343,0.00215717710419119,0.00626832570374359
"9310","XM_053637375.1","LOC128615363",2.77568323717587,2.26402195460204,28.6734529591257,0.000356051154828129,0.00155008276404919
"9315","XM_053637391.1","LOC128615372",2.21497209691702,2.09142764860895,25.4587899800779,0.000549153337540501,0.0021400323129768
"9332","XM_053637463.1","slc19a2",1.76060784052975,5.68771840846273,53.7157127826037,2.84678132663601e-05,0.000264544753820802
"9339","XM_053637482.1","tcf20",4.9030296526191,2.27373329772067,63.1151496133148,6.80958850036332e-06,0.000102925881086724
"9344","XM_053637497.1","abcc4",7.0351520330326,0.593986971236459,49.8605643819599,0.000123690386926429,0.000721289619439855
"9345","XM_053637505.1","LOC128615428",2.82720261518131,1.81885017071839,19.5910548469678,0.00136691921271595,0.00435781180803191
"9357","XM_053637547.1","ccdc40",4.02392388323103,1.68686941078269,81.8633358796508,2.46824165207576e-06,5.55714824253163e-05
"9368","XM_053637583.1","npy",2.99208188532507,1.78886019345531,48.3698211114831,4.38543631099218e-05,0.000353367063227184
"9380","XM_053637635.1","LOC128615485",4.00417004511281,4.25050205216716,112.922099318423,1.12046813125523e-06,3.3317577747132e-05
"9381","XM_053637647.1","dzip1",1.72652096389929,7.54867727417901,81.4321760564103,4.74174594422734e-06,8.17458821567116e-05
"9385","XM_053637661.1","LOC128615505",1.99622924242394,7.89005633841283,110.968987794452,1.18951766734111e-06,3.45088028654441e-05
"9388","XM_053637671.1","pecam1b",1.68672621350308,2.10377053946483,15.7369399890391,0.00279767902370205,0.00774035686817447
"9390","XM_053637679.1","txnl4a",1.90315640881547,5.19290109613176,95.0361077511387,2.38975022763448e-06,5.44863051900661e-05
"9401","XM_053637704.1","LOC128615530",1.58675141193327,5.91298723885063,15.1973262981476,0.0031002029037236,0.00842048399420765
"9404","XM_053637709.1","LOC128615535",2.18422543624097,2.16163234923469,36.7191916309916,0.000137206444636837,0.000777967749835768
"9425","XM_053637773.1","LOC128615574",3.74480119918733,3.3762798215205,61.4063987280423,1.67186573106485e-05,0.000185844708341981
"9441","XM_053637816.1","LOC128615598",4.09962866170771,2.07162476284842,50.8265260196723,2.80181296469516e-05,0.000262171955332285
"9446","XM_053637825.1","jmjd8",2.03988707846239,6.09275462897365,80.0866726456178,5.10347266363948e-06,8.57380278672005e-05
"9450","XM_053637838.1","LOC128615611",3.73257558507161,4.47567311224237,103.952989145509,1.61009917266337e-06,4.17449476021825e-05
"9454","XM_053637846.1","desi1a",1.67207768925199,6.73492808413744,73.9501593073042,7.23675881542438e-06,0.000106958862360209
"9468","XM_053637872.1","LOC128615650",5.29898232618403,5.58157741349651,300.785796821657,1.17927158795724e-08,4.76668285650951e-06
"9476","XM_053637886.1","cibar1",2.80643785921966,6.90315608571866,219.346313772812,5.11214878570082e-08,6.72990864135966e-06
"9485","XM_053637923.1","rbl1",3.96782291475494,1.80618661963462,70.6479319834633,5.80238925283505e-06,9.35548577937189e-05
"9490","XM_053637955.1","zswim2",3.11339526960617,2.40473209356801,56.2112534921362,2.44664369532985e-05,0.000238591976746985
"9501","XM_053637985.1","fam210b",2.22181202495325,2.66963372464873,23.9637594661043,0.000675793791059089,0.00251805709951997
"9505","XM_053637993.1","catip",3.33126007819798,3.46721341543603,84.2914973365618,4.16359773422788e-06,7.54762823311096e-05
"9513","XM_053638019.1","LOC128615716",1.78663222158791,2.27635194360076,19.9861195219687,0.00127533388633218,0.00411339010797874
"9517","XM_053638041.1","aqp10b",2.37652582652409,2.73572317289625,41.0334353812003,8.72605737770652e-05,0.000563227339833785
"9518","XM_053638043.1","ptprnb",2.85404252538155,6.24817800359877,97.801980937038,2.10137748574319e-06,5.03631090706117e-05
"9528","XM_053638068.1","s1pr5b",2.1581953500113,4.8833866176034,26.2196494315758,0.000484199463946075,0.00194358265578071
"9538","XM_053638085.1","zgc:112416",2.26278515047248,3.16598244725594,38.2502040512146,0.000114667975397977,0.000683448153807974
"9539","XM_053638086.1","LOC128615764",3.55497370907471,4.96882669977477,148.822907823249,3.12207947092545e-07,1.50866335747287e-05
"9545","XM_053638102.1","si:ch211-234p6.5",2.80319159349421,1.53793293556422,30.2651864667859,0.000279028895783773,0.00129610323240968
"9546","XM_053638103.1","LOC128615776",2.89805221473369,4.39027047611955,99.7443103095925,1.92909494129855e-06,4.77495243268209e-05
"9554","XM_053638124.1","slc9a3.1",2.928646783141,5.86871857440616,64.1573140205527,1.33911479635959e-05,0.000159511334241862
"9572","XM_053638156.1","odad3",4.94472238149612,9.33898534144203,125.81899921056,6.72246493631375e-07,2.40759430064263e-05
"9623","XM_053638282.1","LOC128615895",3.26133415105539,2.67006314001219,47.2022588180954,5.0473181013009e-05,0.000388336432622904
"9624","XM_053638283.1","LOC128615895",5.06498627866288,2.6331746168057,141.121151948246,1.71870537701563e-07,1.10018783550362e-05
"9629","XM_053638288.1","LOC128615902",2.14592769156545,2.84686200586184,33.8719770138614,0.000185194904594233,0.000962110114111505
"9630","XM_053638289.1","ercc3",1.60658866863363,6.52472676525268,74.2563180371274,7.10763154527616e-06,0.000105749212652062
"9634","XM_053638305.1","sucla2",1.72782384695989,5.89273328248475,72.0746575124239,8.09467985491829e-06,0.000114542550254735
"9638","XM_053638313.1","LOC128615915",2.42866684813012,4.98462319775867,55.769530238525,2.43216364284539e-05,0.0002383305679489
"9651","XM_053638352.1","LOC128615939",2.79326580328732,3.61418044472299,76.0967403251941,6.4318926531535e-06,9.99449066202815e-05
"9675","XM_053638404.1","ap1m2",2.3952753264625,5.31222523446588,65.4964022141089,1.22540127909318e-05,0.0001496110604026
"9676","XM_053638405.1","cdkn2d",1.7240871508705,4.46284477932911,53.338259298801,2.9335804563738e-05,0.000270591455428941
"9702","XM_053638465.1","rrp7a",1.8434242387933,4.4017142234306,51.7836991039395,3.32047462329856e-05,0.000297021827157609
"9709","XM_053638475.1","ndufa6",1.63212711852388,5.62791530046976,42.9533072295374,7.16495912857646e-05,0.000491467620226253
"9717","XM_053638500.1","LOC128616041",5.41676770355871,6.90475872348773,138.523791643934,4.33899608556146e-07,1.82440697748231e-05
"9728","XM_053638552.1","stk24b",1.58717141480784,6.26247808769547,81.1707389218261,4.80990717325179e-06,8.256922303351e-05
"9754","XM_053638671.1","ube2o",3.29197259105098,5.21642792374693,155.127393126446,2.57366470279891e-07,1.38413568800361e-05
"9766","XM_053638699.1","ift27",3.13766533581859,5.19027920619765,110.432632805772,1.21770376897901e-06,3.49506890287807e-05
"9767","XM_053638705.1","psmb3",1.78249210405489,5.40247333025616,70.9328064277359,8.67829459771208e-06,0.000119556410832324
"9769","XM_053638710.1","LOC128616170",3.58484996133986,4.09456190713639,48.7707920523333,4.29045494294996e-05,0.000348489135055062
"9791","XM_053638790.1","si:dkey-237i9.1",5.1897733510315,2.02700836744532,83.095929437214,8.39578522491317e-07,2.73462718754315e-05
"9803","XM_053638832.1","cfap52",4.53612470234598,9.17329397470501,190.691588627081,9.84631885690761e-08,8.91435783832918e-06
"9804","XM_053638833.1","LOC128616253",2.06484734347431,5.32774221852489,101.19358692198,1.80371925358787e-06,4.54099646610893e-05
"9808","XM_053638847.1","lrrc69",3.5023355706593,4.22772409070637,132.163256298864,5.41953397841282e-07,2.09382854516818e-05
"9819","XM_053638865.1","LOC128616288",3.09309042205673,2.24813086179881,48.3773451502532,4.54881069024767e-05,0.000361493114647665
"9837","XM_053638917.1","zglp1",2.83559866417984,2.79619131206515,50.1273984489736,3.88944921255122e-05,0.000329141206919513
"9838","XM_053638921.1","zglp1",4.67911535318956,3.09614556881822,87.6068832162617,3.20788099972409e-06,6.43484233253205e-05
"9839","XM_053638922.1","LOC128616323",5.3465543777433,3.83916194755859,196.656920132355,8.11632167377363e-08,8.3937269379921e-06
"9845","XM_053638946.1","c12h6orf136",3.13011793444155,2.07319069551372,50.2572122283535,3.82960639489696e-05,0.000326970824475696
"9862","XM_053639018.1","plcd3b",2.76010295644453,1.32254393345768,35.5186626789632,0.000144338706942769,0.000804875986217547
"9864","XM_053639020.1","mpp3b",1.72121896850644,2.34718420387239,18.267318112808,0.00172269628930297,0.00522424269974456
"9866","XM_053639022.1","nmt1b",3.21822524421293,1.68772694047133,34.8298216340015,0.000155603966407696,0.00084897775807475
"9873","XM_053639072.1","galk1",1.7032252790442,5.96482758186352,68.198677810344,1.02886419426792e-05,0.000132711183878956
"9874","XM_053639073.1","mrpl43",1.6245050614374,3.40869139327429,29.4722513567112,0.000313781178193611,0.00141450562868231
"9902","XM_053639176.1","timm23a",2.09982525150182,5.14579538368623,64.3058647835957,1.32599571005926e-05,0.000158298071935393
"9905","XM_053639179.1","c13h10orf90",4.60056639899088,1.50544674517797,38.7884530914855,4.0783635108445e-05,0.000338141972006003
"9920","XM_053639208.1","oat",2.00353670368855,2.02918635665428,25.9473323855245,0.000511601521845742,0.00202637764512818
"9926","XM_053639219.1","wbp2",2.17440211978851,5.27620969120059,88.0922355044341,3.35067339885036e-06,6.58506332059086e-05
"9944","XM_053639257.1","LOC128616631",2.03292066956542,5.09461342345301,14.4930572952228,0.00359168507214565,0.00951435083421598
"9947","XM_053639274.1","usp42",2.70635560129164,2.39811570884955,49.5622858222326,4.11560776232486e-05,0.000339223311896715
"9948","XM_053639276.1","usp42",2.39275663708038,3.45331977252355,35.3697072762269,0.000155940912062016,0.000849670644382332
"9950","XM_053639280.1","eif2ak1",2.22234660058208,5.38541113826746,87.5906123905665,3.4364998340634e-06,6.67827842902982e-05
"9953","XM_053639296.1","pdzd7b",3.17907791746617,5.01668640234699,136.574516913451,4.62802384398472e-07,1.87219283754565e-05
"9958","XM_053639323.1","LOC128616658",2.2637709069764,3.0188982655638,42.8318396694745,7.29540794962089e-05,0.000495793719095142
"9959","XM_053639326.1","ormdl3",3.17690351512103,3.80478403657867,39.7387097580082,9.85906357000463e-05,0.000612492705206362
"9968","XM_053639368.1","cntd1",2.19323792157979,2.26854970130216,28.0070495115219,0.000385323160035462,0.00164493969268303
"9975","XM_053639439.1","sstr2a",2.49581402229823,5.73840475832791,80.8172301790103,4.90467009150358e-06,8.34876965733543e-05
"9993","XM_053639480.1","g6pc3",2.11478672297844,1.1306627168948,17.7151642133694,0.00189826935934723,0.00564356003473149
"10016","XM_053639548.1","LOC128616753",2.0738857648522,6.56481059429038,27.1439225793791,0.000426079292185078,0.00177173685638121
"10017","XM_053639549.1","LOC128616754",2.90060444567353,4.56887526572366,56.11796301404,2.37154143206812e-05,0.00023583394539998
"10019","XM_053639552.1","LOC128616757",3.10890783497497,3.97554029034551,44.3955524321469,6.29073159005481e-05,0.000448401296236499
"10034","XM_053639577.1","scn4aa",2.3529571889818,6.43454707675556,105.045589529741,1.52410784627532e-06,4.05127386133084e-05
"10038","XM_053639586.1","si:ch211-217a12.1",5.59745680469817,0.896988352040811,52.1459160297864,2.00272583110025e-05,0.000209974907732195
"10039","XM_053639588.1","si:ch211-217a12.1",4.66547953677115,0.788549606975178,36.4435196770714,3.99718733409232e-05,0.000333710513482653
"10040","XM_053639596.1","cfap119",5.89713697879585,8.26225822631241,145.075952612249,3.50192991942989e-07,1.62900119355549e-05
"10070","XM_053639704.1","tbata",4.46224748981897,4.91958071363657,149.028842624373,3.13594568111652e-07,1.51085382993793e-05
"10073","XM_053639707.1","LOC128616863",1.85087146151021,3.20104256913838,23.052928656797,0.000771656084328819,0.00278705236347946
"10106","XM_053639800.1","slc16a9b",2.47870961189594,5.78966400487398,56.7410674926727,2.26020937660476e-05,0.000227115266222705
"10108","XM_053639803.1","phyhiplb",4.34521158207219,2.43314037058885,68.2945461946582,8.28043388925292e-06,0.000116256430008002
"10109","XM_053639804.1","phyhiplb",4.86891371920664,3.04255880679574,94.6191129015336,2.03713456057679e-06,4.9293175286423e-05
"10110","XM_053639806.1","fam13c",3.19185872142515,5.08694515416943,111.76680524685,1.15369576080796e-06,3.38947858002891e-05
"10113","XM_053639815.1","kansl1a",2.67118687595635,2.19567612963478,35.6147344463531,0.000155729788054775,0.000849304442733671
"10123","XM_053639845.1","LOC128616945",2.03412648272402,4.92862749863867,98.3250211153248,2.05249849302415e-06,4.95908143359326e-05
"10129","XM_053639864.1","chac2",2.33078670776632,6.0780319385867,92.7375068976952,2.6650016273789e-06,5.79074447570599e-05
"10150","XM_053639916.1","dmc1",2.15155721255244,5.5007086027551,44.3053105966731,6.31719874404094e-05,0.000449506871510043
"10154","XM_053639939.1","dbf4b",3.70989966001729,3.57030037575424,102.83598222336,1.73736495682679e-06,4.40132455729452e-05
"10159","XM_053639950.1","LOC128617014",2.86058883212852,5.74999260268721,161.874035249914,2.11073113573236e-07,1.22467797939912e-05
"10161","XM_053639953.1","lrrc45",1.94746589820489,3.11985190840065,24.3017705392106,0.000639427577507495,0.00241089121552433
"10194","XM_053640077.1","pelo",3.17657133243641,6.07369626744843,186.346119136489,1.09703559728254e-07,9.05722059373465e-06
"10196","XM_053640089.1","LOC128617094",3.01318696575145,1.96167050900596,36.0391087644383,0.000146457468964124,0.000814446412776103
"10199","XM_053640112.1","acadsb",1.7589215797043,5.36255430205783,76.5238779913386,6.2331062577248e-06,9.79962561067432e-05
"10204","XM_053640124.1","LOC128617119",1.66750061565055,3.57293992555359,38.6206271992389,0.000109997107107492,0.000663425175058151
"10207","XM_053640130.1","rhobtb1",1.79754730922564,4.82908425115689,50.005663440758,3.83936326057742e-05,0.000327458442898984
"10214","XM_053640142.1","pkmyt1",1.98440341647303,1.04340702484658,17.1984440711201,0.0020930873077937,0.00611336759353867
"10231","XM_053640185.1","LOC128617162",4.04315142260811,6.71918157215292,390.742482574274,3.31263176705593e-09,3.69081115879312e-06
"10260","XM_053640299.1","LOC128617238",3.68094023662908,2.96056773562493,57.731401435132,2.18683135843155e-05,0.000222364485114887
"10293","XM_053640377.1","LOC128617298",6.27464389714112,6.8436303356372,151.755685094252,2.87390965777133e-07,1.44321177059819e-05
"10297","XM_053640383.1","LOC128617306",4.25736207630441,4.77294482063612,45.3171929159398,5.79806410471859e-05,0.000422788566338669
"10359","XM_053640515.1","ttll6",4.49902565706778,1.90863227559274,37.3562127293741,7.5000653223856e-05,0.000505241011031629
"10360","XM_053640519.1","arid5b",1.84173758643717,3.10197778318548,35.9924113225554,0.000145592136320069,0.000811027358138087
"10384","XM_053640585.1","rasd1",1.77031805541369,4.0143563397965,28.858797555962,0.000339377306696161,0.00149859242793166
"10385","XM_053640586.1","med9",1.96404267382323,4.58210630695266,68.5351496440203,1.00783673352114e-05,0.000131311356428867
"10389","XM_053640594.1","ndufa4b",3.86478745108097,5.30395004281832,124.830421790223,6.98910259235125e-07,2.43088154920666e-05
"10405","XM_053640632.1","eif3c",1.90088277221333,2.06151836141853,20.050972995863,0.00126687883056534,0.00409101027512301
"10409","XM_053640646.1","dnai2b",2.21134055450665,2.09985789172337,28.4180452440143,0.00036658125089263,0.00158272291718078
"10413","XM_053640663.1","atxn7l3b",2.30436488945327,1.49879951766665,17.8967239566379,0.00185628527146603,0.00554112962834079
"10424","XM_053640685.1","LOC128617533",3.60526186070249,1.14231948489326,40.7015597856926,5.16431105796808e-05,0.000393080706462199
"10425","XM_053640691.1","ptpn6",1.59476354700211,4.16599804840063,24.0758597689296,0.00065996774723718,0.00247533778783028
"10426","XM_053640697.1","LOC128617537",1.63191662385472,6.36418492797362,58.1440370793867,2.03768784886178e-05,0.000212676279157798
"10448","XM_053640765.1","LOC128617605",3.20915640231972,1.97683486709416,46.1240949492486,5.33784526477822e-05,0.000401342494873339
"10463","XM_053640802.1","incenp",3.15085556152349,0.978533458520269,32.6086211213519,0.000153485715031749,0.000841960947114184
"10478","XM_053640835.1","arid2",2.46360463332921,2.82230037377048,48.9536479816541,4.24976835453458e-05,0.000346607146611556
"10486","XM_053640868.1","LOC128617705",2.08596369134955,1.97901439902027,21.5573166150545,0.000991279865337778,0.00339471936959762
"10502","XM_053640908.1","LOC128617729",2.47179457980858,1.68968957156783,24.5055766526037,0.000630547357107436,0.00238321284540163
"10521","XM_053640938.1","LOC128617798",2.2907971311398,3.41036497224459,28.4273566479246,0.000359744418285592,0.00156294756929876
"10525","XM_053640956.1","pkp2",3.10422912091909,3.91197580630419,96.606802145245,2.2369279857472e-06,5.24043273998202e-05
"10527","XM_053640960.1","lingo1a",2.72091122052902,0.797392475586606,15.2516043356871,0.00272060323651986,0.0075503386238271
"10546","XM_053641015.1","LOC128617838",2.6245001816074,3.86815028144308,63.1456022447611,1.43804048252419e-05,0.000167716133509377
"10547","XM_053641016.1","LOC128617839",3.42077341284858,3.7592719104671,50.5403774587324,3.71290009800277e-05,0.000319364648174649
"10548","XM_053641017.1","LOC128617839",2.59817491484306,3.28635499016251,28.0044303285093,0.000381266006873507,0.00163021568134837
"10549","XM_053641019.1","LOC128617840",5.03558376883057,3.97096331045499,121.394563891512,8.31762680410186e-07,2.73111579623085e-05
"10550","XM_053641020.1","LOC128617841",4.1453161969015,4.26778298930939,115.171868658198,1.02918649149912e-06,3.16738990957942e-05
"10551","XM_053641021.1","LOC128617843",4.51413209450127,4.61594032896697,171.542868895935,1.65818627244042e-07,1.09116745440104e-05
"10552","XM_053641022.1","LOC128617844",3.86497193035573,5.25902940788708,139.322075597809,4.22863103926203e-07,1.80614984864311e-05
"10553","XM_053641023.1","LOC128617845",4.27849099092479,3.98106278672242,69.6480825516251,9.70767667694775e-06,0.000128165619115938
"10555","XM_053641025.1","LOC128617846",3.68006548202894,3.8101658926572,135.841261779065,4.8629199051055e-07,1.92002310789873e-05
"10556","XM_053641026.1","LOC128617847",3.77955091156292,5.24150204732139,151.406779442529,2.88270290956833e-07,1.44321177059819e-05
"10574","XM_053641056.1","hprt1l",3.32808627901737,5.9894290985697,167.419952573346,1.80576224717939e-07,1.13807304026779e-05
"10592","XM_053641123.1","mdkb",3.03222906602849,1.89832547876467,31.6375648978495,0.000240698092975978,0.00116345796628699
"10599","XM_053641152.1","LOC128617913",4.31026851664822,4.18400901687664,132.804252106686,5.44839431737436e-07,2.09996683832515e-05
"10602","XM_053641159.1","ppt2b",2.02178609995188,7.2325018271662,107.520348782926,1.37199319726389e-06,3.78361599272707e-05
"10605","XM_053641162.1","slc16a10",1.75910789871909,5.77901779978539,51.7023674177774,3.34031865752519e-05,0.000297923297124065
"10628","XM_053641230.1","rpgrip1l",6.70565596968831,1.88477476336549,91.0607046877276,1.46797045215973e-06,3.96058427992696e-05
"10629","XM_053641231.1","rpgrip1l",2.41733631162569,3.25990018479434,47.5706868540723,4.7459279781511e-05,0.000372224235030572
"10636","XM_053641249.1","LOC128617969",2.06110340150672,5.23641390518968,97.7891013082083,2.10312958560251e-06,5.03631090706117e-05
"10648","XM_053641319.1","brd1b",2.01670097568263,2.76685465664217,24.9423462545082,0.000583567279869446,0.00224335956459905
"10657","XM_053641352.1","LOC128618010",2.87053776646611,5.67590685912119,25.6366422489576,0.000525650036877264,0.00206785487168145
"10661","XM_053641370.1","rtcb",2.37644332631074,6.36207677307282,162.02408760669,2.10075486929929e-07,1.22327409439629e-05
"10662","XM_053641372.1","fbxo7",4.80279650862426,3.09627908015074,83.3612124678788,3.82725912604512e-06,7.13775008437999e-05
"10664","XM_053641379.1","rag2",3.28049453868966,1.62975347222645,43.4125504992301,6.17468883445521e-05,0.000442282578991862
"10672","XM_053641400.1","rmdn3",1.97418893976467,6.43662282899797,54.2502285533881,2.73058507188576e-05,0.000258795498779682
"10678","XM_053641417.1","si:ch1073-44g3.1",1.67839371187953,1.61744336829682,17.2173045435816,0.00211280175940623,0.00616141864191463
"10681","XM_053641435.1","wu:fb13g09",4.64068580620114,4.28102557005818,259.870837150824,2.45438076834402e-08,5.44267340793876e-06
"10689","XM_053641461.1","adck2",2.29938786983484,4.0825715019085,79.3822401891206,5.31630304744999e-06,8.80862985999186e-05
"10691","XM_053641475.1","fnbp4",1.76694891281476,9.24443300370278,88.3978947747669,3.29782646071061e-06,6.51834123882581e-05
"10694","XM_053641484.1","cpt1ab",3.10768997332005,2.11997414334995,46.6047730129215,5.25832365313873e-05,0.000398137246478062
"10719","XM_053641553.1","smu1a",2.22512583975074,4.31782685034422,72.1662678889867,8.06022725907544e-06,0.000114502371613142
"10728","XM_053641596.1","LOC128618141",2.05174862884262,4.86864495117253,51.1015878340665,3.50845404183355e-05,0.000307165246236893
"10729","XM_053641597.1","LOC128618143",2.50658257827028,4.57980696910418,77.5862903178918,5.87371871193606e-06,9.43291255047827e-05
"10735","XM_053641612.1","LOC128618152",5.58831228701566,4.69020532359789,184.143186499734,1.24594327689005e-07,9.44727359726849e-06
"10738","XM_053641623.1","cdkn1cb",1.91981722822477,6.28767920537652,81.8659474194738,4.63249880151003e-06,8.06353662353166e-05
"10740","XM_053641628.1","upf2",4.37487354373564,2.70649219275493,110.210873356411,1.08308497698346e-06,3.27107828496423e-05
"10753","XM_053641675.1","cops2",3.53828697894192,2.33208665921189,44.9474814242515,5.99550473558227e-05,0.000432895765653906
"10754","XM_053641676.1","galk2",2.16501509887064,3.06272369544491,33.2178947101366,0.00019932590088423,0.00101372531684383
"10755","XM_053641677.1","galk2",4.28534961271344,3.24321061471491,82.4066976165493,4.68158538448934e-06,8.12011586601719e-05
"10773","XM_053641737.1","LOC128618222",2.16407184281789,6.07059515603889,40.5325633329148,9.0547691393005e-05,0.000576854005615885
"10800","XM_053641798.1","LOC128618261",1.94843847737734,7.10970949935972,38.5357711208331,0.000110801673200232,0.000666539385271405
"10804","XM_053641811.1","myo5ab",1.85557879712595,6.46030454909596,47.8310596169747,4.61373646278795e-05,0.000364683427048884
"10832","XM_053641884.1","trappc9",3.5012937508429,4.80832137055212,95.3255425444993,2.36419696313673e-06,5.41324192917361e-05
"10835","XM_053641892.1","rab3il1",1.61617429790516,5.00569723822829,32.1498574692802,0.000225123681383043,0.00110668149232575
"10836","XM_053641897.1","rbl2",3.4819492839049,2.45271865261173,75.016050642794,7.02231924598078e-06,0.000105159393111875
"10841","XM_053641904.1","cnot2",2.68274507917965,2.04172851003438,39.2610320462427,0.000106166023589615,0.000647086016842879
"10845","XM_053641908.1","LOC128618349",2.20517726417288,1.8980262761916,22.0021926167669,0.000925651367191881,0.00321443342830355
"10847","XM_053641911.1","lama2",2.35122636658246,7.49715106803615,69.9839253496593,9.19817010323421e-06,0.000124491969537328
"10849","XM_053641917.1","LOC128618355",4.19998529985284,4.1812069685476,156.642804078917,2.54130108259095e-07,1.37128606416608e-05
"10850","XM_053641918.1","LOC128618356",4.397482290675,4.89624450695436,117.340494974575,9.34700034346666e-07,2.96684787372624e-05
"10851","XM_053641925.1","LOC128618359",4.52764672895234,4.62843716536533,200.499012693094,8.02853148070365e-08,8.3937269379921e-06
"10852","XM_053641926.1","LOC128618360",4.18394570356704,5.41043712796055,281.73296245691,1.57798808105805e-08,4.76668285650951e-06
"10853","XM_053641927.1","LOC128618361",3.770929424688,4.32614562987713,177.356913959504,1.39994581234097e-07,9.8962108341378e-06
"10855","XM_053641931.1","si:dkey-42p14.3",4.87756466925261,4.90862379865645,128.237530046608,6.3320967234988e-07,2.31385963340855e-05
"10859","XM_053641939.1","LOC128618372",2.49091156308671,1.57475638153542,19.5982939515326,0.00136699829263566,0.00435781180803191
"10901","XM_053642037.1","LOC128618440",3.99734106059691,1.46183811353869,35.7220711501486,9.08757217848607e-05,0.00057840163774458
"10944","XM_053642156.1","fgf18a",2.29132205015817,4.04776523164787,40.8112898333535,8.82055965886663e-05,0.00056729129820315
"10945","XM_053642157.1","LOC128618520",2.46813361606065,6.42442030430482,162.339380070224,2.08192226849735e-07,1.22327409439629e-05
"10965","XM_053642200.1","LOC128618550",1.82090564459939,3.08242092528767,19.0470607358312,0.00149269888032036,0.00467023762555586
"10968","XM_053642204.1","slc13a1",3.41851046306685,1.17181156605336,24.3751301570991,0.000485340444051712,0.00194761802387435
"10974","XM_053642227.1","LOC128618561",2.00012865356329,4.08207760559081,28.37837442938,0.000361422278741768,0.00156813289956359
"10975","XM_053642229.1","LOC128618562",2.53675804747198,1.81536057579416,28.4861721289457,0.000364358211091361,0.00157706703773983
"10979","XM_053642253.1","iqub",3.21545210474745,1.17388612241432,42.155886076701,5.7494552824391e-05,0.000420999910007284
"10996","XM_053642301.1","dynlrb2",2.56251612271603,6.29067475049632,151.897974957508,2.83156381327303e-07,1.44231420294368e-05
"10999","XM_053642319.1","dnmt3aa",1.81230117802522,2.34171819183631,22.2981756114242,0.000872874997082688,0.00306909219217518
"11004","XM_053642343.1","LOC128618629",3.8677163751732,2.5495470972147,76.1088181257757,6.33924687128851e-06,9.91494959926748e-05
"11012","XM_053642366.1","gareml",2.37659210071529,0.818779175614258,18.4978131282061,0.00153095978455918,0.00475684779125606
"11020","XM_053642390.1","LOC128618660",3.95951823298232,2.81421402491612,18.3293555848023,0.00170833551030562,0.00519431540962196
"11024","XM_053642398.1","LOC128618667",2.32791499895504,3.38656263634083,35.6436460779352,0.000151314180526288,0.000833116020550518
"11025","XM_053642399.1","LOC128618667",3.09730169792857,3.06968188061358,81.1389061531071,4.96149834801508e-06,8.42777914561051e-05
"11026","XM_053642400.1","LOC128618667",2.05909792404899,3.98518681501868,37.9055756306681,0.000118443522785538,0.000698747721156084
"11027","XM_053642401.1","LOC128618667",2.80781156127457,3.25085267562159,66.7273015325429,1.14505677422509e-05,0.000143792178688267
"11028","XM_053642402.1","LOC128618667",3.89078050961175,4.70272954550007,137.591673700636,4.49918685900967e-07,1.85908339847639e-05
"11029","XM_053642403.1","LOC128618667",2.47144475569785,3.52008014797892,38.4565691247618,0.00011210093801456,0.000673104593686829
"11030","XM_053642404.1","LOC128618667",4.00934063619342,4.15557401712764,165.335737922408,1.96553806224267e-07,1.19617030645054e-05
"11031","XM_053642405.1","LOC128618667",2.85531892311121,3.32857938013015,48.8607292011184,4.26635999020115e-05,0.000347578437450308
"11033","XM_053642407.1","LOC128618668",2.7020261660816,3.68688894495534,31.3997419142752,0.000247123319997811,0.00118501972104908
"11034","XM_053642408.1","LOC128618669",3.43773575583801,3.32630432279361,66.1116303690967,1.20946077091316e-05,0.000148548945064812
"11037","XM_053642415.1","best1",4.09633760252442,3.49513151517908,60.2043910433741,1.82860662328823e-05,0.000197870882471858
"11039","XM_053642424.1","cfap210",4.80217249784814,7.52345088739475,176.909888008105,1.39753120019003e-07,9.8962108341378e-06
"11046","XM_053642439.1","tspan17",4.60984580307025,1.77511575734857,55.4426719704658,9.75916928084876e-06,0.00012838886101779
"11058","XM_053642512.1","tmem79a",2.3666787788691,1.79983338990311,33.7834493110043,0.000191297966784306,0.000984026528854259
"11072","XM_053642537.1","LOC128618866",5.10607252155595,5.35083604041338,125.216646891594,6.99771931016989e-07,2.43088154920666e-05
"11080","XM_053642556.1","prelid1b",3.28866046512608,0.681398367981882,25.9541052533244,0.00030072636826855,0.00137285912282326
"11081","XM_053642566.1","prelid1b",7.13369487309294,0.675866995553216,42.1439227096461,0.000217498693055853,0.00108168013615611
"11082","XM_053642568.1","LOC128618900",4.89376546853762,4.63310475872723,168.461880200705,1.83871082446829e-07,1.15182993736291e-05
"11094","XM_053642605.1","LOC128618915",5.2671381266238,6.87764208476654,245.712073282171,3.0048280246567e-08,5.48545753464729e-06
"11110","XM_053642662.1","efhc1",5.0224113191746,5.08995228321892,181.395925761078,1.28042343973136e-07,9.51137428137761e-06
"11120","XM_053642697.1","LOC128618959",3.87501154320668,2.72366745253282,98.5591979099385,2.08363263615163e-06,5.00442805846033e-05
"11123","XM_053642706.1","LOC128618964",2.39784176920977,1.14673706357275,15.5525935186264,0.00283943687935204,0.00783179488889944
"11125","XM_053642712.1","LOC128618968",1.96070801419915,1.31861814521465,18.8671763743184,0.00156316595006387,0.00483581451012391
"11129","XM_053642721.1","acap3a",2.63328602345227,6.490459716606,124.733715059983,6.9942517565415e-07,2.43088154920666e-05
"11130","XM_053642725.1","ube2j2",3.67541691400419,0.988995908258754,39.2825017255272,4.9867300653003e-05,0.000384651281378462
"11131","XM_053642728.1","ube2j2",4.18968128693299,3.59389628680962,123.644375225025,7.72067222794174e-07,2.59299257315189e-05
"11138","XM_053642744.1","ccm2l",1.98522752778507,2.07460206788519,25.7173135580565,0.000527719395875878,0.00207549115171008
"11158","XM_053642862.1","tec",1.91319513430767,4.06228859852581,43.703033813188,6.68488419161597e-05,0.000467653004727223
"11169","XM_053642883.1","ubxn10",3.8537422236952,7.1395077396425,382.521187053761,3.66520984146797e-09,3.69081115879312e-06
"11185","XM_053642946.1","LOC128619075",3.12383634330109,2.48383826910529,52.8262392232189,3.17298404871252e-05,0.000286630947436151
"11216","XM_053643050.1","LOC128619122",1.90323636415874,5.08566921821482,25.9303187487904,0.000504235432564421,0.00200462466072126
"11235","XM_053643109.1","eif4e3",2.60524103231181,6.97295235210875,163.861521797557,1.99367553670452e-07,1.19976280996925e-05
"11244","XM_053643146.1","LOC128619169",2.2415168446967,4.78322970533962,38.173994166138,0.000115094792735725,0.000685235198531045
"11250","XM_053643160.1","selenoi",1.81909845182074,6.30179612361903,92.1778682339085,2.73757551122533e-06,5.8774366546042e-05
"11258","XM_053643171.1","cs",3.0493450723058,2.91122689860333,87.3313696088523,3.60833166175918e-06,6.87196152241853e-05
"11277","XM_053643221.1","pink1",1.84215047974299,7.16082745725804,58.832803221769,1.93820974525347e-05,0.000205607728415224
"11299","XM_053643276.1","LOC128619249",2.80745805025479,2.72474142906891,44.2726667468691,6.48228625308138e-05,0.000458232532161054
"11300","XM_053643281.1","hipk1a",3.48659596314688,3.04374886627857,57.0025210707586,2.29757288987814e-05,0.000230440582040566
"11301","XM_053643287.1","LOC128619249",2.89639700743192,2.00898985989691,20.13717779939,0.00125194990166262,0.00405493497561314
"11302","XM_053643291.1","hipk1a",2.87250823779275,1.61566060274279,39.9227165485309,9.46071117627147e-05,0.000594295663645644
"11312","XM_053643337.1","scara5",2.20511702807512,2.90264492869908,21.4029642140147,0.00100423580806943,0.00342660968498244
"11322","XM_053643354.1","zgc:154075",1.65506775552634,2.16051782485206,19.3558722854822,0.00142201366783611,0.0044933744397679
"11331","XM_053643383.1","eno3",1.82183412401472,3.94757274883863,28.2734340807969,0.000366458832072902,0.00158272291718078
"11344","XM_053643427.1","LOC128619318",2.35121392567466,0.676254070179919,19.1112463924003,0.00132796127645186,0.00425599626672001
"11352","XM_053643472.1","LOC128619336",5.6031896865688,2.05609310133924,43.6397690565625,1.68588319633908e-05,0.00018692518618039
"11366","XM_053643521.1","armc1l",1.78634162028246,5.42757093397145,84.0352140844703,4.12832002368054e-06,7.50047637972397e-05
"11368","XM_053643527.1","spsb1",1.6631904982415,5.8511722475572,79.4836583638474,5.27596540817854e-06,8.75972595154813e-05
"11376","XM_053643538.1","rps6kc1",1.62784615233073,2.12497705393269,18.8929600963424,0.00154292022276052,0.00478802658797615
"11379","XM_053643549.1","LOC128619384",4.55371160353924,2.97365095827674,71.0804623281944,8.08791454206867e-06,0.000114542550254735
"11385","XM_053643559.1","LOC128619394",3.90653767107601,3.87934627568349,72.0574578771042,8.29985434454397e-06,0.000116284941950326
"11386","XM_053643560.1","znf217",2.03463264704073,3.71517689399146,51.6736107282646,3.35453252446517e-05,0.000298861708894013
"11387","XM_053643562.1","c2h1orf198",1.93944132593505,5.62909738015278,44.7206624166604,6.08077086934485e-05,0.000437296840661726
"11394","XM_053643581.1","LOC128619406",4.42038498618838,5.20282315986418,176.87423173935,1.41022713768873e-07,9.92554648039352e-06
"11395","XM_053643582.1","LOC128619407",4.05582385274343,3.59115782427165,122.478828944887,8.02206418275552e-07,2.67754999980302e-05
"11403","XM_053643604.1","dazap2",2.03375430426219,8.83440388264435,133.970914702053,5.04403207331556e-07,1.97706516229618e-05
"11413","XM_053643622.1","actl6b",1.80157806081559,3.62091547651123,33.6736381015408,0.000188496129161198,0.000974257771028566
"11431","XM_053643675.1","si:rp71-17i16.6",3.78227365990687,2.04838698412895,37.2358946606861,0.000115204790350297,0.000685612886961375
"11434","XM_053643681.1","ttll10",1.81496969441802,2.91618302894558,21.6243037150425,0.000967254556155517,0.00332921102193334
"11446","XM_053643704.1","kcnk2b",3.82548350354423,3.25950674183613,109.865015168533,1.31597685608704e-06,3.6772435709025e-05
"11450","XM_053643709.1","ptpdc1b",2.18424928776869,3.6814688309704,17.6189870718385,0.00193234408582382,0.00572939065932536
"11458","XM_053643731.1","lca5",2.80218584745491,7.14626744153304,128.341882769768,6.13977258828908e-07,2.28484226802813e-05
"11471","XM_053643773.1","LOC128619537",4.56057986765498,6.31658248142954,369.317674414268,4.34494701962314e-09,3.69081115879312e-06
"11477","XM_053643786.1","LOC128619544",4.38444143420592,7.14945388773249,289.496760277809,1.38072146201002e-08,4.76668285650951e-06
"11479","XM_053643795.1","LOC128619547",6.0722534542827,8.57541596966493,135.594017381322,4.77669035707925e-07,1.89522214461762e-05
"11480","XM_053643798.1","LOC128619550",3.32585418176309,8.26024469164864,262.246902253546,2.20295263009707e-08,5.31286197132585e-06
"11493","XM_053643836.1","LOC128619577",3.17451185289429,5.11168544433285,44.6423880042431,6.12963729794414e-05,0.000440029128953968
"11498","XM_053643844.1","irak1bp1",4.22590206167276,4.0506279302808,186.269081975533,1.15076142814172e-07,9.13882167033001e-06
"11505","XM_053643861.1","LOC128619593",6.70898979859983,1.88565845868863,67.5537469489179,6.07627011419231e-06,9.59635713254099e-05
"11507","XM_053643864.1","LOC128619596",4.60560964720276,0.741376760231986,48.3088061525815,9.49198301208731e-06,0.000126466025514131
"11508","XM_053643866.1","g0s2",1.99714052857799,2.526184745789,31.535815081751,0.000244524907406476,0.00117633557239109
"11513","XM_053643892.1","ikzf4",1.8924101872276,3.88223527749069,48.4027168472196,4.3986033225088e-05,0.000353899555590321
"11517","XM_053643902.1","naa10",3.62771554806149,2.0311050138456,54.0515792097297,2.55270459702244e-05,0.000246705564278204
"11521","XM_053643916.1","LOC128619624",4.22050993254879,4.57057315018722,38.3915649458794,0.00011337199656895,0.000678722588926835
"11522","XM_053643917.1","LOC128619624",4.07453193644137,8.12884853829788,40.3558650689866,9.21452968372644e-05,0.000583130596247707
"11535","XM_053643963.1","LOC128619646",4.46356099959921,2.99817057605889,89.742464283195,2.98014428973345e-06,6.21682677348004e-05
"11542","XM_053643992.1","LOC128619666",4.42910504384983,7.45387088237258,154.458737197953,2.62179768846741e-07,1.39269692814749e-05
"11550","XM_053644013.1","LOC128619681",1.61279818656086,3.00911506746053,29.1414089392335,0.000327730234120831,0.00145669880009556
"11586","XM_053644139.1","sh3gl2b",2.75958015747189,1.92406770871852,31.5298722208403,0.000248018946853034,0.00118784932297542
"11592","XM_053644159.1","LOC128619729",3.94447658674117,3.27240762170472,79.3883085109947,5.56755767700641e-06,9.09461389257112e-05
"11594","XM_053644161.1","kif3b",2.09008505492859,3.05025281406724,42.066951837472,7.83405715890753e-05,0.000521337927843836
"11596","XM_053644172.1","LOC128619755",2.14895353513026,3.51848932344544,25.4270654124899,0.000542433858569674,0.00212048280669545
"11606","XM_053644202.1","tnnc2.2",5.11343290704386,6.1779439200978,388.264306562153,3.43657057073428e-09,3.69081115879312e-06
"11639","XM_053644295.1","LOC128619832",4.70627259655582,5.48429469396426,125.6587063341,6.81114123652893e-07,2.41402943329081e-05
"11640","XM_053644297.1","LOC128619832",2.8910390698121,1.0600582068465,18.4114202680014,0.00150217889107529,0.00469083176865873
"11646","XM_053644318.1","mul1b",2.22013395752296,1.43440890225721,18.7712468703568,0.00158540037072296,0.00488728763369854
"11647","XM_053644327.1","LOC128619848",5.76811448940756,8.54025102412369,214.956396066812,5.62378377895087e-08,7.11232904794193e-06
"11655","XM_053644339.1","slco4a1",4.17535032757448,9.03533033877847,146.528431812424,3.34194654663516e-07,1.5726578690968e-05
"11685","XM_053644413.1","LOC128619909",3.07077934932249,6.22927280576376,106.563373688063,1.42906086801077e-06,3.88148277371784e-05
"11698","XM_053644453.1","LOC128619928",2.84145606517264,1.02701811062303,22.4240332090676,0.000748973164255016,0.00272519163474044
"11699","XM_053644456.1","LOC128619929",5.34211031762688,6.72736572443884,213.824722725876,5.78254539347685e-08,7.1350436483712e-06
"11708","XM_053644493.1","ccdc62",3.94396413489641,1.92716651112253,42.7380203403061,5.86565906655141e-05,0.000425990529247798
"11710","XM_053644502.1","denr",2.84884542898384,2.30368324877449,46.6930015502468,5.27893112505133e-05,0.000398578997445573
"11723","XM_053644562.1","rfx3",3.33062757722543,3.24435123266546,69.4763516297473,9.76320038997404e-06,0.00012838886101779
"11724","XM_053644563.1","rfx3",2.21012535274927,3.1374394128241,35.5767604205239,0.000152582417154258,0.000838426398130727
"11728","XM_053644580.1","tctn1",1.82559458189849,6.85230353218825,58.6273806155021,1.96727369532066e-05,0.000207261342454952
"11738","XM_053644602.1","LOC128620002",1.91232523613207,2.78971499331369,17.9730359857209,0.00181352804205489,0.00543957605054374
"11748","XM_053644647.1","cfap298",3.04366789224144,4.16711013035374,142.613321264996,3.80745523377212e-07,1.6779326862267e-05
"11759","XM_053644670.1","LOC128620042",1.63590486578875,3.33750064919384,23.37275723659,0.000734358226746,0.00268408014779053
"11760","XM_053644674.1","tbl2",1.86355158714203,5.79935997394215,93.9968501716972,2.50930813595855e-06,5.59513500067452e-05
"11761","XM_053644675.1","bcl7ba",2.40521951600392,6.58458965851022,146.918030573549,3.30166252702631e-07,1.55823069934408e-05
"11763","XM_053644684.1","slc25a1b",3.00128184229587,7.9191754297441,105.49273664375,1.49502057923867e-06,3.99362923048112e-05
"11765","XM_053644701.1","LOC128620056",5.77034545515284,8.59036463084946,213.709726715306,5.77921510684086e-08,7.1350436483712e-06
"11766","XM_053644705.1","cdc37l1",1.80364831686652,5.94146114160258,19.6522865802877,0.00134068008922703,0.00428679492354255
"11775","XM_053644725.1","LOC128620074",3.11202361438131,2.74717127932885,54.5161976051384,2.76880494635542e-05,0.00026103144345492
"11811","XM_053644827.1","LOC128620132",2.37697899830852,2.21189635912574,22.8165955742444,0.000812421942545614,0.00290046096332646
"11825","XM_053644873.1","kmt5aa",2.16204198670731,6.51188488686429,104.860908573545,1.53617487773879e-06,4.0766555607927e-05
"11828","XM_053644883.1","ivns1abpa",4.76238696553454,2.69189726537157,82.5231684749733,3.22757260106262e-06,6.4483110635756e-05
"11841","XM_053644915.1","rab11fip1b",1.83287910041805,7.08063390812369,57.1701150071548,2.18877022095796e-05,0.000222421923018628
"11842","XM_053644917.1","dnajb13",3.86186689028381,2.98386633241429,44.2859145274985,6.53334926569997e-05,0.000460649316027184
"11849","XM_053644943.1","arr3a",2.93813658476034,3.65555071486861,48.1998920478882,4.49702373021446e-05,0.000358983411754389
"11879","XM_053645059.1","ift46",2.31910758837582,5.54585177206695,92.7905300618379,2.65872780530423e-06,5.78824844304214e-05
"11899","XM_053645128.1","ltn1",1.99263258484607,6.38770077064138,87.2616619672039,3.49314162391884e-06,6.7599287717394e-05
"11900","XM_053645130.1","ltn1",2.03106250230326,2.20919811683062,15.9896803888074,0.00266427450669538,0.00742563608984681
"11914","XM_053645173.1","esama",2.68238005030018,6.48228153946407,108.986121594291,1.2908748220679e-06,3.62160859959015e-05
"11918","XM_053645188.1","LOC128620303",2.93175317243564,5.50379875298459,86.6575097406983,3.60446201515792e-06,6.87196152241853e-05
"11919","XM_053645190.1","fam166b",4.78476993102073,6.56928277595444,164.18202558971,1.97954267211009e-07,1.19839361463239e-05
"11920","XM_053645191.1","fam166b",3.74006597257305,2.33863827847045,84.222677129498,3.95735180546797e-06,7.2714654968122e-05
"11935","XM_053645225.1","acer3",2.78082331540536,2.64101940559752,55.1621266698561,2.62062284074824e-05,0.000251949540236148
"11937","XM_053645234.1","ccdc83",7.77683685618083,1.22790932960577,78.2689266457415,2.5297511133928e-05,0.000244925903251212
"11958","XM_053645322.1","si:ch211-176g13.8",1.71633480655569,7.69795234691565,67.7388957289703,1.05926279676764e-05,0.000135659384130337
"11971","XM_053645355.1","inip",1.64019316718258,4.57716165311692,53.5886136151258,2.87620568534284e-05,0.000266378873227934
"11976","XM_053645373.1","morn3",3.95110789316156,4.44745202737111,153.54529798886,2.73226932956811e-07,1.42013752389202e-05
"11991","XM_053645447.1","nek1",2.27723888407176,2.90901769255337,44.801003432699,6.08708863818713e-05,0.000437362587105962
"11992","XM_053645451.1","hapln1b",5.00709558774502,2.37926096724956,53.0270438931189,1.5558009848317e-05,0.000178239959960762
"11993","XM_053645456.1","LOC128620443",2.26920481655572,1.44677208784594,14.8946629830228,0.00333318107797234,0.00893664842748108
"12038","XM_053645584.1","mboat1",1.64658932852151,4.66784204296866,32.9189787417084,0.000205550389146939,0.00103658869143634
"12040","XM_053645590.1","acat1",2.56999925603777,6.67412978630212,112.422918583944,1.12163949778279e-06,3.3317577747132e-05
"12083","XM_053645696.1","vps51",1.66707487132201,6.47900856120807,65.7986825902,1.20088067365336e-05,0.000147612260540861
"12090","XM_053645719.1","smg6",1.78431906936957,6.39274055760238,94.3811204339347,2.46370453746562e-06,5.55465864240857e-05
"12092","XM_053645722.1","smg6",1.6997949527967,3.26597439400501,26.9652220158799,0.000437318693717771,0.00180318772641449
"12093","XM_053645723.1","smg6",1.68239404511342,2.35940257070206,25.0845869075742,0.000572761799324188,0.00221180057429865
"12100","XM_053645754.1","grk3",5.20437127426135,3.10035454244921,171.092189196339,1.01310340898192e-07,8.91435783832918e-06
"12144","XM_053645882.1","gnsb",1.79963469581311,6.04609282932228,70.7747635159089,8.76117705660347e-06,0.000120191469654489
"12145","XM_053645883.1","nudcd3",3.34621188319933,7.19817101084699,282.536837101407,1.54863220092187e-08,4.76668285650951e-06
"12151","XM_053645892.1","LOC128620544",4.72734747237482,4.86843958894055,135.446810142505,4.91106603633552e-07,1.93431476876398e-05
"12156","XM_053645900.1","arhgap39",3.03469297076866,2.46859694658087,53.7634833413632,2.94798379138315e-05,0.000271329631031964
"12168","XM_053645929.1","LOC128620690",3.09752055245998,5.94328251539956,135.829097762837,4.73826214953827e-07,1.89223815919881e-05
"12175","XM_053645940.1","cercam",2.23743099402525,2.75963342029863,15.4931684448627,0.00293094966270672,0.00804445797556738
"12177","XM_053645949.1","swi5",1.85902504058549,5.52971311299876,50.2165740460164,3.77196354817309e-05,0.000322559672043455
"12193","XM_053645985.1","katnal2",4.00518643989539,1.83658327431958,51.6183218038098,2.38146851769399e-05,0.000235986484471846
"12195","XM_053645988.1","hdhd2",1.69212216986183,4.33883480753174,57.3935942854051,2.15452874069492e-05,0.000220047389617472
"12200","XM_053646002.1","LOC128620743",3.13794228768656,6.07074443621984,172.581352974696,1.56805528307955e-07,1.04921965293158e-05
"12206","XM_053646015.1","pdzph1",3.62574327049731,3.80688517301834,48.9773280726017,4.24171515394957e-05,0.000346607146611556
"12213","XM_053646030.1","si:ch211-221n20.8",1.84998592623199,6.31867895825641,59.3368196358504,1.86929952924792e-05,0.000201198276459211
"12218","XM_053646048.1","LOC128620775",2.54847319781051,4.22684868041586,59.1773317785394,1.89425281159241e-05,0.000203198032843694
"12219","XM_053646049.1","LOC128620775",2.02953475371816,2.11543896542681,26.093117462747,0.00050046254665501,0.00199396694689916
"12220","XM_053646050.1","LOC128620775",3.06488413243805,5.85086379195068,99.0680861270935,1.98411083723534e-06,4.84446247860719e-05
"12224","XM_053646068.1","cntfr",3.37249046126087,1.93328437679965,39.4281607948343,9.74365670489458e-05,0.000607622382084875
"12245","XM_053646137.1","LOC128620818",3.17082780497989,3.68329790524622,86.4270686010485,3.68894790217384e-06,6.96810835943875e-05
"12249","XM_053646144.1","si:ch211-266i6.3",2.35765367017545,6.49552795892866,104.068496553104,1.58962504240958e-06,4.14377619750826e-05
"12271","XM_053646193.1","LOC128620854",3.29032267933941,5.22688723300936,122.277538956237,7.66959970740709e-07,2.58657250132304e-05
"12275","XM_053646199.1","LOC128620860",2.24177956244333,0.946138184077325,19.2835640340324,0.00138594035777062,0.00440450350531542
"12285","XM_053646244.1","tpte",2.04836483913586,2.25942655507103,27.1894669899536,0.000429144824919582,0.00178036812552491
"12286","XM_053646250.1","fgl1b",2.15200219680815,0.541460895969896,14.5421785335177,0.00328997863986561,0.00883861580978023
"12296","XM_053646269.1","sub1a",2.78469821976902,0.518691614875502,14.8788443906642,0.00266527743383377,0.00742563608984681
"12309","XM_053646310.1","pxylp1",2.37984532824628,2.07898184085247,29.884346872404,0.000304548652100248,0.00138463511079805
"12323","XM_053646349.1","ift20",1.72634092953846,3.1693156400951,27.6607024315563,0.000398092487388094,0.00168259038794738
"12345","XM_053646436.1","pdgfd",4.35635884773898,1.55611164170855,34.8892783029928,8.4352605737085e-05,0.000550382902729517
"12353","XM_053646449.1","bcas3",1.63022416921131,3.11117099629453,26.7422338339529,0.000451041869600594,0.00184753688894089
"12401","XM_053646574.1","LOC128621089",3.86602056414578,3.93333292827533,163.492934020154,2.07909403209181e-07,1.22327409439629e-05
"12404","XM_053646581.1","esamb",2.0204738523602,3.27646653308612,35.7249520055609,0.000149882347410367,0.000827804653660535
"12406","XM_053646587.1","LOC128621098",2.10320546609103,6.23705246879592,53.6570060953036,2.85971405178883e-05,0.000265580224614753
"12407","XM_053646588.1","LOC128621100",1.77446280575856,5.76810614040067,35.8936321783216,0.000146735378580608,0.000815151787392889
"12413","XM_053646594.1","hspa8b",1.7244026356869,9.83405367428759,79.7630766713241,5.1943868253436e-06,8.67400277221729e-05
"12415","XM_053646597.1","itgae.2",2.00845519921246,2.1774210359101,28.3844858403813,0.000366299474435536,0.00158272291718078
"12416","XM_053646598.1","cul5a",5.224880728993,2.57336483088388,93.2117248278018,1.01667654398449e-06,3.13706879584151e-05
"12417","XM_053646599.1","cul5a",4.11573061543901,0.355909012483158,23.2696085039063,0.000324425528552761,0.0014471334292685
"12432","XM_053646626.1","ssh2a",2.41812515901059,0.725019667938016,22.4499582265923,0.000749602035247502,0.00272625426793677
"12462","XM_053646759.1","jam3a",3.99518560620345,2.98592185305127,97.5584374781542,2.22080623999451e-06,5.21020455261321e-05
"12463","XM_053646760.1","jam3a",2.62379326828095,6.40038754065199,68.7956746258423,9.90841595133166e-06,0.000129876467546686
"12467","XM_053646766.1","LOC128621186",1.89478801751162,3.98811667563872,38.4465788079873,0.000111942726418785,0.000672404027928494
"12470","XM_053646775.1","gtf2b",1.70966424015727,7.6201970993107,77.081267182509,6.03600501471578e-06,9.58637678763319e-05
"12471","XM_053646778.1","bag6",5.3482038478191,4.51669644087837,117.363106649342,9.79635589714293e-07,3.06145577727702e-05
"12475","XM_053646795.1","gria4a",1.93078574191762,5.6255756481093,43.4714866966911,6.8245796480724e-05,0.000473740546067736
"12489","XM_053646836.1","ccdc105",1.67316664678195,3.15337797861315,29.7734885607809,0.000302168948727794,0.00137750237736005
"12501","XM_053646871.1","LOC128621245",3.75955478341742,8.30623638339206,163.182643725077,2.03238266769181e-07,1.2095665670807e-05
"12502","XM_053646872.1","tlcd5a",3.02335916004201,0.501694446845484,25.6475385338189,0.000318550814927689,0.00143003344205475
"12505","XM_053646877.1","nek8",1.80730755010504,3.85265217800423,45.7482458300482,5.54756327616835e-05,0.000412891743975233
"12506","XM_053646878.1","nek8",2.22138079126873,2.83046983356893,40.2990693102427,9.34521286223142e-05,0.000590112560573229
"12515","XM_053646897.1","blmh",1.81707411823862,4.97161221458976,84.9904146029264,3.92780736994349e-06,7.22538019370968e-05
"12562","XM_053647038.1","chordc1a",2.34944960837084,7.09377332484203,183.662614629679,1.17317374503856e-07,9.17455873656245e-06
"12600","XM_053647158.1","LOC128621411",1.76632834718226,3.60094003196126,14.9297153500602,0.00327870495499907,0.00881802223152101
"12602","XM_053647161.1","LOC128621413",3.35538587564896,1.80279568027997,42.8228473424119,6.77260946610493e-05,0.000470940730400801
"12609","XM_053647183.1","LOC128621406",4.56998596011092,5.33442768637528,250.554802882376,2.76060145346774e-08,5.48545753464729e-06
"12617","XM_053647226.1","eml2",4.09345382063952,2.06533696026897,72.8177340071628,5.67841378378504e-06,9.21063750820764e-05
"12625","XM_053647245.1","hfm1",1.66331031605581,6.91974644636069,46.9380865451243,4.98603692190439e-05,0.000384651281378462
"12632","XM_053647269.1","LOC128621474",2.55809135880153,2.71271688194938,30.6279438845472,0.000274526096646449,0.00127952633952841
"12649","XM_053647316.1","zgc:174895",2.04470910199077,5.39721557381167,51.9649232048523,3.27088844469204e-05,0.000293347047881854
"12650","XM_053647317.1","chp2",1.63043182922239,3.50081574409035,18.6520054212384,0.00159979381628025,0.00492440811902351
"12657","XM_053647328.1","nphs1",2.77760332359959,3.68861643269129,79.9645072111101,5.16999860724753e-06,8.64586130724411e-05
"12668","XM_053647371.1","armc2",2.35414205904742,0.547496067637749,22.8642324582506,0.000668936485314672,0.00249798012093977
"12674","XM_053647400.1","LOC128621548",2.42803004145704,3.27475253185022,33.6034579599276,0.000190602048286503,0.000982632470592964
"12710","XM_053647478.1","rhoga",3.11983368931859,3.49739882827822,62.4085685052549,1.52651381636155e-05,0.000175254771510639
"12719","XM_053647499.1","adgb",4.51845453873826,1.92455004350992,57.2120224455735,1.08564689027637e-05,0.000137947031866513
"12744","XM_053647566.1","LOC128621645",6.27004356301525,9.95827294776715,97.0317383663142,2.17680332166279e-06,5.15833724189727e-05
"12745","XM_053647571.1","aire",3.50916678244644,2.98138264149971,50.7500122759983,3.73934090195974e-05,0.000320447064695205
"12752","XM_053647602.1","mark4b",2.25933095792159,3.06095667594011,37.4713848441862,0.000124518822929943,0.00072429418095218
"12753","XM_053647603.1","ift172",1.9746457408506,3.75593011313639,24.2916891429464,0.000639508702709506,0.00241089121552433
"12770","XM_053647647.1","LOC128621696",1.78610018890166,4.20878588740601,20.8459702172766,0.00109606660338542,0.00364715389288469
"12773","XM_053647657.1","si:ch211-149e23.4",3.60777351957763,3.29787743194742,41.7318078836213,8.25867855983017e-05,0.000541702271197008
"12792","XM_053647693.1","defbl1",2.52518102866275,2.23107377384037,19.5538943165419,0.00138545447918546,0.00440450350531542
"12808","XM_053647728.1","slc30a2",2.94241327042692,3.65964397162973,32.2343027067814,0.000223831037899265,0.00110267098037532
"12813","XM_053647738.1","gtf3c2",3.05180702633278,1.04884477806027,21.5949318480533,0.000818394466573213,0.00291842677925746
"12817","XM_053647743.1","gtf3c2",3.49984268640301,4.18671197570046,104.810141299825,1.55350897782206e-06,4.10918355114111e-05
"12840","XM_053647824.1","LOC128621809",3.30874502488684,5.49062997854104,99.7718207383604,1.92321614584642e-06,4.76769111316414e-05
"12845","XM_053647832.1","slc1a5",2.17639750838466,7.61324864125109,90.5666427894276,2.96094240429291e-06,6.192730702932e-05
"12847","XM_053647836.1","LOC128621830",2.5693871865217,2.18596640216271,36.4413785256417,0.000142250583876585,0.000798457854297556
"12858","XM_053647871.1","otx5",5.06164994945913,4.39457294237418,171.57026228588,1.72626458004644e-07,1.10018783550362e-05
"12883","XM_053647936.1","LOC128621923",3.31989236041315,4.60565116782497,177.506642012556,1.38145125689448e-07,9.89510307372028e-06
"12884","XM_053647937.1","LOC128621923",3.07257146689593,2.54189538492714,68.8123329430642,1.03477131644007e-05,0.000133366863618884
"12892","XM_053647975.1","scamp1",2.19715925049507,1.09068201793363,24.5548221567283,0.000608674379981186,0.00231895054439526
"12893","XM_053647979.1","tor1",2.37665740072585,1.68313214771621,32.1053862634329,0.000232145839070928,0.00113123926636971
"12894","XM_053647980.1","tor1",4.14620984793238,2.61290567029406,81.9802249821462,4.32744359870017e-06,7.71720070965797e-05
"12902","XM_053648003.1","dcaf12",1.76440524924761,6.25250060631827,77.0976928646044,6.03100029068722e-06,9.58637678763319e-05
"12906","XM_053648011.1","bnip1b",1.84955498799821,3.01438378578944,29.4677414261129,0.000314479395644283,0.00141646979874503
"12916","XM_053648054.1","st6gal1",2.9993364600074,1.49684174980903,27.3325435142627,0.00039528033711453,0.00167503877511405
"12917","XM_053648055.1","st6gal1",4.12872709948648,1.0915541460105,23.9355517529208,0.000351932367875693,0.00153518759665096
"12918","XM_053648057.1","LOC128621975",2.95595287901611,5.99840599053399,187.412692414646,1.06815569325999e-07,8.95922505828641e-06
"12937","XM_053648125.1","odf2a",5.55429035601409,3.70335763702178,184.332131445997,9.03986938674217e-08,8.86893367470196e-06
"12938","XM_053648128.1","odf2a",4.71283163124998,3.13483386628626,162.470807838357,1.89678089573301e-07,1.16898952393527e-05
"12951","XM_053648203.1","ccdc92bb",3.44524091236125,3.87523408460059,77.8235763688955,5.85975139618976e-06,9.42635203138213e-05
"12965","XM_053648237.1","capslb",3.12854945556478,3.17484473066062,50.7324961100315,3.68567472939554e-05,0.000318206413437093
"12999","XM_053648334.1","LOC128622102",3.72012993255657,7.99472688284587,219.473598186827,5.09793729379288e-08,6.72990864135966e-06
"13012","XM_053648365.1","pou5f3",1.67856508798503,3.83133832752537,19.1939285665708,0.00145287324846034,0.00457303366635739
"13035","XM_053648417.1","LOC128622153",1.64385414247682,7.00416788771019,79.7527178143763,5.19754304982133e-06,8.67400277221729e-05
"13038","XM_053648444.1","LOC128622163",3.18375148183693,2.18909188319149,41.9839822660546,8.03418429720537e-05,0.000530629846606122
"13039","XM_053648446.1","LOC128622165",1.66912563067131,7.52604733417975,71.296228803823,8.48499674897847e-06,0.000117884392993961
"13047","XM_053648468.1","grk6",2.46850944945503,7.33536745415795,157.042349436789,2.42726172654854e-07,1.32298022994504e-05
"13067","XM_053648528.1","polq",1.71763804127759,6.3051945794049,92.9441867209494,2.63834342132388e-06,5.77155450059337e-05
"13069","XM_053648530.1","cfap300",2.58768405748106,7.48928669199352,192.59489530939,9.3996676853035e-08,8.88927452087021e-06
"13073","XM_053648537.1","siah2l",1.81408343389594,5.6515998302609,78.7190193671932,5.50531220701076e-06,9.01112173984734e-05
"13077","XM_053648549.1","egfl7",2.31538776599051,6.23869990040315,91.114709035455,2.88301803923595e-06,6.06200113890607e-05
"13078","XM_053648551.1","agpat2",1.76445967604203,7.29247160271494,99.310370307598,1.96141852645924e-06,4.80354661215162e-05
"13098","XM_053648604.1","LOC128622251",5.48169510793311,7.66077223677746,143.00865473755,3.74200552845078e-07,1.6687489116959e-05
"13131","XM_053648731.1","bbs1",1.91377565780214,3.44455090557088,20.3584503996791,0.00118999905662092,0.00389143854244995
"13136","XM_053648739.1","LOC128622321",4.70090230994062,5.80052386180728,242.99578789578,3.17596830392895e-08,5.56323320388327e-06
"13137","XM_053648740.1","diablob",1.68090046040537,5.02459397784912,42.2333792004557,7.6740346177988e-05,0.000513123801705605
"13139","XM_053648747.1","abhd11",2.82591075887559,5.13204817905239,109.147253462521,1.28349710960747e-06,3.60716166845933e-05
"13149","XM_053648782.1","septin8a",2.48621858596926,5.11415112203298,83.5544574366156,4.23607361479595e-06,7.61082793299855e-05
"13150","XM_053648793.1","dnai1.2",3.25397174919168,1.48220208964869,41.0232181047226,7.43562808265723e-05,0.000502160815194223
"13176","XM_053648859.1","tmem38b",4.30487510781458,7.12480963483148,353.09453909068,5.37142566177262e-09,3.69081115879312e-06
"13177","XM_053648860.1","pof1b",2.34600893868016,7.34043682378318,86.9708957081097,3.54496671179306e-06,6.79123326988238e-05
"13180","XM_053648864.1","zmat1",2.8180417377194,5.21108105674218,85.7269904824881,3.78199648437634e-06,7.08599063531066e-05
"13182","XM_053648883.1","mamdc4",2.4915564011672,6.1114187634851,95.9735273242494,2.28648260965493e-06,5.3180431731457e-05
"13187","XM_053648899.1","zmat2",1.63358690271735,5.73209599925825,68.2939072558075,1.02268297731409e-05,0.000132254718181013
"13188","XM_053648916.1","LOC128622422",2.8370299801606,1.74202543668098,38.3020641918836,0.000114337366655209,0.000682909400667939
"13189","XM_053648919.1","wdr73",2.12825985325024,5.34618098277637,83.2082978257678,4.31319958774506e-06,7.71514640070906e-05
"13195","XM_053648939.1","cfap53",8.1692466249858,1.5835341484711,46.1851124717476,0.000158379265230459,0.000858909060485989
"13198","XM_053648949.1","nectin1a",4.7497956767425,0.857592268900308,33.1067630844699,6.38302925424427e-05,0.000453393934039957
"13199","XM_053648951.1","LOC128622435",4.37742827624449,5.47166842627412,147.865038988423,3.22091715777514e-07,1.54260967307882e-05
"13210","XM_053648976.1","tsen54",2.63208772063889,3.24799789126692,43.0089154000188,7.17962638048582e-05,0.000492206137390875
"13215","XM_053649003.1","tsen54",2.26235220762008,2.29986803870424,27.54781358883,0.000409881149402005,0.001721628450057
"13216","XM_053649006.1","adssl",2.91274493375732,7.16278958837154,202.581976097643,7.42122787718097e-08,7.98426590408052e-06
"13217","XM_053649007.1","LOC128622471",2.97330640184602,3.34145207176,43.7456591240751,6.7223402772205e-05,0.00046925935492732
"13223","XM_053649037.1","mzt2b",4.88401899520364,2.02267140934937,41.2404447023206,3.94822997368642e-05,0.000331500605299811
"13226","XM_053649042.1","dym",1.95618411658699,7.87011116152068,68.8587121660985,9.86728978231423e-06,0.000129652343340992
"13227","XM_053649043.1","sc5d",1.84724345801971,6.43344441537327,75.5809858278435,6.57914537944822e-06,0.000101232115156186
"13230","XM_053649046.1","LOC128622474",3.17583944430041,3.56937493913848,86.2671050027504,3.7300444532803e-06,7.02115809415133e-05
"13239","XM_053649079.1","LOC128622474",5.85319335516831,5.5200642015462,211.611621217635,6.39346052400637e-08,7.34023680585923e-06
"13242","XM_053649088.1","LOC128622474",3.38252586926269,4.36812762714791,71.42650567073,8.45691112087628e-06,0.000117612093835692
"13259","XM_053649133.1","LOC128622536",6.18733707088212,7.55802438164151,229.148036961223,4.1778705238398e-08,6.56615223688531e-06
"13261","XM_053649135.1","cmc4",1.73009601529623,5.30445407032486,24.5564418791656,0.000614465517268648,0.00233551720909717
"13276","XM_053649185.1","skp1",3.53256702929895,0.870835842024362,26.3752106312075,0.00028097682347486,0.00130216227266276
"13277","XM_053649186.1","dlat",3.28589238163874,7.14907420700969,234.897430179975,3.70450317935132e-08,6.11923443544277e-06
"13280","XM_053649191.1","gabra6b",2.97442165742571,2.71028418647075,30.8425812039484,0.000269417391134028,0.00126305494575084
"13282","XM_053649202.1","heatr6",1.92621090528351,6.99500427359477,88.7426461112484,3.24143012724573e-06,6.45607161980802e-05
"13311","XM_053649277.1","LOC128622627",2.7883482493585,4.84717181730441,83.5762674044086,4.23383944437537e-06,7.61082793299855e-05
"13314","XM_053649296.1","LOC128622633",3.40879659821001,5.3941307533058,180.919942097127,1.2605702353657e-07,9.44727359726849e-06
"13322","XM_053649314.1","LOC128622644",2.61551539771663,4.58798932762324,64.0525467082239,1.34985156687947e-05,0.000160362206084401
"13323","XM_053649315.1","LOC128622644",1.64880808437787,4.7855261611043,55.5077209915996,2.48039163660331e-05,0.00024101188363346
"13356","XM_053649402.1","LOC128622701",2.34962064385763,7.13305528028309,85.2753256518358,3.86832173467281e-06,7.18123764230315e-05
"13360","XM_053649421.1","LOC128622718",2.62319988337426,3.60497825590352,61.3160915280436,1.63348938310921e-05,0.00018356777216175
"13362","XM_053649434.1","si:dkey-1d7.3",2.49786445857876,2.02453410162038,30.4811226156857,0.000283197980643235,0.00131058002019803
"13363","XM_053649435.1","rimbp2a",3.29574306876755,6.52368449651761,242.387909888007,3.1960754136468e-08,5.56323320388327e-06
"13368","XM_053649442.1","kcnk12l",1.75758463806068,1.47529965621952,16.5652112431953,0.00239751499559577,0.0068065543228173
"13378","XM_053649469.1","LOC128622646",2.55356692894442,3.70258488732283,71.3236013284167,8.5080524969824e-06,0.000117956336828244
"13387","XM_053649494.1","myo7ab",3.3328217992749,3.79326101259721,40.5088476734734,9.14713276124251e-05,0.00058022643079543
"13393","XM_053649513.1","lhx5",2.40530509365512,3.39228452190998,54.7941546887549,2.63137508076473e-05,0.000252499702474329
"13401","XM_053649526.1","LOC128622789",2.50226058620633,8.20334139114814,140.153380862327,4.10078760136161e-07,1.76083686182604e-05
"13403","XM_053649532.1","LOC128622793",5.07483110918598,1.91893607921506,47.0851574014435,1.58491509793265e-05,0.00017974378368517
"13405","XM_053649534.1","rbm41",2.92452203131387,4.28861034183921,100.019993088647,1.90641752168815e-06,4.74056633503652e-05
"13414","XM_053649551.1","ddias",1.98135133293639,6.55933128379556,93.3991847504853,2.58147162990413e-06,5.70886103072242e-05
"13437","XM_053649595.1","b9d2",2.16103839398745,1.9235525455531,18.3648240178376,0.0017098754212593,0.00519802128062826
"13438","XM_053649601.1","LOC128622838",1.94439071562539,4.9343469833196,49.9559765211338,3.85524898245769e-05,0.000328467213305395
"13444","XM_053649612.1","zer1",1.61405708197932,4.42490836668501,38.8887443120385,0.000106902141387971,0.000651052928397832
"13452","XM_053649635.1","slc2a9l2",1.80030889793347,5.25804273588044,69.2292644062213,9.64400815174995e-06,0.000127702174230356
"13468","XM_053649698.1","LOC128622893",2.61624325234656,2.10104917527241,22.5802323416977,0.000845805809718839,0.00298754188255042
"13472","XM_053649710.1","adipor2",2.41247896972658,7.3004671724006,129.825116662284,5.82547146129793e-07,2.19819888147998e-05
"13484","XM_053649738.1","LOC128622961",2.44367566967095,5.90647552455276,106.033420302086,1.46137997519539e-06,3.95598980576304e-05
"13494","XM_053649763.1","ldhba",3.02942987406542,8.20388258111517,209.514258701295,6.33803777352251e-08,7.32858253412731e-06
"13519","XM_053649897.1","LOC128623040",4.20343237960512,6.87832594307151,276.794360759829,1.70785523645634e-08,4.76668285650951e-06
"13520","XM_053649898.1","LOC128623041",4.12193722286386,5.60188246911804,169.1622131865,1.72526511686447e-07,1.10018783550362e-05
"13522","XM_053649904.1","LOC128623045",2.10214901767801,3.19524832173486,46.3485162460724,5.27414433487576e-05,0.000398578997445573
"13523","XM_053649905.1","LOC128623046",2.99906057300524,1.50150685864711,37.6047646883132,0.000114657853544975,0.000683448153807974
"13524","XM_053649906.1","LOC128623046",2.10284084633757,3.21716646034362,40.8427378773676,8.81337319058613e-05,0.000567054392723403
"13541","XM_053649937.1","slc37a3",1.93071325881342,6.47529715011173,61.8713854514179,1.56390163676524e-05,0.000178646448242583
"13550","XM_053649964.1","msrb3",1.91261598010211,2.40653927363608,22.9235753493614,0.00079189447229466,0.00284453363418768
"13560","XM_053649980.1","LOC128623093",1.91493133900973,7.88383655783289,102.24948890037,1.72060706457006e-06,4.37255685420096e-05
"13570","XM_053649999.1","LOC128623107",6.03997033269822,6.14633718755574,185.65277728435,1.14593595634668e-07,9.13882167033001e-06
"13575","XM_053650009.1","LOC128623119",1.64207267581355,6.33762869045062,68.6679571017311,9.98744407117534e-06,0.000130601503761769
"13581","XM_053650017.1","LOC128623128",5.42787351709103,1.89567659123875,54.1713094495569,5.44857705794821e-06,8.94932247751572e-05
"13584","XM_053650023.1","slc26a3.2",3.16256618611836,6.49162740590479,81.6599629919371,4.68506808676801e-06,8.12011586601719e-05
"13586","XM_053650027.1","LOC128623128",5.04253779959691,2.78621025942607,90.3107158763139,1.84418018933535e-06,4.6070353248396e-05
"13607","XM_053650098.1","pgm3",3.36642080458549,6.62899675064214,160.45955009908,2.19774924651187e-07,1.24832157201874e-05
"13611","XM_053650115.1","rsph9",5.57634886730386,9.35360855757702,203.33935022635,7.29316633249529e-08,7.98426590408052e-06
"13639","XM_053650221.1","lrig3",2.37784560459842,9.13197670587211,150.076024145506,2.99281629965774e-07,1.47926735325404e-05
"13654","XM_053650251.1","zbed4",3.47485731466743,1.54339094682113,57.6974392745114,1.62081419772485e-05,0.000182714068473328
"13655","XM_053650262.1","LOC128623260",4.70671526131041,1.26032845427993,57.6495131891389,3.92565147246226e-06,7.22538019370968e-05
"13692","XM_053650373.1","tprkb",1.60505049446541,3.61677561497739,22.094142794622,0.000895584438003697,0.00313060025983425
"13703","XM_053650410.1","LOC128623377",5.6583174632553,6.58364506441147,152.246109582513,2.81827006678716e-07,1.44231420294368e-05
"13714","XM_053650438.1","meig1",5.46813608151347,7.08952447090577,114.004461971423,1.05488133097112e-06,3.23417026245462e-05
"13719","XM_053650461.1","naga",2.04983593955456,5.13883394741841,93.2807385336873,2.59733994432145e-06,5.7094217087663e-05
"13720","XM_053650462.1","LOC128623388",3.64960843829975,3.03695827854402,77.0250216195988,6.34918781419481e-06,9.92056272912568e-05
"13736","XM_053650505.1","pfkfb3",4.34068840833401,2.87103646489909,62.8824809968104,1.41568983167126e-05,0.000166307597932469
"13738","XM_053650511.1","lrguk",2.0741306920714,2.57390846091109,22.706006338659,0.00081836908718393,0.00291842677925746
"13770","XM_053650595.1","si:dkeyp-38g8.5",1.58652895691757,4.30178474585558,42.6064904339485,7.40788572489446e-05,0.000501333002151302
"13783","XM_053650631.1","LOC128623530",1.93995705288436,5.88859699802658,73.6046167228082,7.38700011054764e-06,0.000108120034167762
"13784","XM_053650632.1","LOC128623531",4.35951104316484,5.59158958311404,160.968734637655,2.17424672351666e-07,1.24811014043573e-05
"13798","XM_053650664.1","rpap3",2.53079097384624,7.49698903892242,165.190655971253,1.92019869430549e-07,1.17298779107235e-05
"13811","XM_053650688.1","LOC128623577",3.40271916918197,3.08566089086481,70.3783766818687,9.31578713249885e-06,0.000124941145071161
"13836","XM_053650780.1","magi2a",2.03940305904872,5.43433407023977,58.2044770986756,2.02917757302734e-05,0.000212061501305143
"13840","XM_053650786.1","LOC128623646",3.65715403254902,1.8356384560415,59.0252015004232,1.5855826729826e-05,0.00017974378368517
"13841","XM_053650790.1","cd36",4.68475628633514,10.0075673426993,186.025221409663,1.10514747261864e-07,9.05722059373465e-06
"13848","XM_053650815.1","LOC128623662",1.68184002098811,3.65669980317288,27.4079741910933,0.000411485000342736,0.00172567854547881
"13856","XM_053650831.1","LOC128623679",4.31235899344211,3.04409593544398,120.329447677887,8.34383317289532e-07,2.73111579623085e-05
"13871","XM_053650857.1","LOC128623704",5.30393127931092,7.79692912329727,354.083183711634,5.30181849871347e-09,3.69081115879312e-06
"13875","XM_053650864.1","stmp1",2.04174396501182,6.21226029524112,42.812964868215,7.26032078210197e-05,0.000494977504663009
"13878","XM_053650867.1","LOC128623537",2.83973016308157,5.94752635082957,151.251511482306,2.8885632176539e-07,1.44321177059819e-05
"13881","XM_053650875.1","tmcc3",1.66591210023938,2.31193365036937,20.100440072861,0.001249009176398,0.00404865049009427
"13882","XM_053650877.1","tmcc3",3.07930520536136,1.0665349051226,16.3500553527844,0.00215970793469609,0.00627334506493098
"13883","XM_053650883.1","kdm5a",1.99889895097048,3.43295288566402,38.0699792249416,0.00011655687999096,0.000691143873001341
"13890","XM_053650909.1","LOC128623537",2.39763471873245,4.32905084814556,63.5664427631251,1.39492650593711e-05,0.000164465187750255
"13891","XM_053650910.1","LOC128623804",1.77372068681103,3.49957832997347,36.5689969944672,0.000136575830974888,0.000774934998885907
"13894","XM_053650913.1","LOC128623808",3.46481643560164,3.94502544840713,144.879344493561,3.57611271994689e-07,1.64929096041311e-05
"13906","XM_053650935.1","bbs9",3.81977969733447,0.842411311765173,33.0484931573525,8.59419739188911e-05,0.000557160061593516
"13907","XM_053650936.1","bbs9",2.56262345021966,2.02376326367117,16.8808286931475,0.00225411376897464,0.00647897615272754
"13911","XM_053650954.1","LOC128623835",4.78995711833169,3.64059018294018,107.802042876738,1.40696564788154e-06,3.86033218778075e-05
"13912","XM_053650955.1","LOC128623836",2.55535685593118,2.44114738788815,34.9805671195503,0.000165834399470717,0.000889210537314255
"13913","XM_053650959.1","inhbab",1.8199439881989,5.70525057288543,31.4216509190347,0.000245743079554715,0.00118009165583854
"13935","XM_053651006.1","insl3",4.58077112219547,7.71968793912026,20.5921478596825,0.00114295729847852,0.00376826736207134
"13937","XM_053651013.1","LOC128623873",1.90404571905983,3.47610394867637,34.5351201778865,0.000170944801675429,0.000906404994930182
"13939","XM_053651015.1","LOC128623873",4.05202055237716,2.81069273221987,77.2683890836405,6.04034119309726e-06,9.58637678763319e-05
"13940","XM_053651016.1","LOC128623874",4.59634069238249,5.72642194843617,295.162042776472,1.26630151742575e-08,4.76668285650951e-06
"13945","XM_053651025.1","sh3gl1a",1.91006283390027,5.13353183800349,55.7565704296769,2.43393052425189e-05,0.0002383305679489
"13953","XM_053651050.1","cactin",1.69929303993709,6.7625040365798,73.8274726190239,7.28938264446885e-06,0.00010756656905074
"13954","XM_053651053.1","LOC128623899",3.76410161976995,1.27592250987063,41.7931868556246,4.59057459527805e-05,0.000363562727731708
"13955","XM_053651055.1","LOC128623899",2.13768587601318,2.22588374456877,18.1867013712209,0.00175730707120218,0.00530732963966808
"13956","XM_053651058.1","smim13",1.63729034057091,6.46237964630114,94.7991044158749,2.41553126842358e-06,5.47655744723262e-05
"13959","XM_053651068.1","cdhr2",2.30526104925826,2.64589089872704,31.5918405380782,0.000243330215401134,0.00117198141235155
"13971","XM_053651093.1","cul3b",3.17879045691192,6.41998871671957,157.780604675766,2.37585558196754e-07,1.3114688093056e-05
"13987","XM_053651158.1","tmem68",2.44757265260341,6.25040197563572,84.2094963673064,4.09015199144777e-06,7.44784931806035e-05
"13989","XM_053651164.1","yju2",1.83882873971182,5.2209376056623,58.0679942666819,2.0496001334111e-05,0.000213506608492013
"13992","XM_053651173.1","ech1",2.11609501307208,2.13812138534321,30.1695353783642,0.000292205370285385,0.00134076545753396
"14022","XM_053651253.1","dnaaf6",3.68165832048705,4.97095749373842,143.370335619191,3.70979028785812e-07,1.6687489116959e-05
"14023","XM_053651254.1","dnaaf6",4.56212040969702,2.49013081418397,48.4124693038637,3.45342842841374e-05,0.00030449893355544
"14024","XM_053651255.1","dnaaf6",4.02710755402935,1.26988918165922,42.6540493499363,3.39139576942621e-05,0.000300833892735333
"14027","XM_053651260.1","rab31",1.7742934139609,7.63750296900381,98.5641013773902,2.02889454776005e-06,4.92767217288535e-05
"14028","XM_053651261.1","mul1a",4.59587400686252,2.79711790614962,132.492913985824,4.31774984797663e-07,1.82020142028765e-05
"14029","XM_053651262.1","mul1a",3.05863904681226,2.742807240257,66.711101422756,1.17512101666493e-05,0.000145646128562389
"14039","XM_053651283.1","kdm4ab",4.28103494258719,2.07603503913675,50.0182925200498,2.72695747703018e-05,0.000258757254619956
"14040","XM_053651284.1","kdm4ab",4.94787541962541,3.5467966592238,100.480989500206,1.84221284234881e-06,4.6070353248396e-05
"14043","XM_053651291.1","LOC128624023",3.31605472927802,3.76824296722782,86.5010546056062,3.6783893755727e-06,6.96810835943875e-05
"14044","XM_053651297.1","LOC128623956",2.93950793826496,3.17472418844496,70.7201756891795,8.95351958397716e-06,0.000122368230218942
"14048","XM_053651305.1","plpp2a",1.64501716909625,3.92026837813811,28.51151703196,0.0003551234149579,0.00154660689839615
"14052","XM_053651312.1","cdc20",2.00339540014652,5.65056629701515,48.7215740636584,4.27566043645371e-05,0.000347985878055871
"14055","XM_053651316.1","LOC128624037",3.24525370410197,6.36782341879852,142.100180195875,3.85080753044669e-07,1.68474665046139e-05
"14078","XM_053651361.1","gadd45aa",2.3985985727208,6.55855782231498,177.783477569137,1.36519789362626e-07,9.86599263483123e-06
"14086","XM_053651394.1","sdhc",2.13734040761579,3.647763060712,49.7005972399558,3.94610731657542e-05,0.000331500605299811
"14087","XM_053651396.1","sdhc",2.3131516173952,3.04775464222073,46.59761970378,5.17454278151067e-05,0.000393080706462199
"14088","XM_053651398.1","sdhc",1.68398097046552,5.3334040910259,50.8811599360728,3.5714236915984e-05,0.000310996270680984
"14112","XM_053651475.1","neu4",4.05933047740798,3.98238776973216,118.482186960651,9.13851732841197e-07,2.91209288410104e-05
"14123","XM_053651512.1","LOC128624136",2.00609474397111,3.38421624647583,40.4684064783083,9.13511234523297e-05,0.000579918426057378
"14131","XM_053651552.1","tpgs1",3.46140227661271,6.53885176310944,233.660268585249,3.79928859132751e-08,6.15028837164097e-06
"14138","XM_053651567.1","rabgef1l",2.9783558760385,7.92500391247828,210.950724436144,6.13852770510253e-08,7.28101150074063e-06
"14141","XM_053651576.1","pnhd",1.77608437109006,3.07619138795287,25.8200854191558,0.0005132045245741,0.00203173265928235
"14149","XM_053651597.1","fbxl4",2.72338348928794,2.01302997991918,47.7138410420552,4.82742199400476e-05,0.000376065001149899
"14150","XM_053651598.1","fbxl4",2.41206950729414,3.76093663587185,81.5116094395213,4.73872566867675e-06,8.17458821567116e-05
"14158","XM_053651656.1","vcpip1",1.93900717056805,7.88949174678469,111.263669655271,1.17532789397042e-06,3.42814557614291e-05
"14172","XM_053651686.1","cdh10a",2.04544445365008,3.55043722145816,48.7760518850186,4.26574146217289e-05,0.000347578437450308
"14211","XM_053651787.1","cbln2a",3.45984338214256,4.19275461687026,92.8201358740511,2.67509371663064e-06,5.80176527256322e-05
"14220","XM_053651819.1","mlf1",3.09188394823317,2.40508814801362,40.7980856514352,9.10750428267423e-05,0.000579074152898391
"14230","XM_053651863.1","yme1l1b",2.67056518354481,6.93841992213621,223.997571613875,4.63199766551354e-08,6.57565059922325e-06
"14233","XM_053651876.1","wacb",2.32563715599813,1.43521473252271,20.6448452361692,0.00114491949606478,0.00377243167154421
"14234","XM_053651888.1","fuz",2.7290013339707,6.21732306834566,113.658473437855,1.06761860682351e-06,3.25472881492636e-05
"14238","XM_053651894.1","ccr12a",4.07483631538792,4.82920740201827,66.3609084125727,1.16432965784193e-05,0.000144763198933526
"14251","XM_053651919.1","si:ch211-106n13.3",1.91884371751054,4.71472874738363,19.8327335364057,0.00129993359118075,0.00417857922439117
"14259","XM_053651934.1","tmem70",2.08342294764854,5.25610131532048,85.8426654878177,3.7579755103873e-06,7.05732106289439e-05
"14260","XM_053651936.1","elocb",3.78898093738421,2.6510850654255,50.6033172882501,3.7202608327107e-05,0.000319610704001941
"14274","XM_053651997.1","carhsp1",2.88169438325462,3.94812213777964,71.8983360111401,8.217725097085e-06,0.000115777662203318
"14279","XM_053652006.1","carhsp1",2.15415831240524,4.39718996153923,71.4679162342758,8.40655440009351e-06,0.000117224813627049
"14290","XM_053652041.1","ift80",2.9933370941507,3.57029642845373,42.862893159091,7.27749049692212e-05,0.000495281485107453
"14293","XM_053652049.1","LOC128624412",5.49563555120786,8.2285594515313,383.207287281554,3.63523943972545e-09,3.69081115879312e-06
"14297","XM_053652056.1","eci1",1.96130615387175,7.30875585193218,92.5662264037509,2.68643928555602e-06,5.80176527256322e-05
"14298","XM_053652064.1","LOC128624420",4.47513055850112,2.08206614661728,53.7672018969683,1.73863191137894e-05,0.000191202264819309
"14307","XM_053652078.1","LOC128624430",5.90355591905512,7.32680628770487,541.822415205253,6.93994295392472e-10,3.69081115879312e-06
"14315","XM_053652094.1","abhd4",1.63210589873142,6.47572378252532,51.8162713108498,3.30955230080344e-05,0.000296486068873304
"14334","XM_053652142.1","LOC128624467",2.40330985623884,1.94228547844205,26.6427059101433,0.000467291866973328,0.00189207622375294
"14343","XM_053652169.1","gfi1aa",4.34613099975417,0.530983276501222,44.6153960994052,1.44570037105416e-05,0.000168366889256293
"14348","XM_053652179.1","eif4g1a",2.68269666130058,2.20309274931015,35.7139188665457,0.00015405028312218,0.000843628546407933
"14357","XM_053652206.1","nubp1",2.13455283779242,5.90891503135558,72.8166898446717,7.74209873002276e-06,0.000111502752883993
"14373","XM_053652247.1","LOC128624530",4.80416795717045,4.51064871115243,236.955677901696,3.76503249773291e-08,6.15028837164097e-06
"14394","XM_053652319.1","LOC128624575",1.74214720696699,3.83012484424409,47.2234634145088,4.86942564042368e-05,0.0003784266071396
"14401","XM_053652327.1","cacna1ia",2.94011678534458,4.92840385649863,59.0865004651952,1.9053053531937e-05,0.000203311220983568
"14433","XM_053652384.1","si:dkey-264d12.5",2.3791481180573,3.92194830782677,57.0241487287306,2.21761083345572e-05,0.000224503466026761
"14440","XM_053652410.1","LOC128624733",1.86107083665587,4.21971333789919,40.0102726585562,9.54488189635398e-05,0.00059819027540913
"14451","XM_053652458.1","LOC128624751",2.38904084638479,3.04867979623564,30.0820325686643,0.00029167550052052,0.00133871363834028
"14452","XM_053652465.1","LOC128624752",1.85730939730096,5.09693554924576,75.1839347677616,6.73500021186939e-06,0.000102327471562202
"14453","XM_053652466.1","ldlrad2",1.61073859560199,2.30915281705877,17.8233828262123,0.00186794929366489,0.00557286457166371
"14458","XM_053652472.1","LOC128624759",4.16333788909973,4.84793924995917,87.3505298719767,3.50357069402604e-06,6.7599287717394e-05
"14468","XM_053652487.1","vps72a",4.69611675858053,1.24853399805179,30.6058437399664,9.63457381803992e-05,0.000602412054717768
"14472","XM_053652502.1","plekha6",1.99688710583881,2.11862006710191,17.1513573186818,0.00212933857675243,0.00620118590553201
"14474","XM_053652512.1","pdhb",2.60245935814016,8.74552993946286,155.69864907509,2.5253090521854e-07,1.36721414504272e-05
"14479","XM_053652523.1","LOC128624794",1.72322002799873,6.82598700872945,46.4762767919933,5.19300265101775e-05,0.000394028736956578
"14497","XM_053652581.1","gtpbp1",1.81708798547236,2.95849089245687,30.9920015618754,0.000259840069992662,0.00122883174205118
"14502","XM_053652601.1","ppfia4",1.60985729593545,4.18940680667531,19.1124774140337,0.00147347886502159,0.00462250287958803
"14516","XM_053652656.1","dnah1",1.75520732688725,7.81946934183081,57.6231763867389,2.11675229963895e-05,0.000217561817311463
"14519","XM_053652665.1","nuf2",2.28757275813265,5.00500749327425,87.121282226734,3.52035304311467e-06,6.7761563688395e-05
"14523","XM_053652682.1","slc38a3a",2.03939995310123,5.29098383872181,64.9836381241276,1.26750523317139e-05,0.000153008014277245
"14552","XM_053652752.1","traip",1.89748747103163,4.68376909123747,60.4652997099623,1.72607702195996e-05,0.000190209222814757
"14564","XM_053652801.1","sfmbt1",3.63053292522177,4.79747633081131,176.013985356548,1.43761682931093e-07,1.00212869822866e-05
"14565","XM_053652802.1","sfmbt1",4.89661406553896,3.41365431934266,145.944524062691,3.26618457979094e-07,1.54599403443438e-05
"14566","XM_053652803.1","sfmbt1",6.27995076806861,4.13830254503287,258.524918665556,1.33667179816723e-08,4.76668285650951e-06
"14573","XM_053652823.1","gdf11",1.70713823643881,5.55620408770227,34.1665870053745,0.000177925069079868,0.000933025921044671
"14586","XM_053652868.1","ift52",1.7092422266395,3.33698561645655,25.9436670271615,0.000503924338974757,0.00200462466072126
"14588","XM_053652876.1","zgc:77375",1.85216935298661,6.37330003671026,74.37274177746,7.05923514401548e-06,0.00010532248710721
"14590","XM_053652886.1","sox12",2.70567326621332,2.93401541085475,27.5085681061956,0.000409673514735423,0.001721628450057
"14601","XM_053652921.1","kif17",3.03343943266061,4.41913958379004,77.0195119231683,6.07477507911025e-06,9.59635713254099e-05
"14616","XM_053652963.1","LOC128624994",3.16820652073918,9.83497450699974,138.792783841614,4.28872781645017e-07,1.82020142028765e-05
"14631","XM_053653012.1","phf13",2.45985405242204,1.29222471379806,15.4007782802657,0.0029537023542611,0.00808991541152505
"14635","XM_053653028.1","zgc:113184",2.05782942992652,3.13407872949176,36.6590092898509,0.000135539947243998,0.000770407537214128
"14641","XM_053653045.1","cfap70",3.18100282687699,1.93904844565408,45.2821577241473,5.74693970495322e-05,0.000420999910007284
"14649","XM_053653072.1","cfap107",6.10528790515802,3.17539042462782,101.871496595344,4.51093199710565e-07,1.85908339847639e-05
"14651","XM_053653083.1","LOC128625051",7.24157576115689,0.763873426624086,49.9035234333653,0.000122744649428441,0.000717684729190828
"14652","XM_053653084.1","zgc:158258",4.00781155140823,2.37995127793462,69.4309204964605,8.66640439189107e-06,0.000119498938923282
"14655","XM_053653094.1","mrto4",5.83482260461818,2.63001803662947,88.9638947258632,5.79531197756848e-07,2.19192781058128e-05
"14670","XM_053653135.1","fezf2",2.92039273146116,4.49243891374715,77.072519866391,6.05300203888175e-06,9.59178893700186e-05
"14698","XM_053653223.1","pde12",2.02456115316093,4.95836258144639,69.412378015344,9.53601893762113e-06,0.000126843939656706
"14700","XM_053653232.1","apobec2a",3.95544385314952,1.43148322586981,42.0225468054294,4.4709649644912e-05,0.000357588838167903
"14708","XM_053653246.1","ddx19b",2.73476291547316,8.57226348996832,126.649284637472,6.52279288299914e-07,2.34471752828638e-05
"14719","XM_053653277.1","LOC128625161",3.11422587563432,8.01927599432286,16.0482733957861,0.00261062543921552,0.00730145207498632
"14743","XM_053653338.1","mcrs1",2.83972229311754,3.51879826173611,65.5080869509966,1.23409618205861e-05,0.000150433350867205
"14750","XM_053653370.1","atp2b2",2.65937753275667,2.19560401186197,23.8489178472186,0.000696799300019583,0.00257882649033311
"14756","XM_053653392.1","LOC128625221",6.02986524534918,8.25367194195844,195.153679756675,8.84776668068041e-08,8.84121277943546e-06
"14757","XM_053653394.1","etnk2",2.14895872902994,5.79282508746107,134.685772615632,4.92399776087916e-07,1.93470086779398e-05
"14771","XM_053653432.1","LOC128625242",5.48766964406662,6.80442973688758,428.972126068716,2.12889484175576e-09,3.69081115879312e-06
"14773","XM_053653438.1","tp53rk",3.99463142280787,1.83577090567532,47.1283147138454,3.56009202050634e-05,0.000310343401335254
"14782","XM_053653453.1","LOC128625249",2.47076237098146,2.55653857000284,28.370513520204,0.000366642632779092,0.00158272291718078
"14790","XM_053653461.1","LOC128625249",2.86019164445501,1.17357669901011,27.0982445508198,0.000386208431546331,0.0016482842314453
"14823","XM_053653511.1","rassf1",3.9907491109966,1.25302028881814,39.3331864858135,4.96050362667803e-05,0.000383846236657094
"14851","XM_053653595.1","cep112",1.92652447086933,2.02415673852777,18.3522728850479,0.00170686021942626,0.00519080466505209
"14869","XM_053653651.1","LOC128625388",2.14660718362117,1.50896455898208,26.1436073313375,0.000500242035032304,0.00199396694689916
"14876","XM_053653661.1","gal3st1a",3.31088507270541,1.09276913556901,32.0509964504861,0.000163925253297763,0.000880724195281842
"14887","XM_053653686.1","LOC128625418",3.14133987720965,1.40237769441093,31.3291953144315,0.000220957485159171,0.00109283830423362
"14893","XM_053653703.1","LOC128625425",1.91376556085356,3.51714808965367,23.1777809269825,0.00075657950039884,0.00274628794865212
"14906","XM_053653746.1","fbxo21",1.89061705262088,6.90451635002146,103.377807522659,1.63785081585487e-06,4.22491519295503e-05
"14911","XM_053653763.1","zgc:65851",2.23924060320091,4.05669366097892,56.3475952590863,2.33099033561325e-05,0.000232926367610539
"14916","XM_053653783.1","LOC128625468",2.81687904771031,3.17454783944779,27.3073107487549,0.000419965469769448,0.00175036071694846
"14917","XM_053653785.1","LOC128625468",2.1240055682207,2.9463356594037,26.6975892669313,0.000454911949577279,0.00185915542533628
"14918","XM_053653786.1","LOC128625468",2.48063877694359,2.1569193832905,40.2910299584776,9.55628651790734e-05,0.000598394489128225
"14919","XM_053653796.1","LOC128625473",5.28772243177384,7.01472745382659,108.496080333722,1.31948638218208e-06,3.6772435709025e-05
"14920","XM_053653797.1","zgc:158260",2.35299526566546,3.72630199938678,76.2894735671485,6.3374278434017e-06,9.91494959926748e-05
"14931","XM_053653854.1","hk2",4.42894556940364,5.61571660672601,288.087849654042,1.4200542520603e-08,4.76668285650951e-06
"14932","XM_053653856.1","hk2",5.25995883852587,7.16514720248864,571.07927170356,5.37746468953998e-10,3.69081115879312e-06
"14948","XM_053653921.1","ccdc180",4.11955503906339,2.23340107602618,90.5357222252159,2.31908386681055e-06,5.36484552248861e-05
"14976","XM_053654018.1","gtf2h3",4.09716290249337,1.3428015823544,57.2994386867423,8.41858628701019e-06,0.000117224813627049
"14983","XM_053654046.1","ak8",5.40172243454567,3.98973091179723,279.547420517579,1.60620644685387e-08,4.76668285650951e-06
"14990","XM_053654055.1","cfap299",3.8865000726462,6.86849801384468,336.91492537853,6.71565904581555e-09,4.02641069013564e-06
"14998","XM_053654071.1","galnt9",1.82931402410554,3.55555058670528,25.8867539121018,0.0005078624788317,0.00201457432987107
"15001","XM_053654086.1","LOC128625613",2.6938072419431,4.38139190382354,23.3820131403903,0.000733031906063919,0.0026822605098017
"15007","XM_053654111.1","LOC128625627",4.99188747626411,5.03699826368645,131.757349191371,5.59207648993264e-07,2.13501259950541e-05
"15008","XM_053654112.1","LOC128625628",5.72312416313764,5.26411202206733,109.024742492785,1.35091434125565e-06,3.73825159874484e-05
"15012","XM_053654120.1","LOC128625519",2.31786428915221,2.79299138663104,23.5001981173384,0.000724134752970503,0.00265691146443484
"15014","XM_053654124.1","clip1a",1.99901580333341,4.01104904911552,50.8022167093614,3.59845173662404e-05,0.000312844987714661
"15020","XM_053654145.1","scarb2a",1.63052221990284,10.1746670156077,58.9710052798798,1.91892392848847e-05,0.000204226374327121
"15021","XM_053654146.1","tars1",1.85999986273123,8.23212012401846,94.8209780973283,2.41277779805616e-06,5.47655744723262e-05
"15025","XM_053654163.1","barhl1a",1.91259381112023,3.48433337798073,31.7743335008385,0.000235851924407222,0.00114378997971962
"15063","XM_053654326.1","si:ch211-102c2.8",2.144986358521,1.79372560792027,26.1033293224951,0.00050352871849683,0.00200371752581777
"15069","XR_008384331.1","LOC128598985",4.04427834286977,7.68600099572064,280.112655027065,1.61332666588906e-08,4.76668285650951e-06
"15070","XR_008384332.1","LOC128598986",2.80132684696011,4.26510671785199,119.752496874088,8.44847640613435e-07,2.74365657479534e-05
"15072","XR_008384349.1","LOC128599032",5.90472376381371,6.85467399923181,147.56102118854,3.25421484484794e-07,1.54599403443438e-05
"15075","XR_008384363.1","LOC128599095",5.78309454954517,2.58187040442775,49.801973949357,1.20092257927053e-05,0.000147612260540861
"15076","XR_008384365.1","atad1a",3.58006985072731,1.49241002161343,16.4743909374846,0.00210948856863151,0.00615286503585709
"15077","XR_008384366.1","si:ch211-214j8.12",3.30284080140854,1.96968293714196,34.2357999855049,0.000173676589492719,0.000916387428522861
"15078","XR_008384367.1","LOC128599169",3.8018019480418,3.70078882376495,98.9713685000183,2.05761817130695e-06,4.96404216946601e-05
"15083","XR_008384386.1","LOC128599352",2.38887657769572,1.2277470089684,21.6647455242678,0.000949197221206155,0.00327865031681338
"15085","XR_008384397.1","LOC128599363",2.09092502530291,1.46720862899125,20.6363780535843,0.0011552481767411,0.0037995037556044
"15086","XR_008384406.1","LOC128599373",3.75372778490322,3.43328457648017,51.6829746951606,3.44499422894909e-05,0.00030424204352552
"15090","XR_008384418.1","LOC128599493",3.26315265097979,2.81778672019889,82.9154008190549,4.58742634575578e-06,8.05934304928819e-05
"15091","XR_008384420.1","LOC128599493",5.3501810296067,6.2771859079965,181.501957906335,1.24786454200128e-07,9.44727359726849e-06
"15093","XR_008384423.1","LOC128599513",4.08883031457038,2.07008247506969,76.3189918625402,4.60542258405116e-06,8.05934304928819e-05
"15096","XR_008384435.1","LOC128599560",3.40975191862654,4.21399858359465,104.488334003245,1.57271133917935e-06,4.1290855464398e-05
"15106","XR_008384480.1","LOC128599889",2.07751149787611,5.60235829766806,44.7533824124056,6.06285824449658e-05,0.000436590521627717
"15110","XR_008384498.1","LOC128599986",3.24324982284157,3.35717161866125,26.1850444987505,0.000491445784282533,0.00196529751876621
"15111","XR_008384499.1","LOC128599987",4.05490348462777,2.79506709493551,55.8675036462974,2.43007020694155e-05,0.0002383305679489
"15112","XR_008384504.1","LOC128600036",3.02605017882974,2.79452107894771,19.9065459885284,0.00130108325528453,0.00418144445831765
"15114","XR_008384506.1","LOC128600050",1.94828877361877,2.04384977505359,22.2419886597289,0.000886282764626144,0.00310342751325287
"15116","XR_008384514.1","LOC128600103",3.42786077961391,1.35408104359115,45.0061786521895,4.35046477872066e-05,0.000351867545184074
"15118","XR_008384517.1","rnf19a",2.32108385226337,4.89251367543981,80.3023273790188,5.04681255184674e-06,8.51906168814338e-05
"15122","XR_008384523.1","LOC128600150",2.07635422843428,3.09583236725069,35.8640422548154,0.000147786772878408,0.000819025087078286
"15124","XR_008384529.1","LOC128600198",2.07343746695848,5.27106806839681,67.7247199117968,1.06069466541802e-05,0.00013573537742124
"15125","XR_008384533.1","LOC128600225",5.54681879026523,4.83304093817547,125.809055080367,7.14636186032791e-07,2.46213110266934e-05
"15127","XR_008384536.1","LOC128600278",2.17748535419462,3.7401030379911,55.7762481361233,2.43512947484236e-05,0.0002383305679489
"15131","XR_008384559.1","cfap20",2.55410560226234,1.67357892374741,32.1467421162377,0.000229509135025948,0.0011225489669291
"15133","XR_008384564.1","LOC128600496",4.31707055015945,2.5357627244022,104.15903715179,1.31646936384217e-06,3.6772435709025e-05
"15134","XR_008384565.1","LOC128600503",2.50820477117332,0.654893178647584,20.0289055430672,0.00107928874227693,0.0036098194545411
"15140","XR_008384583.1","LOC128600637",3.89599445022796,2.37536723488914,46.0780500549563,5.14355867252459e-05,0.000393080706462199
"15142","XR_008384595.1","LOC128600693",3.32010502229152,5.43432318979418,180.290110178951,1.28087447080573e-07,9.51137428137761e-06
"15143","XR_008384598.1","LOC128600693",2.17311294682867,1.16569679592388,22.0551707482673,0.000900947751362985,0.00314389786571761
"15144","XR_008384601.1","LOC128600709",3.56413737218733,2.37343486912862,43.2808591605642,7.00281596744342e-05,0.000482389722897762
"15145","XR_008384603.1","LOC128600730",3.45125004799915,1.76653356860025,27.354257441239,0.000384154399017518,0.00164081567580358
"15147","XR_008384609.1","LOC128600836",3.20386787281277,3.25714135540472,74.0401966133642,7.37337220874912e-06,0.000108078976261055
"15155","XR_008384649.1","LOC128601099",2.44953095773572,2.46650961869335,26.3690546969551,0.000481122306432753,0.00193489678048338
"15157","XR_008384653.1","kifap3a",1.9893454909708,2.10010057056764,22.7127470281513,0.000823093396432909,0.00292969127120843
"15160","XR_008384672.1","LOC128601196",4.35705359395385,1.97974859861215,65.4179374077026,7.08900224804706e-06,0.000105572004039913
"15161","XR_008384674.1","LOC128601196",2.52116387414575,1.56852157724252,16.7202955073842,0.0023070666603847,0.00659138635691978
"15167","XR_008384707.1","LOC128601429",4.10950533733897,1.77374419233406,50.8652975941766,2.25557388635265e-05,0.000226931199951999
"15170","XR_008384719.1","phospho1",3.95241773336749,2.31685013585722,45.0493933284356,5.48280898780336e-05,0.000409578735092574
"15171","XR_008384723.1","LOC128601520",2.76007562745385,1.77486800757961,33.3354777458016,0.000198646976910827,0.001013425252691
"15172","XR_008384725.1","LOC128601531",4.18778183339792,3.4328087248002,63.2927842090601,1.48091344467715e-05,0.000171358304806531
"15173","XR_008384726.1","LOC128601561",2.00198445049575,1.12563964641029,20.6694555950097,0.00113689894829343,0.00375211420488766
"15181","XR_008384745.1","cfap58",6.35895561812183,2.77554405090714,87.1595104131579,3.92109963204567e-07,1.70173621564491e-05
"15185","XR_008384751.1","LOC128601805",4.56363239372913,5.84237390717259,181.180015663203,1.25509510669622e-07,9.44727359726849e-06
"15186","XR_008384753.1","LOC128601808",2.36917131997651,4.08221398648283,52.1428433478156,3.22929377129166e-05,0.000290259897666126
"15188","XR_008384762.1","LOC128601903",3.46547022086084,2.43733577112893,73.445655536707,7.69836786492865e-06,0.000111268909819165
"15190","XR_008384778.1","LOC128601926",2.83948011238099,3.39514849565147,67.6417108171295,1.07712385846672e-05,0.000137187104806131
"15193","XR_008384791.1","tekt4",2.71960632111064,2.6745887148812,41.4220052200155,8.47666740154636e-05,0.00055193480271385
"15201","XR_008384827.1","LOC128602328",1.66062328216898,2.28492642316045,16.979018285936,0.00218968858843932,0.00633881954035331
"15202","XR_008384833.1","LOC128602380",2.40534819997236,1.06374431243934,21.3386531917168,0.000975661965879589,0.00335258244611734
"15203","XR_008384839.1","LOC128602439",2.43046567579549,2.99899669664878,38.7976779006269,0.000108732839291047,0.000658991839177636
"15207","XR_008384859.1","LOC128602553",1.64459481058084,1.33777698549156,15.4682553755019,0.00298012386526479,0.00814563209557424
"15213","XR_008384873.1","LOC128602696",2.52785638652638,4.77031318741769,66.1631841205378,1.17373236447391e-05,0.000145646128562389
"15217","XR_008384884.1","LOC128602777",3.8100686325488,5.67397996230209,249.131450514446,2.81347617002325e-08,5.48545753464729e-06
"15222","XR_008384905.1","LOC128602841",3.23677995057447,4.0249824660789,118.504125886967,8.90700785581009e-07,2.85313643917233e-05
"15229","XR_008384930.1","LOC128603006",5.07545832954516,1.93223785362397,71.9376064340643,1.82757666862236e-06,4.5939147688911e-05
"15234","XR_008384944.1","mfsd6a",5.12017693002792,0.513950404988925,32.8995813673314,0.000147373519611121,0.00081802079230278
"15238","XR_008384949.1","LOC128603065",2.23015225455149,1.63312136291508,25.5537378203131,0.000543956805297616,0.00212335972128233
"15240","XR_008384963.1","LOC128603084",1.94351366867723,2.36735886365026,28.3100909349183,0.000368140058496197,0.00158791667117944
"15241","XR_008384969.1","LOC128603109",5.46210199721095,2.99959481172113,71.2262558067655,4.73281227385674e-06,8.17458821567116e-05
"15243","XR_008384975.1","LOC128603139",3.63677181302658,1.81302460222756,54.4414543701952,2.24907482355675e-05,0.000226635802925466
"15244","XR_008384976.1","LOC128603143",4.25574007825279,1.46868091548419,72.3843754689273,2.62861952673373e-06,5.76221457232646e-05
"15245","XR_008384978.1","LOC128603150",2.91040915857741,5.87852248300747,92.5757186268241,2.68645665877594e-06,5.80176527256322e-05
"15246","XR_008384988.1","LOC128603164",5.8538454269748,3.17605161572735,98.2007288751372,7.86707929514345e-07,2.6366931600369e-05
"15247","XR_008384989.1","LOC128603165",6.61555313770602,2.53538973608989,155.191742701631,1.16612739587227e-08,4.76668285650951e-06
"15248","XR_008384990.1","si:dkeyp-72e1.6",1.93095882076713,2.69199406845138,21.1517418838263,0.00104631028345773,0.00352868143096119
"15257","XR_008385012.1","si:dkey-111e8.4",3.99608665101205,3.13293946485347,95.5492414312773,2.45661822627538e-06,5.5464066732142e-05
"15259","XR_008385016.1","LOC128603466",2.051188844439,3.25460409117586,41.6313456772088,8.15711608287587e-05,0.000536996320250486
"15260","XR_008385017.1","si:dkey-283b1.7",2.66243333665876,1.96613173335004,38.6549903033892,0.000112827714164702,0.0006763494517242
"15261","XR_008385018.1","LOC128603485",3.26917886774811,2.40961087366207,70.6486330784689,9.20575606720213e-06,0.000124491969537328
"15262","XR_008385025.1","LOC128603493",2.56893092603774,1.62017446030889,35.0715890479059,0.000163196909882192,0.000877976595936497
"15264","XR_008385031.1","LOC128603547",3.76686706499522,3.93623738965494,96.5167381975462,2.27608992007945e-06,5.30148829154621e-05
"15269","XR_008385042.1","LOC128603653",3.56672090181301,2.9779370760167,105.041986475021,1.61172425570571e-06,4.17449476021825e-05
"15277","XR_008385080.1","hsf5",2.90660686673341,0.410038671831669,28.2883602271793,0.000211781620955017,0.00105910438060544
"15278","XR_008385082.1","LOC128603835",3.33858984385898,3.36266210636817,49.0895067079627,4.22347827865171e-05,0.00034565048723364
"15279","XR_008385091.1","LOC128603836",2.79864000428665,2.09839279636773,36.5572560694457,0.00014056967332629,0.000791768222618646
"15281","XR_008385100.1","LOC128603841",4.01327190261616,4.73747899787916,211.273318248021,6.16196303188452e-08,7.28101150074063e-06
"15285","XR_008385111.1","LOC128603948",3.93127624018632,0.929444679487448,24.4147127217399,0.000324179660744685,0.0014471334292685
"15290","XR_008385141.1","LOC128604115",3.15258408752669,2.30361380356572,47.2278863719164,5.02102137978806e-05,0.000386864798172342
"15291","XR_008385142.1","LOC128604133",2.96463869313192,3.08943920732359,42.757711446755,7.4146067843395e-05,0.000501425648759439
"15292","XR_008385146.1","LOC128604162",2.38755179684945,2.16912322482195,34.1110411563966,0.000183504649660406,0.000956398347940325
"15293","XR_008385147.1","cfap97",3.41903166685433,2.73174142296712,82.1116988263001,4.80687066598103e-06,8.256922303351e-05
"15299","XR_008385165.1","LOC128604333",3.35318255557759,2.4252954324087,53.3420939636672,3.02666846828433e-05,0.000276811916184105
"15304","XR_008385184.1","LOC128604467",4.05324907186387,3.10130687776514,57.850508291083,2.15829100078761e-05,0.000220153841970699
"15316","XR_008385252.1","LOC128604678",2.04406839915851,3.14876456849087,32.691615227443,0.000211746351315542,0.00105910438060544
"15323","XR_008385273.1","LOC128604744",2.37372003587114,4.37214278523754,71.8121845627449,8.23525063167266e-06,0.000115822968918781
"15326","XR_008385290.1","LOC128604805",4.48929362445374,5.79347488947508,224.611465557546,4.59250944415787e-08,6.57565059922325e-06
"15350","XR_008385377.1","LOC128604930",3.81427048823768,0.845747308941859,30.5319722687087,0.000123377839983649,0.000719985751137457
"15358","XR_008385447.1","LOC128605093",2.24042209369849,1.59416038654852,15.3260719021783,0.00306039436004576,0.00832493091924396
"15359","XR_008385448.1","wdr35",4.362773575757,0.964074492096431,25.3262423821229,0.000228764611891994,0.00111981903154146
"15364","XR_008385478.1","LOC128605137",2.77231244561536,4.96106966081258,116.50250116974,9.55429575482111e-07,3.00320271221445e-05
"15365","XR_008385482.1","LOC128605154",4.00629631219307,6.09148538676114,129.069852583523,5.99038255622531e-07,2.24993765244026e-05
"15368","XR_008385504.1","LOC128605182",4.37356161987586,3.00645481347061,63.1492866212926,1.42233699646894e-05,0.000166503861759916
"15372","XR_008385520.1","LOC128605239",4.66317404634932,3.28117848983974,105.739161040581,1.46573532615726e-06,3.96058427992696e-05
"15378","XR_008385546.1","LOC128605390",3.49635699290898,1.69491543221967,40.63801526613,7.74619692131083e-05,0.000516668462143303
"15381","XR_008385556.1","sdccag8",1.88968601500519,1.05245645933702,17.0985945507724,0.00214447687114577,0.00623917893423933
"15383","XR_008385558.1","LOC128605440",2.5336683801804,5.80083268636238,56.9723309835584,2.22166741809294e-05,0.000224503466026761
"15388","XR_008385597.1","LOC128605791",1.65586476899997,4.33171269093975,30.3246905342154,0.000281454277940085,0.0013036285697551
"15392","XR_008385609.1","LOC128605864",4.05886958142921,1.71051898945115,47.9009134185268,2.91938424529957e-05,0.000269435531145436
"15395","XR_008385623.1","LOC128606047",2.5286429705455,5.31784296873793,125.554403969607,6.79130443850419e-07,2.41402943329081e-05
"15400","XR_008385637.1","LOC128606182",5.68635057747838,4.16352302568268,220.830162625094,4.6925425373813e-08,6.57565059922325e-06
"15404","XR_008385661.1","LOC128606319",5.53089780975121,1.53054845805057,58.4257105696053,3.40666740751384e-06,6.65040232007827e-05
"15405","XR_008385662.1","LOC128606350",1.5941573764697,3.06940167139176,16.9555075428332,0.00219070408574792,0.00634062537816686
"15407","XR_008385669.1","LOC128606389",5.4850481123754,3.96629416572462,160.388020979064,2.09935304785384e-07,1.22327409439629e-05
"15408","XR_008385670.1","LOC128606390",5.0549767594798,6.22742594002107,90.2836924184834,3.01264569491462e-06,6.25411306862315e-05
"15409","XR_008385671.1","LOC128606395",3.50290403198493,3.11982109366822,88.2131310064702,3.48009818697396e-06,6.75489561759405e-05
"15413","XR_008385676.1","LOC128606422",2.48637391485064,2.42162727580507,28.2884616284824,0.000371830480100399,0.00159999782346232
"15414","XR_008385678.1","LOC128606420",4.51207282115204,5.47590195918022,253.239068961421,2.61808408838631e-08,5.48545753464729e-06
"15415","XR_008385679.1","LOC128606445",5.48449196907319,3.50242269962316,100.476395392196,1.42596331098173e-06,3.87971613513091e-05
"15418","XR_008385694.1","ttc9b",6.89407759591762,0.478892183288706,49.139163629613,0.00013051758692174,0.000750764560847253
"15419","XR_008385695.1","ttc9b",3.65974678658674,3.47524696715778,70.0088101127971,9.46854750898637e-06,0.000126466025514131
"15421","XR_008385704.1","LOC128606572",3.31183783853194,5.10489070131814,80.0995436053077,5.1078286692129e-06,8.57380278672005e-05
"15422","XR_008385707.1","LOC128606584",4.00317733051774,4.29012422147822,141.828414492206,3.96131421157277e-07,1.71459236515882e-05
"15423","XR_008385717.1","LOC128606636",5.15505002173818,0.534923766474369,40.9188346056957,5.88445902888804e-05,0.000426972760016314
"15424","XR_008385719.1","LOC128606658",3.29751984968541,4.09595343714079,58.8498181435749,1.9467179455167e-05,0.000206105102040708
"15426","XR_008385723.1","LOC128606684",2.89432892175289,2.50748400050143,34.0871305405887,0.000184235193441235,0.000958662588051014
"15429","XR_008385751.1","LOC128606818",2.69867814530567,0.470246720365074,24.7662620545848,0.000419490640802229,0.00174947035290028
"15431","XR_008385758.1","LOC128606855",5.59057669465807,5.74376544860316,211.297769454318,6.2552580684211e-08,7.31638484197779e-06
"15432","XR_008385761.1","LOC128606887",3.40211185238933,3.83793444216797,68.6853075564523,1.00908900047881e-05,0.000131311356428867
"15434","XR_008385763.1","LOC128606888",1.92761482721263,2.91205563936852,31.0219917422493,0.000259081749008692,0.00122667895669866
"15435","XR_008385764.1","LOC128606895",1.92004160400718,2.65552847220793,18.2580780625893,0.00172313508931361,0.00522459464802562
"15436","XR_008385765.1","LOC128606899",2.84729812103864,2.78631725328258,52.7289238257016,3.15468977335219e-05,0.000285380802376855
"15437","XR_008385775.1","LOC128606936",2.49074329641847,5.38097573407162,69.8961982783648,9.25216448993023e-06,0.00012460402559317
"15438","XR_008385778.1","cfap45",7.41017227228805,0.90875079873593,49.2737746374041,0.00012781801799922,0.000738764261990369
"15441","XR_008385808.1","LOC128607103",1.59743047314566,7.43770194375295,22.5552554218056,0.000832094789752448,0.00295264148542583
"15446","XR_008385817.1","LOC128607121",4.17017206895749,4.66960596389981,143.940872917634,3.67718714464179e-07,1.66276703903245e-05
"15447","XR_008385818.1","LOC128607122",3.07496850700945,1.57241494903501,42.6587776770253,6.88653781567914e-05,0.000476407154530829
"15448","XR_008385820.1","LOC128607142",2.99428260932789,1.78067867183852,33.5287079326934,0.000190599580380313,0.000982632470592964
"15453","XR_008385846.1","LOC128607297",4.21586616187364,5.59539598710617,127.87535666575,6.26195235108527e-07,2.29860509431674e-05
"15454","XR_008385847.1","LOC128607321",5.4774725429571,1.47872489989942,84.062380751231,4.44903490768131e-07,1.85143899962841e-05
"15455","XR_008385849.1","LOC128607333",3.57600125845877,1.1284123205293,31.0505610188636,0.000166199224361919,0.000889987775048212
"15456","XR_008385850.1","LOC128607341",4.52070426320337,4.20021196756612,105.240003988807,1.57595534908956e-06,4.1290855464398e-05
"15461","XR_008385857.1","LOC128607387",2.28878850733504,3.98941344224753,88.0910729184267,3.35759503536176e-06,6.58506332059086e-05
"15463","XR_008385862.1","ogdha",2.52793815221072,3.18655082708623,31.8739352375578,0.000233964538121511,0.00113873059023182
"15466","XR_008385879.1","LOC128607476",3.38914224538695,0.971327028291857,38.229809386721,6.8187635088796e-05,0.000473690655070842
"15469","XR_008385916.1","trh",6.75598955598481,1.93075517557319,83.1640199237901,2.27348766994041e-06,5.30148829154621e-05
"15473","XR_008385924.1","LOC128607624",1.9023947248134,2.10953979692296,28.9635424133824,0.000339681921923637,0.00149911967069243
"15476","XR_008385937.1","LOC128607688",2.84604347284316,3.7789345768161,48.8503233509583,4.24709490080043e-05,0.000346607146611556
"15478","XR_008385950.1","LOC128607692",4.89956254818435,3.51687006311723,176.61695133757,1.3951550437743e-07,9.8962108341378e-06
"15480","XR_008385953.1","LOC128607707",5.09207138768861,4.71342972627885,319.33223979724,9.29030766278746e-09,4.76668285650951e-06
"15488","XR_008385984.1","LOC128607987",3.21109638595821,1.97138304651256,57.8401379718093,2.07216879016925e-05,0.000214921211635012
"15493","XR_008386002.1","LOC128608101",3.06030962143082,3.34107732665808,94.0935937781786,2.54652905678982e-06,5.64701539333064e-05
"15496","XR_008386020.1","LOC128608223",3.65635206416886,2.52947780976582,87.7383067340383,3.49680466168901e-06,6.7599287717394e-05
"15497","XR_008386021.1","LOC128608226",2.53015646415957,5.1640784871112,83.6268946018025,4.21983705020561e-06,7.60698465130606e-05
"15500","XR_008386035.1","si:ch73-61d6.3",2.24687387842987,2.03087003552751,23.8905448365031,0.000691288325411237,0.00256429317409649
"15501","XR_008386036.1","LOC128608254",3.20738739669809,2.49843127749738,36.3976750740917,0.000143038013616626,0.000801210852742541
"15502","XR_008386038.1","lrriq3",2.73330522491201,2.81932026853583,39.7381014839595,9.96960489463144e-05,0.000617168482984528
"15504","XR_008386051.1","LOC128608346",2.36629024057637,3.98677778898169,59.1527143621552,1.89807864547922e-05,0.000203214927996148
"15508","XR_008386079.1","LOC128608473",2.31097616529973,4.59176776465381,108.331711863081,1.3279499048463e-06,3.69361736420136e-05
"15509","XR_008386082.1","LOC128608482",5.32564807002995,0.674398615291796,30.4680180840884,0.000201617702920058,0.00102248977909458
"15512","XR_008386094.1","LOC128608555",1.97990181361575,2.66027714849226,38.0879446497413,0.000117005167846211,0.000693035094851298
"15516","XR_008386098.1","LOC128608625",3.1150794464374,1.36787215983816,30.5832177574369,0.000242091252130389,0.00116879606009148
"15519","XR_008386112.1","cfap91",4.31547760309545,4.59560404603029,246.657242583467,3.01584952176679e-08,5.48545753464729e-06
"15520","XR_008386115.1","LOC128608728",1.76941781654578,2.62668176973216,16.700571501882,0.00230503614595947,0.00658818297019939
"15521","XR_008386116.1","LOC128608728",2.67703109156059,5.00724339916941,54.2519495379333,2.73215658150776e-05,0.000258795498779682
"15523","XR_008386118.1","LOC128608760",3.32235492973947,3.09828822464016,74.6361048519805,7.19792180079529e-06,0.000106703258343658
"15524","XR_008386119.1","LOC128608762",3.01285784371589,1.962410677525,35.3713640937031,0.000157584303567307,0.000856606684401464
"15526","XR_008386123.1","efhc2",5.74273770114366,2.18810718377773,97.3605973230036,2.07121878479072e-07,1.22327409439629e-05
"15531","XR_008386137.1","LOC128608909",2.11065649006837,6.70031984140166,69.8212182344615,9.29208349699236e-06,0.000124830081036774
"15538","XR_008386184.1","LOC128609090",2.49769832601987,3.73997916374581,45.3136132487178,5.77756419991069e-05,0.00042186382168766
"15540","XR_008386197.1","LOC128609264",3.464500270128,1.37588842783638,46.6240740508129,3.72365818969398e-05,0.000319610704001941
"15542","XR_008386200.1","LOC128609266",3.35150981898867,3.51917773409605,30.913937441162,0.000264261641911885,0.00124465157383462
"15553","XR_008386264.1","LOC128609633",6.01357760038508,1.25423487035274,58.8779647023588,1.15071926600809e-05,0.000144186827918145
"15555","XR_008386275.1","LOC128609702",4.78664814786016,5.07147880804367,293.994042812827,1.31502116452203e-08,4.76668285650951e-06
"15561","XR_008386296.1","LOC128609892",2.03507204505102,1.75795952441177,23.6153836588819,0.000721830075418108,0.00265326640800825
"15572","XR_008386337.1","LOC128610315",5.07309110695597,4.11993530323911,74.531801407866,7.31013317306181e-06,0.000107676465701114
"15584","XR_008386384.1","LOC128610612",1.85949219381814,3.88845464202151,28.2097324648298,0.000369585727723669,0.00159118451074222
"15593","XR_008386455.1","LOC128610852",2.78905923197497,3.31805114858962,37.3467279328157,0.00012642593323316,0.000732754388535049
"15594","XR_008386456.1","LOC128610853",2.68072426526914,2.35158045538333,25.3461369402171,0.000558887969152557,0.00216805138860331
"15598","XR_008386490.1","LOC128611043",2.80747314491221,3.43405630895752,25.0946236504615,0.000570618545809206,0.00220510217702541
"15607","XR_008386533.1","LOC128611226",1.89321334449215,2.95112360204356,22.2135197477361,0.000880480272233805,0.00308711601622717
"15608","XR_008386535.1","LOC128611227",4.57800972477986,5.03856174342473,192.270003390296,9.62439154177581e-08,8.91435783832918e-06
"15609","XR_008386536.1","LOC128611228",2.4570842524329,2.44263448962114,23.3946044319073,0.000741385445423046,0.00270305125912348
"15610","XR_008386542.1","ulk4",3.42346440745864,0.995889080898091,22.8421003317375,0.000568068769857982,0.00219787219083676
"15611","XR_008386543.1","ulk4",2.95806425631456,0.819783336818546,32.0374522080121,0.000164708576775152,0.000884639164179219
"15614","XR_008386557.1","nek12",2.87524883306319,3.53657257019304,51.7917966150057,3.34024936332961e-05,0.000297923297124065
"15615","XR_008386558.1","nek12",3.39004071938166,6.78980084206469,149.249539525407,3.07119610341476e-07,1.49748561813489e-05
"15619","XR_008386581.1","LOC128611614",5.86064554353204,7.84570481619673,188.12028023051,1.05064933759654e-07,8.91435783832918e-06
"15621","XR_008386587.1","LOC128611629",2.4943765107203,3.74029208594516,23.7503553360532,0.000693842372862155,0.00257141033239299
"15622","XR_008386589.1","LOC128611644",1.75639917997828,3.11366955972483,29.6976776451731,0.000305185097656796,0.00138539998902642
"15623","XR_008386608.1","c8hxorf65",4.89525432823914,3.19068415751541,149.924969286692,2.5972924104376e-07,1.39221753444251e-05
"15625","XR_008386613.1","LOC128611680",3.43753902195143,5.54770218538896,95.5991089970408,2.32900008881723e-06,5.37829578284926e-05
"15627","XR_008386616.1","LOC128611732",3.04003550727184,2.45798805568804,49.549562115975,4.13628290853641e-05,0.000339889074738007
"15631","XR_008386634.1","LOC128611912",3.76921492999171,4.02147440966772,106.284345581219,1.4733749374521e-06,3.9651739724507e-05
"15639","XR_008386660.1","LOC128612011",5.39890143874219,2.50558744071196,74.0629068338663,2.33640453255534e-06,5.38770891353359e-05
"15641","XR_008386673.1","LOC128612106",3.03602033030021,2.55575967559484,33.485987761486,0.000197538517775951,0.0010091936932888
"15642","XR_008386676.1","LOC128612109",3.39382754293704,1.33018641789441,35.2416350404269,0.000122139068945186,0.000715853456945933
"15643","XR_008386677.1","LOC128612110",3.27780900960035,3.12723778894855,38.2292212635031,0.000116751094155248,0.000691788694064842
"15645","XR_008386682.1","LOC128612116",5.52795279874837,4.00296455765912,112.528570186448,1.07114037318355e-06,3.2580692253952e-05
"15653","XR_008386722.1","fsip1",4.75828604457439,3.44942002611943,97.9189194192307,2.10888071230246e-06,5.04262348164729e-05
"15656","XR_008386734.1","LOC128612329",4.32069856418735,6.57051878729192,169.773765498807,1.69318741641812e-07,1.10018783550362e-05
"15658","XR_008386738.1","vrk1",1.80416333906713,2.49156726555618,24.0477047570737,0.000666426874631787,0.00249148227402757
"15666","XR_008386760.1","LOC128612597",2.01790453776426,5.43846664891048,86.2156563356172,3.68583615171513e-06,6.96810835943875e-05
"15667","XR_008386764.1","LOC128612613",4.21649779919473,5.7834935627179,103.198837847485,1.65430819559596e-06,4.23733244783346e-05
"15668","XR_008386765.1","LOC128612614",3.83494728614599,5.00618741752092,73.0430554265892,7.66201793398318e-06,0.000111040954624279
"15669","XR_008386766.1","LOC128612615",5.77669341191772,5.40978829782518,153.379675078709,2.84648903434284e-07,1.44231420294368e-05
"15672","XR_008386771.1","LOC128612638",1.72293208694896,3.99114556475396,39.2542235592059,0.000103028822974457,0.000633433568670911
"15674","XR_008386778.1","LOC128612684",2.78465708842393,1.10568116557846,16.4214824456524,0.002268617949673,0.00651488156276504
"15679","XR_008386802.1","LOC128612787",2.29862936914041,1.08109488226531,17.7815112151608,0.0018420461675008,0.00550674854284449
"15680","XR_008386805.1","LOC128612798",3.88222552345698,1.15091056943664,27.8623432849504,0.000222993708494659,0.00109988487297731
"15682","XR_008386808.1","spata17",3.92948735970047,1.91893458044712,62.1573744153896,1.15670139270295e-05,0.000144240670301398
"15685","XR_008386827.1","LOC128613027",6.1396208076033,6.7128004970242,182.296380538852,1.22880871223875e-07,9.42746703019947e-06
"15694","XR_008386849.1","LOC128613222",4.60632951565912,0.734475653630917,29.7624271366735,0.000106168795449388,0.000647086016842879
"15699","XR_008386876.1","LOC128613385",2.98720201307252,3.51551988185945,104.602660328129,1.57446755644909e-06,4.1290855464398e-05
"15700","XR_008386877.1","LOC128613386",2.59510212093495,2.98006804591334,50.766991669817,3.65049377782564e-05,0.000315659339319649
"15702","XR_008386886.1","LOC128613494",3.97603579693906,4.37367276856569,162.817929698334,2.08962715022349e-07,1.22327409439629e-05
"15703","XR_008386887.1","LOC128613496",3.94079668579958,4.11608307094921,193.556150357165,9.44499146027722e-08,8.88927452087021e-06
"15705","XR_008386896.1","cers4a",2.62521123531124,2.69716485324087,38.3106010475092,0.00011541426508635,0.000686146151785211
"15708","XR_008386909.1","LOC128613612",3.84308430222238,4.68490318769186,36.7160493587434,0.000134669934000493,0.000768291009994274
"15711","XR_008386924.1","LOC128613690",4.16827245118279,3.58271961168455,139.608377409557,4.4432462487502e-07,1.85143899962841e-05
"15712","XR_008386928.1","LOC128613712",1.80838685511241,3.76187924429789,45.3411382483921,5.75532987920756e-05,0.000420999910007284
"15717","XR_008386949.1","LOC128613835",5.90558394067161,3.61039062454996,181.988346409476,6.15726717320059e-08,7.28101150074063e-06
"15720","XR_008386958.1","reep6",2.23223741026463,3.02729389192211,37.9713638758786,0.000118170108980419,0.00069764322544676
"15725","XR_008386970.1","LOC128614041",1.66404715743361,3.18449110436852,16.9252684250664,0.00220313934413712,0.00636637267099102
"15732","XR_008386989.1","LOC128614090",3.7978082779536,3.6799645338499,73.3311731087299,7.72240989738851e-06,0.000111409470742392
"15736","XR_008386995.1","LOC128614096",4.26364576166276,5.42267543848224,125.557068164806,6.81499537320175e-07,2.41402943329081e-05
"15737","XR_008386996.1","LOC128614126",1.92550630994391,2.17370762692863,21.0861522246723,0.00106441065445434,0.00357112532109987
"15738","XR_008386997.1","LOC128614127",4.4114513083751,1.33773027774709,61.2379534200178,4.22721172874387e-06,7.61082793299855e-05
"15739","XR_008386999.1","LOC128614136",2.61341887465251,3.87497396873113,58.7130733563934,1.96126324914962e-05,0.000206968249525645
"15741","XR_008387003.1","LOC128614169",4.25087243023971,5.30077280644205,83.2480091921137,4.31951122202432e-06,7.71720070965797e-05
"15742","XR_008387005.1","LOC128614194",5.15140529071699,4.56573122025269,204.076898100133,7.69800116458836e-08,8.17009123082035e-06
"15743","XR_008387009.1","LOC128614194",3.28936323202134,3.23239955167336,53.5131164185651,2.95888541022704e-05,0.000272150210345201
"15744","XR_008387011.1","LOC128614194",2.42609028397022,4.12662201798939,37.9633388268431,0.000117756179632649,0.000696469505258796
"15746","XR_008387019.1","LOC128614229",2.5718514563384,2.90576939473474,54.2336659898019,2.7746885818732e-05,0.000261295280764185
"15747","XR_008387023.1","LOC128614274",1.85762220636832,2.54561845141735,23.2210069842223,0.000754894595085456,0.00274303786874149
"15754","XR_008387050.1","LOC128614459",3.18476282561937,1.28867693131773,27.9310109293522,0.000327986288755927,0.0014570367844075
"15755","XR_008387051.1","LOC128614485",2.25031556870337,3.49687958775452,30.8079463984199,0.0002655333257506,0.00124846165473445
"15764","XR_008387086.1","LOC128614693",3.15746025727463,5.38443242732438,164.077542942009,1.98399733581344e-07,1.19839361463239e-05
"15765","XR_008387088.1","tspan2a",2.43035190434104,1.27767708298979,26.753901304301,0.000444782977375731,0.00182884095447253
"15766","XR_008387089.1","LOC128614705",2.72785298648751,3.31090300649601,66.8698264250599,1.13160703028035e-05,0.000142556066974151
"15768","XR_008387092.1","tnfrsf18",4.98095726947545,3.58650863070282,183.399748407873,1.1677424182886e-07,9.17455873656245e-06
"15773","XR_008387108.1","LOC128614852",3.49805208875163,3.6092201540523,77.7072988837333,5.95192556326788e-06,9.51132981423301e-05
"15776","XR_008387117.1","cfap20dc",5.55194728131972,2.01224177594674,85.0399061785541,4.51334183099347e-07,1.85908339847639e-05
"15777","XR_008387119.1","cfap20dc",4.91244933153821,1.43166317794785,36.3886556068432,4.19190161135889e-05,0.000343413478161325
"15778","XR_008387120.1","cfap20dc",4.40476093003765,1.60306368675536,82.5843886768785,1.35092487352714e-06,3.73825159874484e-05
"15789","XR_008387173.1","LOC128615266",4.09186021658816,1.74000397483734,38.9598042357308,7.19137026538058e-05,0.000492652991349898
"15790","XR_008387174.1","LOC128615266",5.6977007030652,6.87802134516599,244.18889424239,3.10098602722762e-08,5.51634745151216e-06
"15792","XR_008387180.1","LOC128615278",1.90544131171425,4.13978060680738,17.5163751549496,0.00196856979768928,0.0058153888550467
"15797","XR_008387193.1","LOC128615356",3.10794024179234,2.45434412831638,36.1143214796239,0.00014752017571933,0.00081802079230278
"15804","XR_008387212.1","LOC128615494",1.62960149401839,2.59643748432854,17.9288611865928,0.00182843105513493,0.00547519369366202
"15809","XR_008387233.1","LOC128615632",2.86707806467066,1.59407548455727,42.3129489047752,7.46474769858605e-05,0.000503917163238995
"15811","XR_008387237.1","LOC128615636",4.17575638317681,4.46111805375835,73.0740848461494,7.7287395381583e-06,0.000111409470742392
"15813","XR_008387239.1","LOC128615638",2.63280862491944,2.17195488597331,42.2962204914037,7.88063378705679e-05,0.000523478456072529
"15822","XR_008387273.1","LOC128615779",2.11666127898732,3.50310296599632,29.9787977643586,0.000294387582257521,0.00134772233642102
"15825","XR_008387301.1","LOC128615845",1.67838218130599,4.06742440252999,31.3996148199164,0.000246544569590982,0.00118323850949861
"15826","XR_008387303.1","LOC128615868",2.98950309672215,3.11713782959186,47.141912601339,4.98099831192671e-05,0.000384651281378462
"15829","XR_008387312.1","LOC128615897",2.9274799010034,3.0345708582486,45.6423376762911,5.69096175402564e-05,0.000418602055117416
"15830","XR_008387323.1","LOC128615948",5.30221046835314,2.64672613716446,83.9759636753473,1.7066243213907e-06,4.35068260073584e-05
"15835","XR_008387391.1","LOC128616226",4.66008444572151,1.21424951866198,30.1255895306685,0.000103645881034917,0.000635778522998574
"15837","XR_008387411.1","LOC128616325",1.59242588181998,5.3879226564181,29.4941446016807,0.000312513755867555,0.00141114998046973
"15838","XR_008387413.1","LOC128616335",5.54238917835131,2.01009216553363,61.8409389938981,2.68312157597998e-06,5.80176527256322e-05
"15839","XR_008387416.1","c12h6orf136",3.33095943995398,0.934773448271675,28.5456266209291,0.000235623759897935,0.00114336853274214
"15847","XR_008387439.1","LOC128616390",2.53526562558416,2.52109713798581,28.2449944738787,0.00037348783370376,0.00160457034288653
"15851","XR_008387458.1","LOC128616572",1.83707828016959,2.40649742946905,24.1200097196241,0.000660141095878939,0.0024754144220728
"15861","XR_008387498.1","LOC128616958",1.72220740398135,2.05333489631091,21.4858137266622,0.000997140377013033,0.00340973984433607
"15866","XR_008387520.1","LOC128617124",4.59141205158544,4.82838126999461,160.667500661605,2.23172034244535e-07,1.25878358548799e-05
"15867","XR_008387522.1","LOC128617125",2.02162858179122,3.15004079396972,45.7557848312473,5.55942215171745e-05,0.000413156726058082
"15869","XR_008387541.1","LOC128617205",3.53715063761483,3.04276109088882,48.7602801415819,4.4067642208539e-05,0.000354368149367582
"15873","XR_008387547.1","LOC128617217",4.73341629906656,2.78520301978093,71.7251861917714,6.62670900905217e-06,0.000101474973750942
"15879","XR_008387567.1","LOC128617429",2.21548071427212,5.11253972149564,65.9460660771258,1.18988180195557e-05,0.00014681255038153
"15884","XR_008387580.1","LOC128617567",4.96953717182879,3.81300819385331,108.241986107465,1.38153116709506e-06,3.80343988655355e-05
"15892","XR_008387630.1","LOC128617903",4.82384523954118,3.44193657899099,113.100370316274,1.08306043850891e-06,3.27107828496423e-05
"15893","XR_008387635.1","LOC128617905",1.82854035526365,4.61257043715473,33.8669706519987,0.00018417229017923,0.000958643419106553
"15896","XR_008387647.1","LOC128617972",2.68755451353697,2.93363289373248,58.9865828997006,1.95060728082169e-05,0.000206381899751252
"15897","XR_008387654.1","brd1b",2.10921262949008,3.55422576306837,45.5691897391305,5.6442298957018e-05,0.00041625874055408
"15898","XR_008387655.1","brd1b",2.34780005074894,4.52068839486858,56.0952146300215,2.37404383504509e-05,0.000235917873552547
"15902","XR_008387689.1","LOC128618256",4.59183824613816,2.7925189441737,132.568501759885,4.30410439081043e-07,1.82020142028765e-05
"15903","XR_008387719.1","LOC128618396",3.01910903392444,3.86557118405916,114.459798363913,1.04217524248612e-06,3.20127757597064e-05
"15905","XR_008387722.1","LOC128618440",4.88687212836894,2.46363022505343,77.7784623578873,3.13869884569439e-06,6.37901892614515e-05
"15910","XR_008387766.1","LOC128618639",4.33425725160792,2.54556141296543,57.8107373339939,1.82823808360355e-05,0.000197870882471858
"15913","XR_008387779.1","LOC128618717",2.93949796527447,1.90935055672474,27.6837641890063,0.000400828546251521,0.00169150482448374
"15921","XR_008387845.1","LOC128618941",3.20030848685061,1.86032845711319,28.7252359941304,0.000339617226653038,0.00149911967069243
"15925","XR_008387859.1","LOC128619012",4.52074514207622,4.5889153165869,155.379277316294,2.62399655970463e-07,1.39269692814749e-05
"15928","XR_008387867.1","camta2",2.51235747265645,0.789237275248442,20.895129041361,0.000969312682259214,0.00333430380374249
"15929","XR_008387876.1","LOC128619089",3.36287874670966,3.65394151618691,113.296011806753,1.10448054458451e-06,3.31098723254336e-05
"15933","XR_008387896.1","LOC128619189",4.5837320249828,1.75563316049229,51.5517019115978,1.38932343759479e-05,0.000163923963613589
"15934","XR_008387899.1","LOC128619204",3.05558567460819,1.04577009385315,23.3546874986332,0.000612398276894367,0.00232930058890179
"15935","XR_008387900.1","LOC128619203",4.36062547516447,4.59267978636034,168.198243443145,1.80679992184842e-07,1.13807304026779e-05
"15936","XR_008387901.1","LOC128619209",2.15772484637377,2.09321644915999,24.7568626571324,0.00060699298401087,0.00231472377506902
"15937","XR_008387902.1","LOC128619215",3.6744680423231,1.19813850587863,56.4820295412206,1.15841977804732e-05,0.000144240670301398
"15945","XR_008387935.1","LOC128619376",4.29743538556491,1.24512388914715,59.2188573111208,5.04047376192023e-06,8.51724313757461e-05
"15947","XR_008387945.1","LOC128619487",4.76342352101074,1.30905263038648,51.2602018974015,7.34027223990047e-06,0.000107988668302424
"15953","XR_008387969.1","LOC128619647",5.02858146210089,4.38002306730745,81.6030093869795,4.92710674928569e-06,8.37815168670554e-05
"15954","XR_008387971.1","LOC128619665",2.19625364759747,3.47508810513125,29.9938534406311,0.000293903710024645,0.00134664966257542
"15956","XR_008387983.1","LOC128619708",1.61823275958669,5.20243404162026,37.8206809978768,0.000119386660502316,0.000703030651222803
"15958","XR_008387996.1","LOC128619755",3.98895400239056,5.36756776758244,138.368988699944,4.36416193804345e-07,1.83023454541573e-05
"15961","XR_008388014.1","LOC128619836",4.44848694832189,2.65975773720495,100.150916845381,1.57888803635176e-06,4.1290855464398e-05
"15962","XR_008388016.1","slco4a1",4.10615727706899,3.39299199162591,56.2868088499863,2.43223177173063e-05,0.0002383305679489
"15970","XR_008388080.1","LOC128620105",3.15969475183392,1.28099666488744,48.8968070767686,3.3322021919391e-05,0.000297691440856017
"15983","XR_008388134.1","tbc1d10ab",2.02259882741521,2.23378243559606,22.5780849961183,0.000838743510016714,0.00297102405692573
"15990","XR_008388145.1","LOC128620435",1.78351256948217,2.42758457835326,18.9294082139081,0.00152941199305612,0.00475477652075906
"15994","XR_008388170.1","LOC128620647",3.88603412167175,1.16043719092834,41.808106272393,3.7439530720317e-05,0.000320672552010842
"16002","XR_008388203.1","trmt9b",3.32788932884501,3.48156271537507,56.4070485381616,2.35632951009606e-05,0.000234878461264994
"16003","XR_008388204.1","LOC128620995",1.9425600918806,2.41888352048018,19.0235619516076,0.00150602979198191,0.00470013693321826
"16005","XR_008388213.1","LOC128621001",3.24033152492892,2.98195853381684,40.6086790807377,9.21134009448508e-05,0.000583130596247707
"16006","XR_008388216.1","LOC128621001",3.42814900640063,1.75794168071263,62.1359514543135,1.34397563573809e-05,0.000159972629348002
"16012","XR_008388226.1","LOC128621105",3.28009411363698,2.48320804394269,49.807681393804,4.04263066744798e-05,0.000335772730860174
"16013","XR_008388227.1","LOC128621105",2.11089051284375,1.34070794442345,17.9227336678174,0.00184783897750193,0.00552100726611319
"16016","XR_008388232.1","LOC128621181",4.0871672206525,6.38617990647684,225.454041397348,4.49812768351282e-08,6.57565059922325e-06
"16023","XR_008388260.1","LOC128621323",3.31393090458494,2.58165362693889,54.4219835685144,2.80117612227269e-05,0.000262171955332285
"16027","XR_008388277.1","LOC128621442",3.62882766597391,2.72552674609379,50.3805625753834,3.84710054485358e-05,0.000327945569352764
"16033","XR_008388314.1","LOC128621781",6.70452154075275,1.88488722379749,60.455287770816,1.01548507029473e-05,0.000131825760368333
"16034","XR_008388315.1","LOC128621781",5.66520899827964,4.49321051996074,141.992661634271,4.032674888854e-07,1.7408250960205e-05
"16037","XR_008388320.1","gtf3c2",2.63826985895082,0.889534896596434,19.1749086242297,0.00131122734643312,0.00420819751864778
"16040","XR_008388326.1","LOC128621882",2.33238418030309,5.08268865772449,100.784552055407,1.83726868518857e-06,4.60397917582547e-05
"16046","XR_008388342.1","LOC128621976",4.25490895168709,5.81546560121806,188.945493695258,1.03080632829064e-07,8.91435783832918e-06
"16051","XR_008388352.1","LOC128622131",4.26869480417026,4.80398150630419,251.215119350725,2.74183565699479e-08,5.48545753464729e-06
"16052","XR_008388353.1","LOC128622132",3.19442622751308,0.821249611345795,25.1790122283376,0.000389585253314557,0.00165745232080317
"16055","XR_008388359.1","LOC128622166",2.63440089892944,4.47374486234347,50.7812653241021,3.60465178683694e-05,0.000313215797774108
"16056","XR_008388362.1","LOC128622194",3.0529330929775,7.26368843621804,116.874434813244,9.404830992674e-07,2.97354304901185e-05
"16061","XR_008388372.1","LOC128622273",2.07793752185902,4.44830915996952,47.3786848554257,4.80155048367387e-05,0.000374770970249338
"16062","XR_008388373.1","LOC128622273",2.18774431014246,2.42590706534059,32.7861456790142,0.000211657670089433,0.00105910438060544
"16066","XR_008388383.1","LOC128622354",2.71569762281235,4.52800804552237,98.560394114626,2.0334105581217e-06,4.92767217288535e-05
"16067","XR_008388396.1","LOC128622411",5.28174428540212,3.00745602934608,107.420836852343,8.04861505933795e-07,2.68088437408565e-05
"16068","XR_008388397.1","xrra1",2.30755507410651,0.769079797216571,18.4029466056381,0.00155881410282905,0.00482671818986163
"16070","XR_008388399.1","cfap53",4.76143292500254,2.67352926781966,64.2479261324762,9.95812860345731e-06,0.000130422480447222
"16077","XR_008388435.1","LOC128622603",4.82075135545058,1.70353061661091,55.4019005340412,7.08748181961689e-06,0.000105572004039913
"16080","XR_008388439.1","LOC128622715",2.45374399676874,2.4246674077145,21.7865626721076,0.000952441023973598,0.00328550663209001
"16081","XR_008388444.1","LOC128622763",1.88982827091445,1.75721016839921,20.4901496007268,0.00118269478047155,0.00387168111350322
"16082","XR_008388453.1","LOC128622852",3.66527876808892,2.54246822643108,52.9400142015984,3.08326211278699e-05,0.000281035175010111
"16087","XR_008388459.1","LOC128622895",5.56812479776836,8.28901848569561,428.735724607672,2.12529515284626e-09,3.69081115879312e-06
"16090","XR_008388481.1","LOC128622961",3.71758166347043,4.49236094538831,132.433752505706,5.36348848095777e-07,2.07713281171637e-05
"16091","XR_008388482.1","LOC128622961",3.17280801157673,5.36581370527741,128.014404359141,6.21906799854398e-07,2.2983571722293e-05
"16100","XR_008388523.1","cped1",2.66453898452425,2.90718891431571,60.0903232238741,1.80333340159299e-05,0.00019565925673584
"16101","XR_008388532.1","LOC128623113",2.93971103709204,2.68380372361967,44.4824768423442,6.38881059329266e-05,0.000453605552123779
"16104","XR_008388539.1","LOC128623198",4.65013978925434,2.85218597266122,72.7423054833985,6.70192395498897e-06,0.000102132158149152
"16107","XR_008388548.1","LOC128623245",3.3584786012454,1.57121736844248,37.9960012469639,0.000101929806621424,0.000628826108836744
"16112","XR_008388577.1","LOC128623413",4.42485437313007,4.20714931804741,221.008219954061,5.19668013448207e-08,6.72990864135966e-06
"16115","XR_008388582.1","dyrk2",2.58580227509483,7.24592292515551,81.480622976122,4.72978909379638e-06,8.17458821567116e-05
"16117","XR_008388586.1","LOC128623473",3.06154023075971,3.29741990855094,54.1162149027673,2.80093325959028e-05,0.000262171955332285
"16121","XR_008388614.1","LOC128623624",5.90449841285859,3.22040235806518,113.797730909752,3.7223394705626e-07,1.6687489116959e-05
"16123","XR_008388637.1","LOC128623734",4.49631480926075,2.28570927696479,55.7866118984796,1.69389011828837e-05,0.000187684416391869
"16140","XR_008388738.1","LOC128624254",2.46833238811714,2.86817526301805,54.9594542802205,2.62097248429499e-05,0.000251949540236148
"16142","XR_008388751.1","LOC128624340",4.28976022693867,3.46283018440292,33.2217989636613,0.000203762812396486,0.00103046310748963
"16144","XR_008388756.1","LOC128624373",4.24474287079418,4.41668307769131,150.16487315583,3.05838142162434e-07,1.49689384599871e-05
"16145","XR_008388766.1","ift80",2.59943002301565,2.66667633079036,34.5366858251569,0.000173443418032293,0.000916052871486708
"16148","XR_008388772.1","LOC128624478",1.67617367588888,2.23227139660004,16.8472433796015,0.00224692825212549,0.00646061714838499
"16151","XR_008388784.1","LOC128624539",2.77851626615798,2.47791482815555,32.0046214919995,0.000234398967113658,0.00114050209787673
"16157","XR_008388850.1","LOC128624773",1.70074954045283,3.11975910004064,26.2422275913435,0.000483486921325505,0.00194210577727476
"16159","XR_008388855.1","LOC128624783",1.87539848478407,3.48827220535092,40.4779930411704,9.12127686539459e-05,0.0005794946228297
"16161","XR_008388862.1","LOC128624926",3.94674947843144,4.99454472090895,96.3497521180703,2.25662048099725e-06,5.27892663965079e-05
"16162","XR_008388870.1","kif17",3.8183983614678,1.32161911592771,21.1841496741935,0.000756637277674109,0.00274628794865212
"16163","XR_008388871.1","LOC128624997",2.37338042758742,3.97491922367814,53.5863837171637,2.88117583472699e-05,0.000266516996643203
"16165","XR_008388874.1","cfap70",4.90294447250451,1.76727976884248,60.2185212604346,4.5889680723778e-06,8.05934304928819e-05
"16168","XR_008388898.1","atp2b2",2.78305801274904,6.1354991275774,72.0920886144388,8.08722602437529e-06,0.000114542550254735
"16169","XR_008388902.1","LOC128625220",6.41573298556734,2.82717750674024,124.749427433792,4.83384248398546e-08,6.57565059922325e-06
"16170","XR_008388923.1","LOC128625367",3.99611052905359,4.95766012132467,130.670569015593,5.68904991058214e-07,2.16623056648237e-05
"16171","XR_008388924.1","LOC128625368",1.60207062945343,1.50265126488912,15.2063525023611,0.00313820332861261,0.00850087608493656
"16173","XR_008388927.1","LOC128625381",3.45683438416635,5.67026933088064,277.18105406228,1.69796064913201e-08,4.76668285650951e-06
"16175","XR_008388937.1","LOC128625413",3.37854179834048,3.00268621809213,41.9118794758553,8.13684187444608e-05,0.000535879561690534
"16178","XR_008388946.1","LOC128625457",1.86644549559891,2.33719364089286,21.5160347725559,0.000989342050800921,0.00339095259757894
"16179","XR_008388957.1","LOC128625501",2.47642916101462,1.19332198939234,15.2714640464379,0.0030046880117347,0.00820372567616146
"16183","XR_008388973.1","LOC128625586",2.24324269320923,7.01066684764969,87.2648708763959,3.49252665518346e-06,6.7599287717394e-05
"16186","XR_008388976.1","LOC128625595",3.59799411359772,3.65483712322471,87.229805625252,3.58519289429308e-06,6.84399794490758e-05
